Starting complete n=5 APN permutation search
n=5: 20.0s, 33964032 attempts, 385273 affine nodes, 0 representatives; [0, 1, 2, 4, 3, 6, 7, 8, 5, 9, 16, 10, 27, 18, 26, 29, 12, 28, 17, 14, None, None, None, None, None, None, None, None, None, None, None, None]
n=5: 40.0s, 67928064 attempts, 597308 affine nodes, 0 representatives; [0, 1, 2, 4, 3, 6, 7, 8, 5, 9, 16, 23, 13, 28, 10, 29, 17, 21, 27, None, None, None, None, None, None, None, None, None, None, None, None, None]
n=5: 60.0s, 101646336 attempts, 830499 affine nodes, 0 representatives; [0, 1, 2, 4, 3, 6, 7, 8, 5, 9, 16, 29, 24, 19, 25, 12, 20, 23, 13, 17, 28, None, None, None, None, None, None, None, None, None, None, None]
n=5: 80.0s, 135757824 attempts, 1098556 affine nodes, 0 representatives; [0, 1, 2, 4, 3, 6, 7, 8, 5, 11, 16, 18, 19, 13, 27, 28, 9, None, None, None, None, None, None, None, None, None, None, None, None, None, None, None]
n=5: 100.0s, 169410560 attempts, 1361010 affine nodes, 0 representatives; [0, 1, 2, 4, 3, 6, 7, 8, 5, 11, 16, 26, 22, 18, 31, 14, 17, 13, 23, None, None, None, None, None, None, None, None, None, None, None, None, None]
n=5: 120.0s, 203145216 attempts, 1620078 affine nodes, 0 representatives; [0, 1, 2, 4, 3, 6, 7, 8, 5, 16, 18, 28, 17, 24, 15, 11, 22, 27, 10, 13, None, None, None, None, None, None, None, None, None, None, None, None]
n=5: 140.0s, 237027328 attempts, 2006060 affine nodes, 0 representatives; [0, 1, 2, 4, 3, 6, 7, 8, 9, 10, 15, 16, 21, 12, 20, 31, 14, 18, 26, 29, None, None, None, None, None, None, None, None, None, None, None, None]
n=5: 160.0s, 270876672 attempts, 2231472 affine nodes, 0 representatives; [0, 1, 2, 4, 3, 6, 7, 8, 9, 10, 16, 23, 13, 31, 18, 5, 19, 27, 30, 26, None, None, None, None, None, None, None, None, None, None, None, None]
n=5: 180.0s, 304447488 attempts, 2511785 affine nodes, 0 representatives; [0, 1, 2, 4, 3, 6, 7, 8, 9, 10, 16, 29, 31, 17, 24, 12, 30, 26, 20, 28, None, None, None, None, None, None, None, None, None, None, None, None]
n=5: 200.0s, 337920000 attempts, 2891849 affine nodes, 0 representatives; [0, 1, 2, 4, 3, 6, 7, 8, 9, 13, 15, 16, 18, 5, 17, 29, 27, 22, 14, None, None, None, None, None, None, None, None, None, None, None, None, None]
n=5: 220.1s, 372080640 attempts, 3253658 affine nodes, 0 representatives; [0, 1, 2, 4, 3, 6, 7, 8, 9, 16, 14, 17, 28, 12, 26, 19, 5, 25, 10, 20, None, None, None, None, None, None, None, None, None, None, None, None]
n=5: 240.1s, 406077440 attempts, 3449796 affine nodes, 0 representatives; [0, 1, 2, 4, 3, 6, 7, 8, 9, 16, 14, 27, 25, 13, 10, 21, 11, None, None, None, None, None, None, None, None, None, None, None, None, None, None, None]
n=5: 260.1s, 439894016 attempts, 3938120 affine nodes, 0 representatives; [0, 1, 2, 4, 3, 6, 7, 8, 9, 16, 21, 17, 27, 12, 28, 10, 13, 14, 20, 19, None, None, None, None, None, None, None, None, None, None, None, None]
n=5: 280.1s, 473874432 attempts, 4321707 affine nodes, 0 representatives; [0, 1, 2, 4, 3, 6, 7, 8, 9, 16, 23, 26, 17, 5, 10, 28, 12, 25, 27, None, None, None, None, None, None, None, None, None, None, None, None, None]
n=5: 300.1s, 507805696 attempts, 4685497 affine nodes, 0 representatives; [0, 1, 2, 4, 3, 6, 7, 8, 9, 16, 25, 27, 17, 24, 15, 20, 22, 26, 28, None, None, None, None, None, None, None, None, None, None, None, None, None]
n=5: 320.1s, 541622272 attempts, 5095396 affine nodes, 0 representatives; [0, 1, 2, 4, 3, 6, 7, 8, 9, 16, 29, 23, 24, 5, 10, 22, 13, 19, 17, None, None, None, None, None, None, None, None, None, None, None, None, None]
n=5: 340.1s, 575455232 attempts, 5497394 affine nodes, 0 representatives; [0, 1, 2, 4, 3, 6, 7, 8, 9, 16, 31, 29, 23, 13, 17, 10, 19, 11, 18, 21, None, None, None, None, None, None, None, None, None, None, None, None]
n=5: 360.1s, 609386496 attempts, 5795074 affine nodes, 0 representatives; [0, 1, 2, 4, 3, 6, 8, 10, 5, 9, 11, 15, 7, 18, 20, 29, 13, 31, 12, 21, None, None, None, None, None, None, None, None, None, None, None, None]
n=5: 380.1s, 644661248 attempts, 5937200 affine nodes, 0 representatives; [0, 1, 2, 4, 3, 6, 8, 10, 5, 9, 15, 7, 12, 21, 24, 19, 11, 28, 16, None, None, None, None, None, None, None, None, None, None, None, None, None]
n=5: 400.1s, 679313408 attempts, 6088123 affine nodes, 0 representatives; [0, 1, 2, 4, 3, 6, 8, 10, 5, 9, 16, 13, 29, 19, 18, 27, 23, 12, 11, None, None, None, None, None, None, None, None, None, None, None, None, None]
n=5: 420.1s, 713949184 attempts, 6198926 affine nodes, 0 representatives; [0, 1, 2, 4, 3, 6, 8, 10, 5, 9, 16, 15, 29, 11, 21, 26, 24, 22, None, None, None, None, None, None, None, None, None, None, None, None, None, None]
n=5: 440.1s, 748306432 attempts, 6355233 affine nodes, 0 representatives; [0, 1, 2, 4, 3, 6, 8, 10, 5, 9, 16, 24, 14, 28, 17, 26, 23, 29, 22, None, None, None, None, None, None, None, None, None, None, None, None, None]
n=5: 460.1s, 782581760 attempts, 6492444 affine nodes, 0 representatives; [0, 1, 2, 4, 3, 6, 8, 10, 5, 9, 16, 27, 13, 30, 22, 31, 7, 29, 23, 12, None, None, None, None, None, None, None, None, None, None, None, None]
n=5: 480.1s, 816807936 attempts, 6671194 affine nodes, 0 representatives; [0, 1, 2, 4, 3, 6, 8, 10, 5, 11, 12, 15, 16, 31, 19, 24, 20, 7, 21, 9, None, None, None, None, None, None, None, None, None, None, None, None]
n=5: 500.1s, 851230720 attempts, 6853867 affine nodes, 0 representatives; [0, 1, 2, 4, 3, 6, 8, 10, 5, 11, 16, 23, 25, 18, 29, 17, 12, 20, None, None, None, None, None, None, None, None, None, None, None, None, None, None]
n=5: 520.1s, 885391360 attempts, 7026579 affine nodes, 0 representatives; [0, 1, 2, 4, 3, 6, 8, 10, 5, 11, 16, 28, 19, 14, 18, 21, 27, 13, 24, None, None, None, None, None, None, None, None, None, None, None, None, None]
n=5: 540.1s, 919486464 attempts, 7312573 affine nodes, 0 representatives; [0, 1, 2, 4, 3, 6, 8, 10, 5, 16, 11, 23, 20, 14, 29, 19, 26, 17, 30, None, None, None, None, None, None, None, None, None, None, None, None, None]
n=5: 560.1s, 953548800 attempts, 7597346 affine nodes, 0 representatives; [0, 1, 2, 4, 3, 6, 8, 10, 5, 16, 12, 22, 21, 18, 9, 13, 27, 15, None, None, None, None, None, None, None, None, None, None, None, None, None, None]
n=5: 580.1s, 987643904 attempts, 7794057 affine nodes, 0 representatives; [0, 1, 2, 4, 3, 6, 8, 10, 5, 16, 12, 31, 26, 22, 30, 7, 28, 13, 15, None, None, None, None, None, None, None, None, None, None, None, None, None]
n=5: 600.1s, 1022083072 attempts, 8081706 affine nodes, 0 representatives; [0, 1, 2, 4, 3, 6, 8, 10, 5, 16, 17, 24, 27, 12, 28, 13, 23, 29, None, None, None, None, None, None, None, None, None, None, None, None, None, None]
n=5: 620.1s, 1056243712 attempts, 8344604 affine nodes, 0 representatives; [0, 1, 2, 4, 3, 6, 8, 10, 5, 16, 18, 13, 21, 14, 9, 31, 12, 20, 25, None, None, None, None, None, None, None, None, None, None, None, None, None]
n=5: 640.1s, 1090830336 attempts, 8581749 affine nodes, 0 representatives; [0, 1, 2, 4, 3, 6, 8, 10, 5, 16, 18, 24, 30, 12, 19, 13, 22, 9, 25, None, None, None, None, None, None, None, None, None, None, None, None, None]
n=5: 660.1s, 1125089280 attempts, 8846184 affine nodes, 0 representatives; [0, 1, 2, 4, 3, 6, 8, 10, 5, 16, 21, 9, 31, 12, 17, 30, 19, None, None, None, None, None, None, None, None, None, None, None, None, None, None, None]
n=5: 680.2s, 1159397376 attempts, 9198119 affine nodes, 0 representatives; [0, 1, 2, 4, 3, 6, 8, 10, 5, 16, 21, 31, 17, 22, 9, 30, 13, 19, 14, None, None, None, None, None, None, None, None, None, None, None, None, None]
n=5: 700.2s, 1193689088 attempts, 9472337 affine nodes, 0 representatives; [0, 1, 2, 4, 3, 6, 8, 10, 5, 16, 22, 25, 27, 11, 19, 13, 29, 9, 18, None, None, None, None, None, None, None, None, None, None, None, None, None]
n=5: 720.2s, 1227751424 attempts, 9696188 affine nodes, 0 representatives; [0, 1, 2, 4, 3, 6, 8, 10, 5, 16, 23, 9, 27, 18, 12, 19, 15, 7, 20, None, None, None, None, None, None, None, None, None, None, None, None, None]
n=5: 740.2s, 1262108672 attempts, 9864145 affine nodes, 0 representatives; [0, 1, 2, 4, 3, 6, 8, 10, 5, 16, 23, 19, 30, 12, 24, 11, 13, 14, 21, 26, None, None, None, None, None, None, None, None, None, None, None, None]
n=5: 760.2s, 1296465920 attempts, 10036642 affine nodes, 0 representatives; [0, 1, 2, 4, 3, 6, 8, 10, 5, 16, 23, 29, 12, 27, 19, 13, 15, 28, 17, None, None, None, None, None, None, None, None, None, None, None, None, None]
n=5: 780.2s, 1330626560 attempts, 10232272 affine nodes, 0 representatives; [0, 1, 2, 4, 3, 6, 8, 10, 5, 16, 24, 14, 27, 20, 11, 25, 28, 18, 29, 7, None, None, None, None, None, None, None, None, None, None, None, None]
n=5: 800.2s, 1364754432 attempts, 10452219 affine nodes, 0 representatives; [0, 1, 2, 4, 3, 6, 8, 10, 5, 16, 24, 23, 27, 12, 29, 13, 14, 26, None, None, None, None, None, None, None, None, None, None, None, None, None, None]
n=5: 820.2s, 1398767616 attempts, 10636747 affine nodes, 0 representatives; [0, 1, 2, 4, 3, 6, 8, 10, 5, 16, 26, 17, 19, 31, 15, 21, 23, 30, 9, None, None, None, None, None, None, None, None, None, None, None, None, None]
n=5: 840.2s, 1432895488 attempts, 10812716 affine nodes, 0 representatives; [0, 1, 2, 4, 3, 6, 8, 10, 5, 16, 26, 25, 31, 21, 15, 20, 13, 23, None, None, None, None, None, None, None, None, None, None, None, None, None, None]
n=5: 860.2s, 1466925056 attempts, 11046578 affine nodes, 0 representatives; [0, 1, 2, 4, 3, 6, 8, 10, 5, 16, 27, 20, 21, 29, 31, 11, 17, 12, 13, 28, None, None, None, None, None, None, None, None, None, None, None, None]
n=5: 880.2s, 1500971008 attempts, 11318199 affine nodes, 0 representatives; [0, 1, 2, 4, 3, 6, 8, 10, 5, 16, 28, 20, 21, 17, 19, 7, 18, 11, 31, None, None, None, None, None, None, None, None, None, None, None, None, None]
n=5: 900.2s, 1535246336 attempts, 11574819 affine nodes, 0 representatives; [0, 1, 2, 4, 3, 6, 8, 10, 5, 16, 29, 14, 13, 27, 28, 19, 15, 22, 20, 23, None, None, None, None, None, None, None, None, None, None, None, None]
n=5: 920.2s, 1569423360 attempts, 11834651 affine nodes, 0 representatives; [0, 1, 2, 4, 3, 6, 8, 10, 5, 16, 29, 23, 12, 17, 15, 28, 9, 13, 25, None, None, None, None, None, None, None, None, None, None, None, None, None]
n=5: 940.2s, 1603633152 attempts, 12125950 affine nodes, 0 representatives; [0, 1, 2, 4, 3, 6, 8, 10, 5, 16, 31, 15, 25, 11, 22, 28, 29, 20, 19, None, None, None, None, None, None, None, None, None, None, None, None, None]
n=5: 960.2s, 1637924864 attempts, 12362050 affine nodes, 0 representatives; [0, 1, 2, 4, 3, 6, 8, 10, 5, 16, 31, 24, 27, 12, 22, 30, 7, 11, 19, None, None, None, None, None, None, None, None, None, None, None, None, None]
n=5: 980.2s, 1672462336 attempts, 12524422 affine nodes, 0 representatives; [0, 1, 2, 4, 3, 6, 8, 10, 16, 19, 22, 29, 28, 12, 13, 5, 7, 14, 27, 20, None, None, None, None, None, None, None, None, None, None, None, None]
n=5: 1000.2s, 1707212800 attempts, 12721027 affine nodes, 0 representatives; [0, 1, 2, 4, 3, 6, 8, 11, 5, 7, 12, 16, 26, 23, 9, 24, 13, 10, 21, None, None, None, None, None, None, None, None, None, None, None, None, None]
n=5: 1020.2s, 1742061568 attempts, 12858655 affine nodes, 0 representatives; [0, 1, 2, 4, 3, 6, 8, 11, 5, 7, 16, 14, 25, 19, 17, 21, 22, 9, 23, None, None, None, None, None, None, None, None, None, None, None, None, None]
n=5: 1040.2s, 1776877568 attempts, 13064731 affine nodes, 0 representatives; [0, 1, 2, 4, 3, 6, 8, 11, 5, 7, 16, 26, 22, 15, 18, 27, 17, 10, 13, None, None, None, None, None, None, None, None, None, None, None, None, None]
n=5: 1060.2s, 1811611648 attempts, 13268288 affine nodes, 0 representatives; [0, 1, 2, 4, 3, 6, 8, 11, 5, 9, 12, 16, 19, 25, 27, 15, 17, 24, 14, None, None, None, None, None, None, None, None, None, None, None, None, None]
n=5: 1080.2s, 1846214656 attempts, 13384462 affine nodes, 0 representatives; [0, 1, 2, 4, 3, 6, 8, 11, 5, 9, 16, 7, 23, 26, 12, 30, 18, 15, 10, 25, None, None, None, None, None, None, None, None, None, None, None, None]
n=5: 1100.3s, 1880801280 attempts, 13500960 affine nodes, 0 representatives; [0, 1, 2, 4, 3, 6, 8, 11, 5, 9, 16, 14, 28, 18, 20, 27, 10, 22, 12, 26, None, None, None, None, None, None, None, None, None, None, None, None]
n=5: 1120.3s, 1915387904 attempts, 13631162 affine nodes, 0 representatives; [0, 1, 2, 4, 3, 6, 8, 11, 5, 9, 16, 20, 21, 13, 27, 7, 30, 10, 15, 25, None, None, None, None, None, None, None, None, None, None, None, None]
n=5: 1140.3s, 1949728768 attempts, 13781468 affine nodes, 0 representatives; [0, 1, 2, 4, 3, 6, 8, 11, 5, 9, 16, 25, 23, 29, 22, 10, 30, 19, 12, None, None, None, None, None, None, None, None, None, None, None, None, None]
n=5: 1160.3s, 1984069632 attempts, 13928198 affine nodes, 0 representatives; [0, 1, 2, 4, 3, 6, 8, 11, 5, 9, 16, 29, 30, 13, 12, 19, 15, 26, 22, 28, None, None, None, None, None, None, None, None, None, None, None, None]
n=5: 1180.3s, 2018557952 attempts, 14060443 affine nodes, 0 representatives; [0, 1, 2, 4, 3, 6, 8, 11, 5, 10, 12, 16, 22, 31, 24, 13, 30, 21, 25, 17, None, None, None, None, None, None, None, None, None, None, None, None]
n=5: 1200.3s, 2053341184 attempts, 14164485 affine nodes, 0 representatives; [0, 1, 2, 4, 3, 6, 8, 11, 5, 10, 15, 16, 21, 27, 26, 18, 9, 14, None, None, None, None, None, None, None, None, None, None, None, None, None, None]
n=5: 1220.3s, 2087796736 attempts, 14267886 affine nodes, 0 representatives; [0, 1, 2, 4, 3, 6, 8, 11, 5, 10, 16, 12, 21, 24, 20, 9, 30, 22, None, None, None, None, None, None, None, None, None, None, None, None, None, None]
n=5: 1240.3s, 2122268672 attempts, 14409097 affine nodes, 0 representatives; [0, 1, 2, 4, 3, 6, 8, 11, 5, 10, 16, 20, 14, 31, 21, 24, 7, 26, 23, None, None, None, None, None, None, None, None, None, None, None, None, None]
n=5: 1260.3s, 2156593152 attempts, 14559859 affine nodes, 0 representatives; [0, 1, 2, 4, 3, 6, 8, 11, 5, 10, 16, 25, 22, 28, 12, 7, 15, 13, None, None, None, None, None, None, None, None, None, None, None, None, None, None]
n=5: 1280.3s, 2190835712 attempts, 14691688 affine nodes, 0 representatives; [0, 1, 2, 4, 3, 6, 8, 11, 5, 10, 16, 28, 19, 24, 25, 30, 7, 29, 14, None, None, None, None, None, None, None, None, None, None, None, None, None]
n=5: 1300.3s, 2225127424 attempts, 14866554 affine nodes, 0 representatives; [0, 1, 2, 4, 3, 6, 8, 11, 5, 12, 10, 16, 13, 19, 31, 18, 9, 27, 7, None, None, None, None, None, None, None, None, None, None, None, None, None]
n=5: 1320.3s, 2259910656 attempts, 14984606 affine nodes, 0 representatives; [0, 1, 2, 4, 3, 6, 8, 11, 5, 12, 16, 10, 21, 14, 17, 31, 27, 28, 13, None, None, None, None, None, None, None, None, None, None, None, None, None]
n=5: 1340.3s, 2294628352 attempts, 15071453 affine nodes, 0 representatives; [0, 1, 2, 4, 3, 6, 8, 11, 5, 12, 16, 15, 31, 21, 24, 26, 28, 17, 22, 10, None, None, None, None, None, None, None, None, None, None, None, None]
n=5: 1360.3s, 2329100288 attempts, 15217474 affine nodes, 0 representatives; [0, 1, 2, 4, 3, 6, 8, 11, 5, 12, 16, 24, 22, 28, 21, 7, 25, 23, 17, 19, None, None, None, None, None, None, None, None, None, None, None, None]
n=5: 1380.3s, 2363457536 attempts, 15333566 affine nodes, 0 representatives; [0, 1, 2, 4, 3, 6, 8, 11, 5, 12, 16, 28, 9, 31, 10, 23, 29, 14, 15, 17, None, None, None, None, None, None, None, None, None, None, None, None]
n=5: 1400.3s, 2397880320 attempts, 15476270 affine nodes, 0 representatives; [0, 1, 2, 4, 3, 6, 8, 11, 5, 12, 16, 31, 28, 10, 18, 30, 25, 14, 26, 9, None, None, None, None, None, None, None, None, None, None, None, None]
n=5: 1420.3s, 2432614400 attempts, 15617723 affine nodes, 0 representatives; [0, 1, 2, 4, 3, 6, 8, 11, 5, 13, 15, 16, 18, 21, 20, 10, 9, 24, None, None, None, None, None, None, None, None, None, None, None, None, None, None]
n=5: 1440.3s, 2467135488 attempts, 15766689 affine nodes, 0 representatives; [0, 1, 2, 4, 3, 6, 8, 11, 5, 13, 16, 10, 9, 30, 24, 23, 21, 14, 17, None, None, None, None, None, None, None, None, None, None, None, None, None]
n=5: 1460.3s, 2501656576 attempts, 15984811 affine nodes, 0 representatives; [0, 1, 2, 4, 3, 6, 8, 11, 5, 13, 16, 23, 22, 15, 14, 19, 17, 28, None, None, None, None, None, None, None, None, None, None, None, None, None, None]
n=5: 1480.3s, 2536423424 attempts, 16240690 affine nodes, 0 representatives; [0, 1, 2, 4, 3, 6, 8, 11, 5, 13, 16, 31, 7, 18, 20, 10, 9, 29, 23, 30, None, None, None, None, None, None, None, None, None, None, None, None]
n=5: 1500.4s, 2571075584 attempts, 16376486 affine nodes, 0 representatives; [0, 1, 2, 4, 3, 6, 8, 11, 5, 14, 12, 16, 31, 22, 23, 25, 13, 24, 17, None, None, None, None, None, None, None, None, None, None, None, None, None]
n=5: 1520.4s, 2605760512 attempts, 16515945 affine nodes, 0 representatives; [0, 1, 2, 4, 3, 6, 8, 11, 5, 14, 16, 9, 28, 21, 18, 13, 17, 22, 25, 12, None, None, None, None, None, None, None, None, None, None, None, None]
n=5: 1540.4s, 2640429056 attempts, 16654509 affine nodes, 0 representatives; [0, 1, 2, 4, 3, 6, 8, 11, 5, 14, 16, 18, 28, 22, 29, 9, 12, 25, 27, None, None, None, None, None, None, None, None, None, None, None, None, None]
n=5: 1560.4s, 2675048448 attempts, 16870685 affine nodes, 0 representatives; [0, 1, 2, 4, 3, 6, 8, 11, 5, 14, 16, 28, 13, 19, 18, 29, 27, 21, 7, None, None, None, None, None, None, None, None, None, None, None, None, None]
n=5: 1580.4s, 2709700608 attempts, 17074105 affine nodes, 0 representatives; [0, 1, 2, 4, 3, 6, 8, 11, 5, 15, 10, 16, 31, 20, 12, 24, 29, 13, 27, None, None, None, None, None, None, None, None, None, None, None, None, None]
n=5: 1600.4s, 2744369152 attempts, 17179687 affine nodes, 0 representatives; [0, 1, 2, 4, 3, 6, 8, 11, 5, 15, 16, 9, 7, 26, 14, 29, 13, 22, None, None, None, None, None, None, None, None, None, None, None, None, None, None]
n=5: 1620.4s, 2779070464 attempts, 17284505 affine nodes, 0 representatives; [0, 1, 2, 4, 3, 6, 8, 11, 5, 15, 16, 14, 19, 28, 9, 21, 12, 20, 29, 13, None, None, None, None, None, None, None, None, None, None, None, None]
n=5: 1640.4s, 2813657088 attempts, 17439824 affine nodes, 0 representatives; [0, 1, 2, 4, 3, 6, 8, 11, 5, 15, 16, 23, 29, 17, 28, 10, 12, 21, 31, None, None, None, None, None, None, None, None, None, None, None, None, None]
n=5: 1660.4s, 2848030720 attempts, 17574922 affine nodes, 0 representatives; [0, 1, 2, 4, 3, 6, 8, 11, 5, 15, 16, 27, 30, 13, 17, 31, 29, 12, 7, 26, None, None, None, None, None, None, None, None, None, None, None, None]
n=5: 1680.4s, 2882453504 attempts, 17724508 affine nodes, 0 representatives; [0, 1, 2, 4, 3, 6, 8, 11, 5, 15, 16, 31, 25, 14, 24, 10, 7, 19, 30, None, None, None, None, None, None, None, None, None, None, None, None, None]
n=5: 1700.4s, 2916532224 attempts, 17987266 affine nodes, 0 representatives; [0, 1, 2, 4, 3, 6, 8, 11, 5, 16, 9, 24, 27, 20, 21, 7, 14, 26, 23, 30, None, None, None, None, None, None, None, None, None, None, None, None]
n=5: 1720.4s, 2950660096 attempts, 18276988 affine nodes, 0 representatives; [0, 1, 2, 4, 3, 6, 8, 11, 5, 16, 10, 20, 30, 25, 12, 31, 29, 23, 21, None, None, None, None, None, None, None, None, None, None, None, None, None]
n=5: 1740.4s, 2984820736 attempts, 18504112 affine nodes, 0 representatives; [0, 1, 2, 4, 3, 6, 8, 11, 5, 16, 10, 30, 24, 17, 14, 21, 7, 31, 29, None, None, None, None, None, None, None, None, None, None, None, None, None]
n=5: 1760.4s, 3019325440 attempts, 18649259 affine nodes, 0 representatives; [0, 1, 2, 4, 3, 6, 8, 11, 5, 16, 12, 20, 24, 17, 9, 25, 14, 26, None, None, None, None, None, None, None, None, None, None, None, None, None, None]
n=5: 1780.4s, 3053862912 attempts, 18781087 affine nodes, 0 representatives; [0, 1, 2, 4, 3, 6, 8, 11, 5, 16, 12, 26, 20, 28, 10, 13, 7, 9, 29, 14, None, None, None, None, None, None, None, None, None, None, None, None]
n=5: 1800.4s, 3088252928 attempts, 18921220 affine nodes, 0 representatives; [0, 1, 2, 4, 3, 6, 8, 11, 5, 16, 13, 9, 21, 29, 22, 7, 14, 30, 24, None, None, None, None, None, None, None, None, None, None, None, None, None]
n=5: 1820.4s, 3122774016 attempts, 19055206 affine nodes, 0 representatives; [0, 1, 2, 4, 3, 6, 8, 11, 5, 16, 13, 17, 19, 30, 31, 9, 22, 26, 15, 20, None, None, None, None, None, None, None, None, None, None, None, None]
n=5: 1840.4s, 3157557248 attempts, 19305395 affine nodes, 0 representatives; [0, 1, 2, 4, 3, 6, 8, 11, 5, 16, 13, 28, 19, 24, 9, 25, 21, 15, 10, None, None, None, None, None, None, None, None, None, None, None, None, None]
n=5: 1860.4s, 3191980032 attempts, 19516305 affine nodes, 0 representatives; [0, 1, 2, 4, 3, 6, 8, 11, 5, 16, 15, 23, 21, 24, 14, 25, 7, 22, 19, None, None, None, None, None, None, None, None, None, None, None, None, None]
n=5: 1880.4s, 3226255360 attempts, 19692468 affine nodes, 0 representatives; [0, 1, 2, 4, 3, 6, 8, 11, 5, 16, 15, 31, 19, 14, 26, 20, 13, 18, None, None, None, None, None, None, None, None, None, None, None, None, None, None]
n=5: 1900.5s, 3260694528 attempts, 19893100 affine nodes, 0 representatives; [0, 1, 2, 4, 3, 6, 8, 11, 5, 16, 17, 14, 26, 10, 29, 21, 23, 15, 31, 9, None, None, None, None, None, None, None, None, None, None, None, None]
n=5: 1920.5s, 3295150080 attempts, 20137845 affine nodes, 0 representatives; [0, 1, 2, 4, 3, 6, 8, 11, 5, 16, 17, 28, 30, 13, 31, 9, 25, 22, 7, 15, None, None, None, None, None, None, None, None, None, None, None, None]
n=5: 1940.5s, 3329409024 attempts, 20352670 affine nodes, 0 representatives; [0, 1, 2, 4, 3, 6, 8, 11, 5, 16, 18, 14, 17, 29, 10, 28, 31, 24, 23, None, None, None, None, None, None, None, None, None, None, None, None, None]
n=5: 1960.5s, 3363749888 attempts, 20600722 affine nodes, 0 representatives; [0, 1, 2, 4, 3, 6, 8, 11, 5, 16, 18, 28, 17, 24, 31, 7, 20, 15, 29, None, 22, None, None, None, None, None, None, None, None, None, None, None]
n=5: 1980.5s, 3398189056 attempts, 20938039 affine nodes, 0 representatives; [0, 1, 2, 4, 3, 6, 8, 11, 5, 16, 21, 25, 12, 20, 24, 10, 19, 9, 28, None, None, None, None, None, None, None, None, None, None, None, None, None]
n=5: 2000.5s, 3432448000 attempts, 21183317 affine nodes, 0 representatives; [0, 1, 2, 4, 3, 6, 8, 11, 5, 16, 22, 12, 13, 28, 19, 27, 7, 23, 15, 24, None, None, None, None, None, None, None, None, None, None, None, None]
n=5: 2020.5s, 3467083776 attempts, 21433356 affine nodes, 0 representatives; [0, 1, 2, 4, 3, 6, 8, 11, 5, 16, 22, 26, 13, 20, 14, 19, 9, 23, None, None, None, None, None, None, None, None, None, None, None, None, None, None]
n=5: 2040.5s, 3501752320 attempts, 21630279 affine nodes, 0 representatives; [0, 1, 2, 4, 3, 6, 8, 11, 5, 16, 23, 9, 24, 14, 12, 19, 22, 26, 31, None, None, None, None, None, None, None, None, None, None, None, None, None]
n=5: 2060.5s, 3536191488 attempts, 21768968 affine nodes, 0 representatives; [0, 1, 2, 4, 3, 6, 8, 11, 5, 16, 23, 15, 14, 24, 10, 20, 22, 29, 28, None, None, None, None, None, None, None, None, None, None, None, None, None]
n=5: 2080.5s, 3570712576 attempts, 21946279 affine nodes, 0 representatives; [0, 1, 2, 4, 3, 6, 8, 11, 5, 16, 23, 30, 7, 25, 22, 13, 12, 31, 10, None, None, None, None, None, None, None, None, None, None, None, None, None]
n=5: 2100.5s, 3605037056 attempts, 22105879 affine nodes, 0 representatives; [0, 1, 2, 4, 3, 6, 8, 11, 5, 16, 25, 10, 23, 28, 14, 22, 15, 7, 24, None, None, None, None, None, None, None, None, None, None, None, None, None]
n=5: 2120.5s, 3639377920 attempts, 22330952 affine nodes, 0 representatives; [0, 1, 2, 4, 3, 6, 8, 11, 5, 16, 25, 22, 21, 27, 17, 15, 18, 13, 10, 23, None, None, None, None, None, None, None, None, None, None, None, None]
n=5: 2140.5s, 3673702400 attempts, 22496189 affine nodes, 0 representatives; [0, 1, 2, 4, 3, 6, 8, 11, 5, 16, 26, 10, 7, 24, 17, 27, 22, 15, 31, None, None, None, None, None, None, None, None, None, None, None, None, None]
n=5: 2160.5s, 3708043264 attempts, 22653878 affine nodes, 0 representatives; [0, 1, 2, 4, 3, 6, 8, 11, 5, 16, 26, 17, 31, 24, 14, 20, 7, 15, None, None, None, None, None, None, None, None, None, None, None, None, None, None]
n=5: 2180.5s, 3742531584 attempts, 22864845 affine nodes, 0 representatives; [0, 1, 2, 4, 3, 6, 8, 11, 5, 16, 26, 30, 19, 14, 31, 13, 25, 10, None, None, None, None, None, None, None, None, None, None, None, None, None, None]
n=5: 2200.5s, 3776856064 attempts, 23030065 affine nodes, 0 representatives; [0, 1, 2, 4, 3, 6, 8, 11, 5, 16, 27, 15, 7, 20, 29, 21, 9, 31, 25, None, None, None, None, None, None, None, None, None, None, None, None, None]
n=5: 2220.5s, 3811557376 attempts, 23226089 affine nodes, 0 representatives; [0, 1, 2, 4, 3, 6, 8, 11, 5, 16, 27, 23, 14, 30, 18, 9, 20, 13, 15, None, None, None, None, None, None, None, None, None, None, None, None, None]
n=5: 2240.5s, 3845849088 attempts, 23438296 affine nodes, 0 representatives; [0, 1, 2, 4, 3, 6, 8, 11, 5, 16, 28, 12, 13, 17, 26, 23, 19, 24, 9, None, None, None, None, None, None, None, None, None, None, None, None, None]
n=5: 2260.5s, 3880124416 attempts, 23662991 affine nodes, 0 representatives; [0, 1, 2, 4, 3, 6, 8, 11, 5, 16, 28, 20, 26, 17, 9, 13, 30, 19, 22, 25, None, None, None, None, None, None, None, None, None, None, None, None]
n=5: 2280.5s, 3914498048 attempts, 23889587 affine nodes, 0 representatives; [0, 1, 2, 4, 3, 6, 8, 11, 5, 16, 29, 9, 27, 10, 21, 13, 20, 15, 24, None, None, None, None, None, None, None, None, None, None, None, None, None]
n=5: 2300.5s, 3948969984 attempts, 24140782 affine nodes, 0 representatives; [0, 1, 2, 4, 3, 6, 8, 11, 5, 16, 29, 23, 13, 28, 9, 7, 30, 22, None, None, None, None, None, None, None, None, None, None, None, None, None, None]
n=5: 2320.6s, 3983261696 attempts, 24363767 affine nodes, 0 representatives; [0, 1, 2, 4, 3, 6, 8, 11, 5, 16, 31, 12, 26, 18, 9, 7, 19, 24, 29, None, None, None, None, None, None, None, None, None, None, None, None, None]
n=5: 2340.6s, 4017520640 attempts, 24599515 affine nodes, 0 representatives; [0, 1, 2, 4, 3, 6, 8, 11, 5, 16, 31, 23, 26, 30, 18, 15, 19, 28, 29, None, None, None, None, None, None, None, None, None, None, None, None, None]
n=5: 2360.6s, 4051812352 attempts, 24853878 affine nodes, 0 representatives; [0, 1, 2, 4, 3, 6, 8, 11, 12, 14, 16, 25, 22, 15, 28, 9, 7, 31, None, None, None, None, None, None, None, None, None, None, None, None, None, None]
n=5: 2380.6s, 4086087680 attempts, 25113107 affine nodes, 0 representatives; [0, 1, 2, 4, 3, 6, 8, 11, 12, 16, 13, 20, 21, 27, 28, 14, 17, 9, 29, None, None, None, None, None, None, None, None, None, None, None, None, None]
n=5: 2400.6s, 4120297472 attempts, 25286067 affine nodes, 0 representatives; [0, 1, 2, 4, 3, 6, 8, 11, 12, 16, 13, 26, 27, 21, 9, 28, 30, 17, 15, None, None, None, None, None, None, None, None, None, None, None, None, None]
n=5: 2420.6s, 4154556416 attempts, 25478718 affine nodes, 0 representatives; [0, 1, 2, 4, 3, 6, 8, 11, 12, 16, 15, 20, 27, 18, 9, 29, 23, 10, 25, 22, None, None, None, None, None, None, None, None, None, None, None, None]
n=5: 2440.6s, 4188618752 attempts, 25666294 affine nodes, 0 representatives; [0, 1, 2, 4, 3, 6, 8, 11, 12, 16, 15, 28, 31, 7, 17, 29, 5, 19, None, None, None, None, None, None, None, None, None, None, None, None, None, None]
n=5: 2460.6s, 4222697472 attempts, 25857056 affine nodes, 0 representatives; [0, 1, 2, 4, 3, 6, 8, 11, 12, 16, 17, 25, 21, 28, 7, 31, 30, 18, 20, 10, None, None, None, None, None, None, None, None, None, None, None, None]
n=5: 2480.6s, 4256759808 attempts, 26075634 affine nodes, 0 representatives; [0, 1, 2, 4, 3, 6, 8, 11, 12, 16, 18, 25, 14, 7, 22, 28, 23, 5, 24, None, None, None, None, None, None, None, None, None, None, None, None, None]
n=5: 2500.6s, 4290789376 attempts, 26344012 affine nodes, 0 representatives; [0, 1, 2, 4, 3, 6, 8, 11, 12, 16, 21, 25, 26, 13, 15, 29, 17, 28, 14, None, None, None, None, None, None, None, None, None, None, None, None, None]
n=5: 2520.6s, 4324835328 attempts, 26581861 affine nodes, 0 representatives; [0, 1, 2, 4, 3, 6, 8, 11, 12, 16, 22, 25, 14, 9, 18, 15, 10, 7, 13, 20, None, None, None, None, None, None, None, None, None, None, None, None]
n=5: 2540.6s, 4358864896 attempts, 26758374 affine nodes, 0 representatives; [0, 1, 2, 4, 3, 6, 8, 11, 12, 16, 23, 14, 19, 13, 21, 31, 22, 20, None, None, None, None, None, None, None, None, None, None, None, None, None, None]
n=5: 2560.6s, 4393091072 attempts, 26927481 affine nodes, 0 representatives; [0, 1, 2, 4, 3, 6, 8, 11, 12, 16, 23, 31, 14, 7, 26, 22, 29, 18, 5, 20, 9, None, None, None, None, None, None, None, None, None, None, None]
n=5: 2580.6s, 4427153408 attempts, 27111633 affine nodes, 0 representatives; [0, 1, 2, 4, 3, 6, 8, 11, 12, 16, 25, 23, 14, 27, 7, 19, 30, 9, 31, 20, None, None, None, None, None, None, None, None, None, None, None, None]
n=5: 2600.6s, 4461314048 attempts, 27273353 affine nodes, 0 representatives; [0, 1, 2, 4, 3, 6, 8, 11, 12, 16, 26, 19, 30, 21, 24, 31, 29, 18, 7, None, None, None, None, None, None, None, None, None, None, None, None, None]
n=5: 2620.6s, 4495589376 attempts, 27462510 affine nodes, 0 representatives; [0, 1, 2, 4, 3, 6, 8, 11, 12, 16, 27, 14, 29, 17, 5, 10, 22, 13, None, None, None, None, None, None, None, None, None, None, None, None, None, None]
n=5: 2640.6s, 4529651712 attempts, 27627331 affine nodes, 0 representatives; [0, 1, 2, 4, 3, 6, 8, 11, 12, 16, 27, 28, 14, 21, 31, 15, 24, 23, 10, 7, None, None, None, None, None, None, None, None, None, None, None, None]
n=5: 2660.6s, 4563828736 attempts, 27850144 affine nodes, 0 representatives; [0, 1, 2, 4, 3, 6, 8, 11, 12, 16, 28, 23, 14, 17, 24, 15, 13, 9, 21, 26, None, None, None, None, None, None, None, None, None, None, None, None]
n=5: 2680.6s, 4597989376 attempts, 28084268 affine nodes, 0 representatives; [0, 1, 2, 4, 3, 6, 8, 11, 12, 16, 29, 22, 30, 13, 17, 10, 21, 5, 7, None, None, None, None, None, None, None, None, None, None, None, None, None]
n=5: 2700.6s, 4632150016 attempts, 28318296 affine nodes, 0 representatives; [0, 1, 2, 4, 3, 6, 8, 11, 12, 16, 31, 22, 26, 15, 19, 27, 25, 21, 23, 9, None, None, None, None, None, None, None, None, None, None, None, None]
n=5: 2720.6s, 4666327040 attempts, 28497347 affine nodes, 0 representatives; [0, 1, 2, 4, 3, 6, 8, 11, 14, 16, 15, 24, 20, 29, 18, 25, 7, 9, 19, None, None, None, None, None, None, None, None, None, None, None, None, None]
n=5: 2740.7s, 4700536832 attempts, 28682702 affine nodes, 0 representatives; [0, 1, 2, 4, 3, 6, 8, 11, 14, 16, 17, 19, 29, 9, 28, 27, 25, 23, 7, None, None, None, None, None, None, None, None, None, None, None, None, None]
n=5: 2760.7s, 4734795776 attempts, 28896630 affine nodes, 0 representatives; [0, 1, 2, 4, 3, 6, 8, 11, 14, 16, 18, 15, 27, 20, 31, 23, 24, 21, 13, None, None, None, None, None, None, None, None, None, None, None, None, None]
n=5: 2780.7s, 4769071104 attempts, 29205489 affine nodes, 0 representatives; [0, 1, 2, 4, 3, 6, 8, 11, 14, 16, 21, 28, 15, 27, 5, 13, 10, 18, 9, 7, None, None, None, None, None, None, None, None, None, None, None, None]
n=5: 2800.7s, 4803510272 attempts, 29447325 affine nodes, 0 representatives; [0, 1, 2, 4, 3, 6, 8, 11, 14, 16, 23, 15, 20, 22, 5, 31, 28, 13, 29, 9, None, None, None, None, None, None, None, None, None, None, None, None]
n=5: 2820.7s, 4837670912 attempts, 29645368 affine nodes, 0 representatives; [0, 1, 2, 4, 3, 6, 8, 11, 14, 16, 25, 15, 30, 10, 17, 13, 29, 31, 20, None, None, None, None, None, None, None, None, None, None, None, None, None]
n=5: 2840.7s, 4871716864 attempts, 29853822 affine nodes, 0 representatives; [0, 1, 2, 4, 3, 6, 8, 11, 14, 16, 26, 19, 15, 13, 18, 29, 22, 12, 28, None, None, None, None, None, None, None, None, None, None, None, None, None]
n=5: 2860.7s, 4906221568 attempts, 30065369 affine nodes, 0 representatives; [0, 1, 2, 4, 3, 6, 8, 11, 14, 16, 27, 20, 23, 5, 7, 12, 19, 31, 13, None, None, None, None, None, None, None, None, None, None, None, None, None]
n=5: 2880.7s, 4940513280 attempts, 30297856 affine nodes, 0 representatives; [0, 1, 2, 4, 3, 6, 8, 11, 14, 16, 28, 22, 26, 5, 30, 12, 9, 7, 24, 23, None, None, None, None, None, None, None, None, None, None, None, None]
n=5: 2900.7s, 4974772224 attempts, 30560852 affine nodes, 0 representatives; [0, 1, 2, 4, 3, 6, 8, 11, 14, 16, 29, 31, 19, 24, 7, 15, 10, 21, 12, 5, None, None, None, None, None, None, None, None, None, None, None, None]
n=5: 2920.7s, 5008900096 attempts, 30802340 affine nodes, 0 representatives; [0, 1, 2, 4, 3, 6, 8, 11, 15, 16, 17, 25, 23, 5, 24, 28, 19, 26, 14, 9, None, None, None, None, None, None, None, None, None, None, None, None]
n=5: 2940.7s, 5042913280 attempts, 30999865 affine nodes, 0 representatives; [0, 1, 2, 4, 3, 6, 8, 11, 15, 16, 18, 28, 20, 7, 10, 29, 14, 9, 22, 25, None, None, None, None, None, None, None, None, None, None, None, None]
n=5: 2960.7s, 5076910080 attempts, 31254210 affine nodes, 0 representatives; [0, 1, 2, 4, 3, 6, 8, 11, 15, 16, 22, 25, 19, 5, 9, 13, 12, 21, 28, 7, None, None, None, None, None, None, None, None, None, None, None, None]
n=5: 2980.7s, 5110628352 attempts, 31426288 affine nodes, 0 representatives; [0, 1, 2, 4, 3, 6, 8, 11, 15, 16, 23, 26, 24, 20, 17, 5, 31, 9, 27, 7, None, None, None, None, None, None, None, None, None, None, None, None]
n=5: 3000.7s, 5144854528 attempts, 31598089 affine nodes, 0 representatives; [0, 1, 2, 4, 3, 6, 8, 11, 15, 16, 25, 30, 20, 24, 21, 7, 12, 28, 22, 27, None, None, None, None, None, None, None, None, None, None, None, None]
n=5: 3020.7s, 5178916864 attempts, 31745000 affine nodes, 0 representatives; [0, 1, 2, 4, 3, 6, 8, 11, 15, 16, 26, 30, 19, 7, 12, 31, 21, 9, 22, None, None, None, None, None, None, None, None, None, None, None, None, None]
n=5: 3040.7s, 5212602368 attempts, 31926602 affine nodes, 0 representatives; [0, 1, 2, 4, 3, 6, 8, 11, 15, 16, 28, 17, 23, 12, 10, 29, 21, 30, 31, 24, None, None, None, None, None, None, None, None, None, None, None, None]
n=5: 3060.7s, 5246337024 attempts, 32131168 affine nodes, 0 representatives; [0, 1, 2, 4, 3, 6, 8, 11, 15, 16, 29, 22, 20, 14, 24, 9, 17, 19, 7, None, None, None, None, None, None, None, None, None, None, None, None, None]
n=5: 3080.7s, 5280432128 attempts, 32336125 affine nodes, 0 representatives; [0, 1, 2, 4, 3, 6, 8, 11, 16, 18, 19, 26, 21, 12, 5, 30, 20, 25, 14, 24, None, None, None, None, None, None, None, None, None, None, None, None]
n=5: 3100.7s, 5314822144 attempts, 32476077 affine nodes, 0 representatives; [0, 1, 2, 4, 3, 6, 8, 11, 16, 18, 23, 29, 24, 7, 14, 9, 12, 21, 20, None, None, None, None, None, None, None, None, None, None, None, None, None]
n=5: 3120.7s, 5348933632 attempts, 32632533 affine nodes, 0 representatives; [0, 1, 2, 4, 3, 6, 8, 11, 16, 20, 22, 29, 17, 24, 5, 9, 28, 27, 18, 14, None, None, None, None, None, None, None, None, None, None, None, None]
n=5: 3140.8s, 5381554176 attempts, 32760862 affine nodes, 0 representatives; [0, 1, 2, 4, 3, 6, 8, 11, 16, 24, 25, 23, 21, 15, 13, 30, 20, 29, None, None, None, None, None, None, None, None, None, None, None, None, None, None]
n=5: 3160.8s, 5414731776 attempts, 32894469 affine nodes, 0 representatives; [0, 1, 2, 4, 3, 6, 8, 11, 16, 25, 28, 23, 17, 5, 9, 13, 18, 26, 14, 12, None, None, None, None, None, None, None, None, None, None, None, None]
n=5: 3180.8s, 5447794688 attempts, 33046897 affine nodes, 0 representatives; [0, 1, 2, 4, 3, 6, 8, 16, 5, 7, 10, 20, 13, 30, 11, 25, 18, 9, 31, None, None, None, None, None, None, None, None, None, None, None, None, None]
n=5: 3200.8s, 5482151936 attempts, 33141110 affine nodes, 0 representatives; [0, 1, 2, 4, 3, 6, 8, 16, 5, 7, 10, 21, 31, 17, 24, 9, 30, 14, 18, None, None, None, None, None, None, None, None, None, None, None, None, None]
n=5: 3220.8s, 5516689408 attempts, 33218955 affine nodes, 0 representatives; [0, 1, 2, 4, 3, 6, 8, 16, 5, 7, 10, 24, 19, 27, 11, 28, 9, 31, 23, None, None, None, None, None, None, None, None, None, None, None, None, None]
n=5: 3240.8s, 5551243264 attempts, 33322911 affine nodes, 0 representatives; [0, 1, 2, 4, 3, 6, 8, 16, 5, 7, 10, 26, 22, 28, 27, 20, 15, 29, None, None, None, None, None, None, None, None, None, None, None, None, None, None]
n=5: 3260.8s, 5585813504 attempts, 33415613 affine nodes, 0 representatives; [0, 1, 2, 4, 3, 6, 8, 16, 5, 7, 10, 28, 19, 31, 25, 14, 29, 15, 26, None, None, None, None, None, None, None, None, None, None, None, None, None]
n=5: 3280.8s, 5620416512 attempts, 33541665 affine nodes, 0 representatives; [0, 1, 2, 4, 3, 6, 8, 16, 5, 7, 10, 31, 9, 18, 26, 20, 24, 15, 13, 17, None, None, None, None, None, None, None, None, None, None, None, None]
n=5: 3300.8s, 5654822912 attempts, 33663308 affine nodes, 0 representatives; [0, 1, 2, 4, 3, 6, 8, 16, 5, 7, 11, 23, 25, 20, 19, 24, 17, 10, 22, None, None, None, None, None, None, None, None, None, None, None, None, None]
n=5: 3320.8s, 5689065472 attempts, 33786188 affine nodes, 0 representatives; [0, 1, 2, 4, 3, 6, 8, 16, 5, 7, 11, 26, 22, 28, 21, 27, 10, 14, 30, None, None, None, None, None, None, None, None, None, None, None, None, None]
n=5: 3340.8s, 5723324416 attempts, 33927941 affine nodes, 0 representatives; [0, 1, 2, 4, 3, 6, 8, 16, 5, 7, 11, 29, 30, 22, 10, 31, 19, None, None, None, None, None, None, None, None, None, None, None, None, None, None, None]
n=5: 3360.8s, 5757632512 attempts, 34084633 affine nodes, 0 representatives; [0, 1, 2, 4, 3, 6, 8, 16, 5, 7, 15, 25, 27, 20, 10, 23, 28, 12, 26, 22, None, None, None, None, None, None, None, None, None, None, None, None]
n=5: 3380.8s, 5791973376 attempts, 34231702 affine nodes, 0 representatives; [0, 1, 2, 4, 3, 6, 8, 16, 5, 7, 17, 14, 12, 28, 25, 18, 26, 29, 13, None, None, None, None, None, None, None, None, None, None, None, None, None]
n=5: 3400.8s, 5826101248 attempts, 34367524 affine nodes, 0 representatives; [0, 1, 2, 4, 3, 6, 8, 16, 5, 7, 17, 25, 28, 12, 24, 27, 10, 22, None, None, None, None, None, None, None, None, None, None, None, None, None, None]
n=5: 3420.8s, 5859606528 attempts, 34511813 affine nodes, 0 representatives; [0, 1, 2, 4, 3, 6, 8, 16, 5, 7, 17, 29, 30, 26, 19, 20, 24, 15, 18, None, None, None, None, None, None, None, None, None, None, None, None, None]
n=5: 3440.8s, 5893144576 attempts, 34662394 affine nodes, 0 representatives; [0, 1, 2, 4, 3, 6, 8, 16, 5, 7, 18, 15, 29, 12, 27, 13, 17, 11, 21, None, None, None, None, None, None, None, None, None, None, None, None, None]
n=5: 3460.8s, 5926649856 attempts, 34784421 affine nodes, 0 representatives; [0, 1, 2, 4, 3, 6, 8, 16, 5, 7, 18, 27, 14, 29, 31, 19, 12, 26, 22, 21, None, None, None, None, None, None, None, None, None, None, None, None]
n=5: 3480.8s, 5960581120 attempts, 34969346 affine nodes, 0 representatives; [0, 1, 2, 4, 3, 6, 8, 16, 5, 7, 23, 24, 27, 18, 12, 29, 17, 15, 22, 28, None, None, None, None, None, None, None, None, None, None, None, None]
n=5: 3500.8s, 5994151936 attempts, 35164294 affine nodes, 0 representatives; [0, 1, 2, 4, 3, 6, 8, 16, 5, 9, 11, 18, 24, 31, 21, 14, 23, 29, 15, None, None, None, None, None, None, None, None, None, None, None, None, None]
n=5: 3520.9s, 6027804672 attempts, 35273823 affine nodes, 0 representatives; [0, 1, 2, 4, 3, 6, 8, 16, 5, 9, 11, 21, 25, 19, 30, 14, 31, 17, 7, None, None, None, None, None, None, None, None, None, None, None, None, None]
n=5: 3540.9s, 6061604864 attempts, 35397093 affine nodes, 0 representatives; [0, 1, 2, 4, 3, 6, 8, 16, 5, 9, 11, 25, 13, 19, 10, 23, 14, 20, 27, None, None, None, None, None, None, None, None, None, None, None, None, None]
n=5: 3560.9s, 6095568896 attempts, 35502902 affine nodes, 0 representatives; [0, 1, 2, 4, 3, 6, 8, 16, 5, 9, 11, 27, 14, 31, 10, 30, 12, 15, 24, None, None, None, None, None, None, None, None, None, None, None, None, None]
n=5: 3580.9s, 6129647616 attempts, 35645006 affine nodes, 0 representatives; [0, 1, 2, 4, 3, 6, 8, 16, 5, 9, 11, 30, 13, 18, 29, 31, 22, 17, 15, None, None, None, None, None, None, None, None, None, None, None, None, None]
n=5: 3600.9s, 6163791872 attempts, 35778726 affine nodes, 0 representatives; [0, 1, 2, 4, 3, 6, 8, 16, 5, 9, 12, 19, 10, 25, 30, 23, 15, 20, 11, None, None, None, None, None, None, None, None, None, None, None, None, None]
n=5: 3620.9s, 6197985280 attempts, 35917668 affine nodes, 0 representatives; [0, 1, 2, 4, 3, 6, 8, 16, 5, 9, 12, 24, 21, 15, 27, 28, 10, 29, 7, None, None, None, None, None, None, None, None, None, None, None, None, None]
n=5: 3640.9s, 6232162304 attempts, 36049125 affine nodes, 0 representatives; [0, 1, 2, 4, 3, 6, 8, 16, 5, 9, 12, 27, 22, 30, 10, 13, 20, 15, 24, 14, None, None, None, None, None, None, None, None, None, None, None, None]
n=5: 3660.9s, 6266355712 attempts, 36187584 affine nodes, 0 representatives; [0, 1, 2, 4, 3, 6, 8, 16, 5, 9, 12, 30, 24, 17, 27, 31, 7, 10, 28, None, None, None, None, None, None, None, None, None, None, None, None, None]
n=5: 3680.9s, 6300565504 attempts, 36294489 affine nodes, 0 representatives; [0, 1, 2, 4, 3, 6, 8, 16, 5, 9, 15, 19, 12, 30, 23, 14, 10, 27, 20, None, None, None, None, None, None, None, None, None, None, None, None, None]
n=5: 3700.9s, 6334791680 attempts, 36407186 affine nodes, 0 representatives; [0, 1, 2, 4, 3, 6, 8, 16, 5, 9, 15, 21, 29, 13, 28, 23, 19, 12, 27, None, None, None, None, None, None, None, None, None, None, None, None, None]
n=5: 3720.9s, 6368985088 attempts, 36522641 affine nodes, 0 representatives; [0, 1, 2, 4, 3, 6, 8, 16, 5, 9, 15, 26, 22, 25, 21, 30, 14, 7, 23, 31, 28, None, None, None, None, None, None, None, None, None, None, None]
n=5: 3740.9s, 6403260416 attempts, 36645866 affine nodes, 0 representatives; [0, 1, 2, 4, 3, 6, 8, 16, 5, 9, 15, 29, 21, 18, 24, 7, 14, 10, None, None, None, None, None, None, None, None, None, None, None, None, None, None]
n=5: 3760.9s, 6437978112 attempts, 36762154 affine nodes, 0 representatives; [0, 1, 2, 4, 3, 6, 8, 16, 5, 9, 17, 7, 31, 18, 12, 15, 29, 13, 23, 10, None, None, None, None, None, None, None, None, None, None, None, None]
n=5: 3780.9s, 6472876032 attempts, 36905047 affine nodes, 0 representatives; [0, 1, 2, 4, 3, 6, 8, 16, 5, 9, 17, 14, 29, 20, 21, 15, 19, 24, 30, None, None, None, None, None, None, None, None, None, None, None, None, None]
n=5: 3800.9s, 6507839488 attempts, 37015568 affine nodes, 0 representatives; [0, 1, 2, 4, 3, 6, 8, 16, 5, 9, 17, 18, 31, 13, 15, 20, 23, 24, 10, None, None, None, None, None, None, None, None, None, None, None, None, None]
n=5: 3820.9s, 6542704640 attempts, 37143876 affine nodes, 0 representatives; [0, 1, 2, 4, 3, 6, 8, 16, 5, 9, 17, 24, 20, 31, 29, 25, 22, 10, 28, None, None, None, None, None, None, None, None, None, None, None, None, None]
n=5: 3840.9s, 6577586176 attempts, 37282642 affine nodes, 0 representatives; [0, 1, 2, 4, 3, 6, 8, 16, 5, 9, 17, 27, 13, 28, 10, 20, 19, 7, 15, None, None, None, None, None, None, None, None, None, None, None, None, None]
n=5: 3860.9s, 6612451328 attempts, 37431077 affine nodes, 0 representatives; [0, 1, 2, 4, 3, 6, 8, 16, 5, 9, 18, 7, 20, 28, 29, 14, 12, None, None, None, None, None, None, None, None, None, None, None, None, None, None, None]
n=5: 3880.9s, 6647218176 attempts, 37548331 affine nodes, 0 representatives; [0, 1, 2, 4, 3, 6, 8, 16, 5, 9, 18, 14, 29, 25, 30, 23, 19, 7, 21, 26, None, None, None, None, None, None, None, None, None, None, None, None]
n=5: 3900.9s, 6682066944 attempts, 37657435 affine nodes, 0 representatives; [0, 1, 2, 4, 3, 6, 8, 16, 5, 9, 18, 21, 7, 15, 30, 14, 24, 17, None, None, None, None, None, None, None, None, None, None, None, None, None, None]
n=5: 3920.9s, 6716948480 attempts, 37737653 affine nodes, 0 representatives; [0, 1, 2, 4, 3, 6, 8, 16, 5, 9, 18, 24, 23, 12, 22, 17, 28, 31, 26, None, None, None, None, None, None, None, None, None, None, None, None, None]
n=5: 3940.9s, 6751682560 attempts, 37842439 affine nodes, 0 representatives; [0, 1, 2, 4, 3, 6, 8, 16, 5, 9, 18, 26, 31, 12, 10, 19, 13, 22, 7, None, None, None, None, None, None, None, None, None, None, None, None, None]
n=5: 3960.9s, 6786416640 attempts, 37964551 affine nodes, 0 representatives; [0, 1, 2, 4, 3, 6, 8, 16, 5, 9, 18, 29, 23, 20, 30, 13, 25, 14, None, None, None, None, None, None, None, None, None, None, None, None, None, None]
n=5: 3980.9s, 6821249024 attempts, 38061262 affine nodes, 0 representatives; [0, 1, 2, 4, 3, 6, 8, 16, 5, 9, 20, 10, 30, 22, 17, 28, 23, 19, 25, 13, None, None, None, None, None, None, None, None, None, None, None, None]
n=5: 4000.9s, 6856261632 attempts, 38162914 affine nodes, 0 representatives; [0, 1, 2, 4, 3, 6, 8, 16, 5, 9, 20, 15, 13, 31, 26, 10, 27, 19, 24, None, None, None, None, None, None, None, None, None, None, None, None, None]
n=5: 4021.0s, 6891061248 attempts, 38249703 affine nodes, 0 representatives; [0, 1, 2, 4, 3, 6, 8, 16, 5, 9, 20, 23, 12, 30, 24, 26, 18, 31, 19, 25, None, None, None, None, None, None, None, None, None, None, None, None]
n=5: 4041.0s, 6925910016 attempts, 38354348 affine nodes, 0 representatives; [0, 1, 2, 4, 3, 6, 8, 16, 5, 9, 20, 26, 25, 30, 12, 31, 15, 13, None, None, None, None, None, None, None, None, None, None, None, None, None, None]
n=5: 4061.0s, 6960807936 attempts, 38457842 affine nodes, 0 representatives; [0, 1, 2, 4, 3, 6, 8, 16, 5, 9, 20, 29, 7, 24, 21, 17, 19, 25, 12, None, None, None, None, None, None, None, None, None, None, None, None, None]
n=5: 4081.0s, 6995705856 attempts, 38565333 affine nodes, 0 representatives; [0, 1, 2, 4, 3, 6, 8, 16, 5, 9, 21, 7, 26, 24, 23, 31, 30, 20, 18, 14, None, None, None, None, None, None, None, None, None, None, None, None]
n=5: 4101.0s, 7030702080 attempts, 38681698 affine nodes, 0 representatives; [0, 1, 2, 4, 3, 6, 8, 16, 5, 9, 21, 15, 19, 25, 30, 10, 12, 7, 22, None, None, None, None, None, None, None, None, None, None, None, None, None]
n=5: 4121.0s, 7065747456 attempts, 38798765 affine nodes, 0 representatives; [0, 1, 2, 4, 3, 6, 8, 16, 5, 9, 21, 18, 31, 12, 10, 30, 20, 13, 27, None, None, None, None, None, None, None, None, None, None, None, None, None]
n=5: 4141.0s, 7100596224 attempts, 38917709 affine nodes, 0 representatives; [0, 1, 2, 4, 3, 6, 8, 16, 5, 9, 21, 26, 25, 12, 30, 15, 31, 22, 17, 11, None, None, None, None, None, None, None, None, None, None, None, None]
n=5: 4161.0s, 7135477760 attempts, 39068934 affine nodes, 0 representatives; [0, 1, 2, 4, 3, 6, 8, 16, 5, 9, 21, 30, 12, 25, 19, 13, 29, 23, 18, None, None, None, None, None, None, None, None, None, None, None, None, None]
n=5: 4181.0s, 7170310144 attempts, 39213039 affine nodes, 0 representatives; [0, 1, 2, 4, 3, 6, 8, 16, 5, 9, 22, 15, 13, 26, 10, 23, 30, 19, 11, None, None, None, None, None, None, None, None, None, None, None, None, None]
n=5: 4201.0s, 7205273600 attempts, 39322824 affine nodes, 0 representatives; [0, 1, 2, 4, 3, 6, 8, 16, 5, 9, 22, 18, 26, 11, 19, 15, 13, 24, 23, None, None, None, None, None, None, None, None, None, None, None, None, None]
n=5: 4221.0s, 7240089600 attempts, 39423513 affine nodes, 0 representatives; [0, 1, 2, 4, 3, 6, 8, 16, 5, 9, 22, 24, 10, 28, 12, 29, 19, 15, 13, 26, None, None, None, None, None, None, None, None, None, None, None, None]
n=5: 4241.0s, 7274905600 attempts, 39560557 affine nodes, 0 representatives; [0, 1, 2, 4, 3, 6, 8, 16, 5, 9, 22, 28, 19, 24, 18, 7, 13, 23, 11, 31, None, None, None, None, None, None, None, None, None, None, None, None]
n=5: 4261.0s, 7309819904 attempts, 39682061 affine nodes, 0 representatives; [0, 1, 2, 4, 3, 6, 8, 16, 5, 9, 23, 7, 24, 11, 17, 31, 30, 28, 20, None, None, None, None, None, None, None, None, None, None, None, None, None]
n=5: 4281.0s, 7344766976 attempts, 39761911 affine nodes, 0 representatives; [0, 1, 2, 4, 3, 6, 8, 16, 5, 9, 23, 13, 19, 27, 18, 15, 10, 28, None, None, None, None, None, None, None, None, None, None, None, None, None, None]
n=5: 4301.0s, 7379795968 attempts, 39856554 affine nodes, 0 representatives; [0, 1, 2, 4, 3, 6, 8, 16, 5, 9, 23, 19, 25, 22, 30, 14, 26, None, None, None, None, None, None, None, None, None, None, None, None, None, None, None]
n=5: 4321.0s, 7414661120 attempts, 39943400 affine nodes, 0 representatives; [0, 1, 2, 4, 3, 6, 8, 16, 5, 9, 23, 21, 24, 11, 12, 26, 10, 7, 18, None, None, None, None, None, None, None, None, None, None, None, None, None]
n=5: 4341.0s, 7449460736 attempts, 40029319 affine nodes, 0 representatives; [0, 1, 2, 4, 3, 6, 8, 16, 5, 9, 23, 25, 18, 26, 17, 7, 20, 19, 14, None, None, None, None, None, None, None, None, None, None, None, None, None]
n=5: 4361.0s, 7484440576 attempts, 40140433 affine nodes, 0 representatives; [0, 1, 2, 4, 3, 6, 8, 16, 5, 9, 23, 29, 12, 27, 28, 19, 22, 10, 11, None, None, None, None, None, None, None, None, None, None, None, None, None]
n=5: 4381.0s, 7519240192 attempts, 40258004 affine nodes, 0 representatives; [0, 1, 2, 4, 3, 6, 8, 16, 5, 9, 24, 10, 7, 20, 28, 19, 13, 29, 17, 21, None, None, None, None, None, None, None, None, None, None, None, None]
n=5: 4401.0s, 7554269184 attempts, 40371253 affine nodes, 0 representatives; [0, 1, 2, 4, 3, 6, 8, 16, 5, 9, 24, 14, 21, 26, 15, 18, 30, 13, 31, 20, None, None, None, None, None, None, None, None, None, None, None, None]
n=5: 4421.1s, 7589216256 attempts, 40488420 affine nodes, 0 representatives; [0, 1, 2, 4, 3, 6, 8, 16, 5, 9, 24, 17, 30, 11, 22, 25, 21, 29, None, None, None, None, None, None, None, None, None, None, None, None, None, None]
n=5: 4441.1s, 7624097792 attempts, 40595934 affine nodes, 0 representatives; [0, 1, 2, 4, 3, 6, 8, 16, 5, 9, 24, 21, 10, 22, 26, 7, 11, 25, None, None, None, None, None, None, None, None, None, None, None, None, None, None]
n=5: 4461.1s, 7658979328 attempts, 40725465 affine nodes, 0 representatives; [0, 1, 2, 4, 3, 6, 8, 16, 5, 9, 24, 27, 7, 12, 11, 23, 28, 14, None, None, None, None, None, None, None, None, None, None, None, None, None, None]
n=5: 4481.1s, 7693893632 attempts, 40851690 affine nodes, 0 representatives; [0, 1, 2, 4, 3, 6, 8, 16, 5, 9, 25, 7, 26, 17, 29, 23, 15, None, None, None, None, None, None, None, None, None, None, None, None, None, None, None]
n=5: 4501.1s, 7728955392 attempts, 40942673 affine nodes, 0 representatives; [0, 1, 2, 4, 3, 6, 8, 16, 5, 9, 25, 13, 21, 11, 29, 20, 12, 30, 27, None, None, None, None, None, None, None, None, None, None, None, None, None]
n=5: 4521.1s, 7764033536 attempts, 41029883 affine nodes, 0 representatives; [0, 1, 2, 4, 3, 6, 8, 16, 5, 9, 25, 15, 14, 27, 10, 19, 29, 20, 12, 11, None, None, None, None, None, None, None, None, None, None, None, None]
n=5: 4541.1s, 7799242752 attempts, 41117868 affine nodes, 0 representatives; [0, 1, 2, 4, 3, 6, 8, 16, 5, 9, 25, 17, 30, 20, 11, 23, 7, 19, 24, None, None, None, None, None, None, None, None, None, None, None, None, None]
n=5: 4561.1s, 7834271744 attempts, 41196782 affine nodes, 0 representatives; [0, 1, 2, 4, 3, 6, 8, 16, 5, 9, 25, 19, 18, 13, 11, 26, 27, 20, 14, None, None, None, None, None, None, None, None, None, None, None, None, None]
n=5: 4581.1s, 7869235200 attempts, 41282941 affine nodes, 0 representatives; [0, 1, 2, 4, 3, 6, 8, 16, 5, 9, 25, 23, 13, 28, 11, 18, 7, 21, 20, 14, None, None, None, None, None, None, None, None, None, None, None, None]
n=5: 4601.1s, 7904083968 attempts, 41387349 affine nodes, 0 representatives; [0, 1, 2, 4, 3, 6, 8, 16, 5, 9, 25, 27, 20, 13, 18, 22, 28, 10, 31, None, None, None, None, None, None, None, None, None, None, None, None, None]
n=5: 4621.1s, 7938998272 attempts, 41503151 affine nodes, 0 representatives; [0, 1, 2, 4, 3, 6, 8, 16, 5, 9, 25, 30, 31, 13, 15, 22, 28, 19, 27, 11, None, None, None, None, None, None, None, None, None, None, None, None]
n=5: 4641.1s, 7973994496 attempts, 41644293 affine nodes, 0 representatives; [0, 1, 2, 4, 3, 6, 8, 16, 5, 9, 27, 13, 31, 21, 10, 22, 23, 19, 30, 15, None, None, None, None, None, None, None, None, None, None, None, None]
n=5: 4661.1s, 8009121792 attempts, 41775825 affine nodes, 0 representatives; [0, 1, 2, 4, 3, 6, 8, 16, 5, 9, 27, 17, 30, 21, 31, 28, 19, 7, 29, 18, None, None, None, None, None, None, None, None, None, None, None, None]
n=5: 4681.1s, 8044118016 attempts, 41894394 affine nodes, 0 representatives; [0, 1, 2, 4, 3, 6, 8, 16, 5, 9, 27, 20, 21, 17, 10, 31, 15, 19, 11, None, None, None, None, None, None, None, None, None, None, None, None, None]
n=5: 4701.1s, 8078983168 attempts, 42038676 affine nodes, 0 representatives; [0, 1, 2, 4, 3, 6, 8, 16, 5, 9, 27, 25, 23, 26, 19, 14, 17, 11, 30, None, None, None, None, None, None, None, None, None, None, None, None, None]
n=5: 4721.1s, 8113831936 attempts, 42181982 affine nodes, 0 representatives; [0, 1, 2, 4, 3, 6, 8, 16, 5, 9, 28, 13, 12, 17, 19, 29, 7, 27, 15, 24, None, None, None, None, None, None, None, None, None, None, None, None]
n=5: 4741.1s, 8148877312 attempts, 42309779 affine nodes, 0 representatives; [0, 1, 2, 4, 3, 6, 8, 16, 5, 9, 28, 17, 7, 22, 10, 13, 20, 23, None, None, None, None, None, None, None, None, None, None, None, None, None, None]
n=5: 4761.1s, 8183578624 attempts, 42458360 affine nodes, 0 representatives; [0, 1, 2, 4, 3, 6, 8, 16, 5, 9, 28, 20, 24, 11, 21, 31, 19, 13, 29, 10, None, None, None, None, None, None, None, None, None, None, None, None]
n=5: 4781.1s, 8218378240 attempts, 42580808 affine nodes, 0 representatives; [0, 1, 2, 4, 3, 6, 8, 16, 5, 9, 28, 24, 21, 11, 17, 10, 27, 15, 29, None, None, None, None, None, None, None, None, None, None, None, None, None]
n=5: 4801.1s, 8253243392 attempts, 42730666 affine nodes, 0 representatives; [0, 1, 2, 4, 3, 6, 8, 16, 5, 9, 29, 10, 19, 30, 27, 14, 7, 28, 26, None, None, None, None, None, None, None, None, None, None, None, None, None]
n=5: 4821.1s, 8288223232 attempts, 42883783 affine nodes, 0 representatives; [0, 1, 2, 4, 3, 6, 8, 16, 5, 9, 29, 15, 30, 11, 18, 22, 31, 24, 10, 25, None, None, None, None, None, None, None, None, None, None, None, None]
n=5: 4841.1s, 8323006464 attempts, 43034465 affine nodes, 0 representatives; [0, 1, 2, 4, 3, 6, 8, 16, 5, 9, 29, 21, 22, 11, 17, 30, 12, 15, 23, 14, None, None, None, None, None, None, None, None, None, None, None, None]
n=5: 4861.2s, 8357871616 attempts, 43200156 affine nodes, 0 representatives; [0, 1, 2, 4, 3, 6, 8, 16, 5, 9, 29, 30, 24, 19, 31, 23, 28, 17, 20, None, None, None, None, None, None, None, None, None, None, None, None, None]
n=5: 4881.2s, 8392835072 attempts, 43315282 affine nodes, 0 representatives; [0, 1, 2, 4, 3, 6, 8, 16, 5, 9, 30, 13, 21, 18, 19, 26, 14, 25, 20, 23, None, None, None, None, None, None, None, None, None, None, None, None]
n=5: 4901.2s, 8428011520 attempts, 43413830 affine nodes, 0 representatives; [0, 1, 2, 4, 3, 6, 8, 16, 5, 9, 30, 15, 24, 27, 22, 31, 7, 21, 11, 29, 14, None, None, None, None, None, None, None, None, None, None, None]
n=5: 4921.2s, 8462909440 attempts, 43540406 affine nodes, 0 representatives; [0, 1, 2, 4, 3, 6, 8, 16, 5, 9, 30, 20, 21, 11, 17, 26, 24, 23, 18, None, None, None, None, None, None, None, None, None, None, None, None, None]
n=5: 4941.2s, 8497807360 attempts, 43651619 affine nodes, 0 representatives; [0, 1, 2, 4, 3, 6, 8, 16, 5, 9, 30, 25, 7, 18, 24, 10, 23, 11, 27, None, None, None, None, None, None, None, None, None, None, None, None, None]
n=5: 4961.2s, 8532377600 attempts, 43771159 affine nodes, 0 representatives; [0, 1, 2, 4, 3, 6, 8, 16, 5, 9, 30, 28, 26, 19, 21, 29, 17, 18, None, None, None, None, None, None, None, None, None, None, None, None, None, None]
n=5: 4981.2s, 8567242752 attempts, 43917621 affine nodes, 0 representatives; [0, 1, 2, 4, 3, 6, 8, 16, 5, 9, 31, 14, 20, 19, 27, 18, 28, 10, 17, 30, None, None, None, None, None, None, None, None, None, None, None, None]
n=5: 5001.2s, 8602189824 attempts, 44062917 affine nodes, 0 representatives; [0, 1, 2, 4, 3, 6, 8, 16, 5, 9, 31, 18, 26, 20, 29, 23, 12, 14, 21, 7, None, None, None, None, None, None, None, None, None, None, None, None]
n=5: 5021.2s, 8637054976 attempts, 44188845 affine nodes, 0 representatives; [0, 1, 2, 4, 3, 6, 8, 16, 5, 9, 31, 23, 26, 25, 18, 22, 20, 27, 11, None, None, None, None, None, None, None, None, None, None, None, None, None]
n=5: 5041.2s, 8671870976 attempts, 44369423 affine nodes, 0 representatives; [0, 1, 2, 4, 3, 6, 8, 16, 5, 10, 11, 17, 18, 24, 15, 31, 7, 20, 30, None, None, None, None, None, None, None, None, None, None, None, None, None]
n=5: 5061.2s, 8706670592 attempts, 44514044 affine nodes, 0 representatives; [0, 1, 2, 4, 3, 6, 8, 16, 5, 10, 11, 21, 23, 31, 22, 15, 19, 9, 27, None, None, None, None, None, None, None, None, None, None, None, None, None]
n=5: 5081.2s, 8741601280 attempts, 44654475 affine nodes, 0 representatives; [0, 1, 2, 4, 3, 6, 8, 16, 5, 10, 11, 25, 23, 14, 24, 17, 13, 18, 26, 15, None, None, None, None, None, None, None, None, None, None, None, None]
n=5: 5101.2s, 8776466432 attempts, 44816744 affine nodes, 0 representatives; [0, 1, 2, 4, 3, 6, 8, 16, 5, 10, 11, 30, 21, 29, 9, 18, 28, 24, 14, 25, None, None, None, None, None, None, None, None, None, None, None, None]
n=5: 5121.2s, 8811364352 attempts, 44947169 affine nodes, 0 representatives; [0, 1, 2, 4, 3, 6, 8, 16, 5, 10, 12, 18, 11, 15, 31, 20, 7, 19, 30, 29, None, None, None, None, None, None, None, None, None, None, None, None]
n=5: 5141.2s, 8846163968 attempts, 45060636 affine nodes, 0 representatives; [0, 1, 2, 4, 3, 6, 8, 16, 5, 10, 12, 21, 27, 18, 31, 15, 7, 28, 13, None, None, None, None, None, None, None, None, None, None, None, None, None]
n=5: 5161.2s, 8881078272 attempts, 45158903 affine nodes, 0 representatives; [0, 1, 2, 4, 3, 6, 8, 16, 5, 10, 12, 24, 27, 17, 29, 25, 30, 19, 15, 31, None, None, None, None, None, None, None, None, None, None, None, None]
n=5: 5181.2s, 8915959808 attempts, 45279050 affine nodes, 0 representatives; [0, 1, 2, 4, 3, 6, 8, 16, 5, 10, 12, 27, 21, 22, 31, 9, 26, 17, 28, None, None, None, None, None, None, None, None, None, None, None, None, None]
n=5: 5201.2s, 8950841344 attempts, 45398759 affine nodes, 0 representatives; [0, 1, 2, 4, 3, 6, 8, 16, 5, 10, 12, 31, 9, 27, 22, 17, 26, 15, None, None, None, None, None, None, None, None, None, None, None, None, None, None]
n=5: 5221.2s, 8985903104 attempts, 45493109 affine nodes, 0 representatives; [0, 1, 2, 4, 3, 6, 8, 16, 5, 10, 13, 17, 31, 22, 15, 26, 28, 30, 11, 12, None, None, None, None, None, None, None, None, None, None, None, None]
n=5: 5241.2s, 9021014016 attempts, 45576842 affine nodes, 0 representatives; [0, 1, 2, 4, 3, 6, 8, 16, 5, 10, 13, 19, 27, 24, 18, 30, 22, 15, 26, 14, None, None, None, None, None, None, None, None, None, None, None, None]
n=5: 5261.3s, 9056092160 attempts, 45656604 affine nodes, 0 representatives; [0, 1, 2, 4, 3, 6, 8, 16, 5, 10, 13, 23, 18, 11, 30, 26, 19, 17, 29, None, None, None, None, None, None, None, None, None, None, None, None, None]
n=5: 5281.3s, 9091481600 attempts, 45722536 affine nodes, 0 representatives; [0, 1, 2, 4, 3, 6, 8, 16, 5, 10, 13, 24, 22, 21, 15, 28, 11, 20, 31, 14, None, None, None, None, None, None, None, None, None, None, None, None]
n=5: 5301.3s, 9126739968 attempts, 45805927 affine nodes, 0 representatives; [0, 1, 2, 4, 3, 6, 8, 16, 5, 10, 13, 26, 11, 22, 15, 28, 27, 21, 7, 19, None, None, None, None, None, None, None, None, None, None, None, None]
n=5: 5321.3s, 9161867264 attempts, 45900571 affine nodes, 0 representatives; [0, 1, 2, 4, 3, 6, 8, 16, 5, 10, 13, 29, 11, 25, 19, 7, 14, 20, 18, None, None, None, None, None, None, None, None, None, None, None, None, None]
n=5: 5341.3s, 9197142016 attempts, 45999006 affine nodes, 0 representatives; [0, 1, 2, 4, 3, 6, 8, 16, 5, 10, 13, 31, 18, 11, 30, 19, 12, 14, 23, 9, None, None, None, None, None, None, None, None, None, None, None, None]
n=5: 5361.3s, 9232285696 attempts, 46100722 affine nodes, 0 representatives; [0, 1, 2, 4, 3, 6, 8, 16, 5, 10, 15, 18, 26, 17, 11, 28, 9, 7, 30, None, None, None, None, None, None, None, None, None, None, None, None, None]
n=5: 5381.3s, 9267249152 attempts, 46248282 affine nodes, 0 representatives; [0, 1, 2, 4, 3, 6, 8, 16, 5, 10, 15, 24, 20, 19, 9, 28, 14, 23, 29, 22, None, None, None, None, None, None, None, None, None, None, None, None]
n=5: 5401.3s, 9302065152 attempts, 46490665 affine nodes, 1 representatives; [0, 1, 2, 4, 3, 6, 8, 16, 5, 10, 15, 27, 29, 12, 28, 22, 9, 18, 30, 11, None, None, None, None, None, None, None, None, None, None, None, None]
n=5: 5421.3s, 9337044992 attempts, 46628447 affine nodes, 1 representatives; [0, 1, 2, 4, 3, 6, 8, 16, 5, 10, 17, 12, 14, 18, 29, 26, 7, 9, 11, None, None, None, None, None, None, None, None, None, None, None, None, None]
n=5: 5441.3s, 9371811840 attempts, 46742025 affine nodes, 1 representatives; [0, 1, 2, 4, 3, 6, 8, 16, 5, 10, 17, 14, 22, 29, 21, 28, 15, 7, 19, 31, None, None, None, None, None, None, None, None, None, None, None, None]
n=5: 5461.3s, 9406464000 attempts, 46869856 affine nodes, 1 representatives; [0, 1, 2, 4, 3, 6, 8, 16, 5, 10, 17, 21, 7, 25, 15, 24, 13, 31, None, None, None, None, None, None, None, None, None, None, None, None, None, None]
n=5: 5481.3s, 9441165312 attempts, 46985713 affine nodes, 1 representatives; [0, 1, 2, 4, 3, 6, 8, 16, 5, 10, 17, 25, 21, 12, 24, 20, 19, 29, 15, 13, None, None, None, None, None, None, None, None, None, None, None, None]
n=5: 5501.3s, 9475850240 attempts, 47112164 affine nodes, 1 representatives; [0, 1, 2, 4, 3, 6, 8, 16, 5, 10, 17, 29, 9, 26, 23, 25, 19, 7, 11, 18, None, None, None, None, None, None, None, None, None, None, None, None]
n=5: 5521.3s, 9510617088 attempts, 47242036 affine nodes, 1 representatives; [0, 1, 2, 4, 3, 6, 8, 16, 5, 10, 18, 9, 11, 31, 25, 17, 12, 22, 23, None, None, None, None, None, None, None, None, None, None, None, None, None]
n=5: 5541.3s, 9545416704 attempts, 47359687 affine nodes, 1 representatives; [0, 1, 2, 4, 3, 6, 8, 16, 5, 10, 18, 13, 25, 17, 22, 31, 7, 29, 11, None, None, None, None, None, None, None, None, None, None, None, None, None]
n=5: 5561.3s, 9580216320 attempts, 47491222 affine nodes, 1 representatives; [0, 1, 2, 4, 3, 6, 8, 16, 5, 10, 18, 21, 14, 19, 30, 28, 13, 31, 23, 25, None, None, None, None, None, None, None, None, None, None, None, None]
n=5: 5581.3s, 9615032320 attempts, 47584612 affine nodes, 1 representatives; [0, 1, 2, 4, 3, 6, 8, 16, 5, 10, 18, 25, 13, 20, 19, 23, 24, 21, 31, 9, None, None, None, None, None, None, None, None, None, None, None, None]
n=5: 5601.3s, 9649799168 attempts, 47718773 affine nodes, 1 representatives; [0, 1, 2, 4, 3, 6, 8, 16, 5, 10, 18, 30, 13, 20, 29, 23, 15, 21, 19, 7, None, None, None, None, None, None, None, None, None, None, None, None]
n=5: 5621.3s, 9684516864 attempts, 47834541 affine nodes, 1 representatives; [0, 1, 2, 4, 3, 6, 8, 16, 5, 10, 20, 7, 30, 26, 12, 15, 17, 11, 13, 22, None, None, None, None, None, None, None, None, None, None, None, None]
n=5: 5641.3s, 9719365632 attempts, 47939377 affine nodes, 1 representatives; [0, 1, 2, 4, 3, 6, 8, 16, 5, 10, 20, 14, 19, 17, 11, 31, 21, 28, 22, None, None, None, None, None, None, None, None, None, None, None, None, None]
n=5: 5661.4s, 9754066944 attempts, 48037245 affine nodes, 1 representatives; [0, 1, 2, 4, 3, 6, 8, 16, 5, 10, 20, 23, 27, 17, 28, 30, 22, 24, 15, 7, None, None, None, None, None, None, None, None, None, None, None, None]
n=5: 5681.4s, 9788768256 attempts, 48134564 affine nodes, 1 representatives; [0, 1, 2, 4, 3, 6, 8, 16, 5, 10, 20, 25, 31, 14, 24, 15, 9, 23, 13, 17, None, None, None, None, None, None, None, None, None, None, None, None]
n=5: 5701.4s, 9823469568 attempts, 48255668 affine nodes, 1 representatives; [0, 1, 2, 4, 3, 6, 8, 16, 5, 10, 20, 31, 7, 28, 27, 15, 26, 24, 30, 23, None, None, None, None, None, None, None, None, None, None, None, None]
n=5: 5721.4s, 9858301952 attempts, 48375800 affine nodes, 1 representatives; [0, 1, 2, 4, 3, 6, 8, 16, 5, 10, 21, 12, 26, 19, 9, 14, 22, 18, 23, None, None, None, None, None, None, None, None, None, None, None, None, None]
n=5: 5741.4s, 9893134336 attempts, 48514159 affine nodes, 1 representatives; [0, 1, 2, 4, 3, 6, 8, 16, 5, 10, 21, 18, 28, 20, 19, 14, 30, 26, None, None, None, None, None, None, None, None, None, None, None, None, None, None]
n=5: 5761.4s, 9927933952 attempts, 48631179 affine nodes, 1 representatives; [0, 1, 2, 4, 3, 6, 8, 16, 5, 10, 21, 25, 14, 29, 17, 15, 13, 28, 19, None, None, None, None, None, None, None, None, None, None, None, None, None]
n=5: 5781.4s, 9962799104 attempts, 48790529 affine nodes, 1 representatives; [0, 1, 2, 4, 3, 6, 8, 16, 5, 10, 21, 31, 11, 25, 17, 13, 29, 7, 14, 9, None, None, None, None, None, None, None, None, None, None, None, None]
n=5: 5801.4s, 9997631488 attempts, 48916600 affine nodes, 1 representatives; [0, 1, 2, 4, 3, 6, 8, 16, 5, 10, 22, 13, 18, 27, 9, 23, 30, 25, None, None, None, None, None, None, None, None, None, None, None, None, None, None]
n=5: 5821.4s, 10032496640 attempts, 49029071 affine nodes, 1 representatives; [0, 1, 2, 4, 3, 6, 8, 16, 5, 10, 22, 18, 31, 14, 27, 19, 7, 17, 11, 23, None, None, None, None, None, None, None, None, None, None, None, None]
n=5: 5841.4s, 10067279872 attempts, 49145040 affine nodes, 1 representatives; [0, 1, 2, 4, 3, 6, 8, 16, 5, 10, 22, 24, 25, 19, 12, 15, 20, 31, 18, None, None, None, None, None, None, None, None, None, None, None, None, None]
n=5: 5861.4s, 10102063104 attempts, 49282498 affine nodes, 1 representatives; [0, 1, 2, 4, 3, 6, 8, 16, 5, 10, 22, 30, 19, 24, 31, 17, 20, 15, 21, None, None, None, None, None, None, None, None, None, None, None, None, None]
n=5: 5881.4s, 10136567808 attempts, 49375688 affine nodes, 1 representatives; [0, 1, 2, 4, 3, 6, 8, 16, 5, 10, 23, 7, 25, 27, 19, 14, 11, 12, 21, None, None, None, None, None, None, None, None, None, None, None, None, None]
n=5: 5901.4s, 10171465728 attempts, 49451896 affine nodes, 1 representatives; [0, 1, 2, 4, 3, 6, 8, 16, 5, 10, 23, 12, 14, 17, 9, 30, 19, 27, 13, 7, None, None, None, None, None, None, None, None, None, None, None, None]
n=5: 5921.4s, 10206363648 attempts, 49517957 affine nodes, 1 representatives; [0, 1, 2, 4, 3, 6, 8, 16, 5, 10, 23, 13, 27, 31, 24, 15, 28, 12, 9, None, None, None, None, None, None, None, None, None, None, None, None, None]
n=5: 5941.4s, 10240753664 attempts, 49605505 affine nodes, 1 representatives; [0, 1, 2, 4, 3, 6, 8, 16, 5, 10, 23, 19, 29, 12, 30, 22, 21, 14, 25, 15, None, None, None, None, None, None, None, None, None, None, None, None]
n=5: 5961.4s, 10275438592 attempts, 49677859 affine nodes, 1 representatives; [0, 1, 2, 4, 3, 6, 8, 16, 5, 10, 23, 21, 19, 26, 27, 15, 14, 30, 18, 7, None, None, None, None, None, None, None, None, None, None, None, None]
n=5: 5981.4s, 10310189056 attempts, 49771945 affine nodes, 1 representatives; [0, 1, 2, 4, 3, 6, 8, 16, 5, 10, 23, 26, 25, 14, 21, 7, 9, 13, 29, None, None, None, None, None, None, None, None, None, None, None, None, None]
n=5: 6001.4s, 10344677376 attempts, 49860870 affine nodes, 1 representatives; [0, 1, 2, 4, 3, 6, 8, 16, 5, 10, 23, 30, 7, 18, 27, 13, 20, 24, 29, None, None, None, None, None, None, None, None, None, None, None, None, None]
n=5: 6021.4s, 10379034624 attempts, 49937287 affine nodes, 1 representatives; [0, 1, 2, 4, 3, 6, 8, 16, 5, 10, 23, 31, 28, 18, 11, 9, 12, 25, 22, None, None, None, None, None, None, None, None, None, None, None, None, None]
n=5: 6041.4s, 10412589056 attempts, 50051874 affine nodes, 1 representatives; [0, 1, 2, 4, 3, 6, 8, 16, 5, 10, 24, 12, 7, 26, 21, 23, 29, 20, None, None, None, None, None, None, None, None, None, None, None, None, None, None]
n=5: 6061.4s, 10446749696 attempts, 50158068 affine nodes, 1 representatives; [0, 1, 2, 4, 3, 6, 8, 16, 5, 10, 24, 14, 13, 22, 19, 25, 28, 18, 11, None, None, None, None, None, None, None, None, None, None, None, None, None]
n=5: 6081.4s, 10481025024 attempts, 50271091 affine nodes, 1 representatives; [0, 1, 2, 4, 3, 6, 8, 16, 5, 10, 24, 18, 20, 25, 19, 13, 30, 15, 17, 21, None, None, None, None, None, None, None, None, None, None, None, None]
n=5: 6101.4s, 10515546112 attempts, 50372486 affine nodes, 1 representatives; [0, 1, 2, 4, 3, 6, 8, 16, 5, 10, 24, 20, 27, 15, 19, 14, 23, 28, 12, None, None, None, None, None, None, None, None, None, None, None, None, None]
n=5: 6121.5s, 10550067200 attempts, 50506171 affine nodes, 1 representatives; [0, 1, 2, 4, 3, 6, 8, 16, 5, 10, 24, 27, 22, 20, 30, 19, 14, 26, 29, 25, None, None, None, None, None, None, None, None, None, None, None, None]
n=5: 6141.5s, 10584801280 attempts, 50616433 affine nodes, 1 representatives; [0, 1, 2, 4, 3, 6, 8, 16, 5, 10, 26, 9, 7, 21, 18, 17, 30, 25, 20, 11, None, None, None, None, None, None, None, None, None, None, None, None]
n=5: 6161.5s, 10619518976 attempts, 50707196 affine nodes, 1 representatives; [0, 1, 2, 4, 3, 6, 8, 16, 5, 10, 26, 13, 7, 11, 9, 31, 14, 29, 22, None, None, None, None, None, None, None, None, None, None, None, None, None]
n=5: 6181.5s, 10654236672 attempts, 50812451 affine nodes, 1 representatives; [0, 1, 2, 4, 3, 6, 8, 16, 5, 10, 26, 17, 23, 12, 22, 15, 13, 27, 9, None, None, None, None, None, None, None, None, None, None, None, None, None]
n=5: 6201.5s, 10688954368 attempts, 50887834 affine nodes, 1 representatives; [0, 1, 2, 4, 3, 6, 8, 16, 5, 10, 26, 19, 9, 24, 30, 18, 25, 27, 17, None, None, None, None, None, None, None, None, None, None, None, None, None]
n=5: 6221.5s, 10723557376 attempts, 50992393 affine nodes, 1 representatives; [0, 1, 2, 4, 3, 6, 8, 16, 5, 10, 26, 23, 25, 17, 9, 31, 24, 7, 15, None, None, None, None, None, None, None, None, None, None, None, None, None]
n=5: 6241.5s, 10758193152 attempts, 51089844 affine nodes, 1 representatives; [0, 1, 2, 4, 3, 6, 8, 16, 5, 10, 26, 25, 31, 21, 18, 9, 11, 29, 15, None, None, None, None, None, None, None, None, None, None, None, None, None]
n=5: 6261.5s, 10792845312 attempts, 51221665 affine nodes, 1 representatives; [0, 1, 2, 4, 3, 6, 8, 16, 5, 10, 27, 9, 7, 26, 19, 30, 11, 12, 25, 13, None, None, None, None, None, None, None, None, None, None, None, None]
n=5: 6281.5s, 10827579392 attempts, 51339013 affine nodes, 1 representatives; [0, 1, 2, 4, 3, 6, 8, 16, 5, 10, 27, 13, 23, 14, 19, 17, 24, 12, 11, None, None, None, None, None, None, None, None, None, None, None, None, None]
n=5: 6301.5s, 10862297088 attempts, 51486980 affine nodes, 1 representatives; [0, 1, 2, 4, 3, 6, 8, 16, 5, 10, 27, 19, 9, 21, 18, 28, 20, 15, 23, None, None, None, None, None, None, None, None, None, None, None, None, None]
n=5: 6321.5s, 10896998400 attempts, 51621166 affine nodes, 1 representatives; [0, 1, 2, 4, 3, 6, 8, 16, 5, 10, 27, 24, 9, 22, 29, 17, 25, 14, 21, None, None, None, None, None, None, None, None, None, None, None, None, None]
n=5: 6341.5s, 10931683328 attempts, 51791655 affine nodes, 1 representatives; [0, 1, 2, 4, 3, 6, 8, 16, 5, 10, 28, 9, 7, 29, 24, 15, 27, 11, None, None, None, None, None, None, None, None, None, None, None, None, None, None]
n=5: 6361.5s, 10966515712 attempts, 51905299 affine nodes, 1 representatives; [0, 1, 2, 4, 3, 6, 8, 16, 5, 10, 28, 13, 23, 31, 24, 15, 20, 19, 9, 11, None, None, None, None, None, None, None, None, None, None, None, None]
n=5: 6381.5s, 11001298944 attempts, 52046877 affine nodes, 1 representatives; [0, 1, 2, 4, 3, 6, 8, 16, 5, 10, 28, 20, 7, 11, 19, 15, 26, 23, None, None, None, None, None, None, None, None, None, None, None, None, None, None]
n=5: 6401.5s, 11035787264 attempts, 52167056 affine nodes, 1 representatives; [0, 1, 2, 4, 3, 6, 8, 16, 5, 10, 28, 23, 27, 11, 12, 19, 17, 15, 13, 20, None, None, None, None, None, None, None, None, None, None, None, None]
n=5: 6421.5s, 11070439424 attempts, 52308018 affine nodes, 1 representatives; [0, 1, 2, 4, 3, 6, 8, 16, 5, 10, 28, 31, 14, 25, 21, 7, 18, 24, 26, None, None, None, None, None, None, None, None, None, None, None, None, None]
n=5: 6441.5s, 11105222656 attempts, 52445264 affine nodes, 1 representatives; [0, 1, 2, 4, 3, 6, 8, 16, 5, 10, 29, 12, 20, 11, 21, 18, 13, 7, 17, None, None, None, None, None, None, None, None, None, None, None, None, None]
n=5: 6461.5s, 11139989504 attempts, 52585917 affine nodes, 1 representatives; [0, 1, 2, 4, 3, 6, 8, 16, 5, 10, 29, 17, 20, 22, 11, 30, 28, 15, 26, 12, 25, None, None, None, None, None, None, None, None, None, None, None]
n=5: 6481.5s, 11174543360 attempts, 52738746 affine nodes, 1 representatives; [0, 1, 2, 4, 3, 6, 8, 16, 5, 10, 29, 21, 27, 11, 17, 7, 18, 22, 20, None, None, None, None, None, None, None, None, None, None, None, None, None]
n=5: 6501.6s, 11209146368 attempts, 52889830 affine nodes, 1 representatives; [0, 1, 2, 4, 3, 6, 8, 16, 5, 10, 29, 30, 18, 27, 17, 7, 13, 19, 31, 21, None, None, None, None, None, None, None, None, None, None, None, None]
n=5: 6521.6s, 11243880448 attempts, 53026656 affine nodes, 1 representatives; [0, 1, 2, 4, 3, 6, 8, 16, 5, 10, 30, 9, 23, 29, 22, 15, 14, 28, 20, None, None, None, None, None, None, None, None, None, None, None, None, None]
n=5: 6541.6s, 11278712832 attempts, 53125448 affine nodes, 1 representatives; [0, 1, 2, 4, 3, 6, 8, 16, 5, 10, 30, 13, 25, 20, 21, 9, 12, 19, 15, None, None, None, None, None, None, None, None, None, None, None, None, None]
n=5: 6561.6s, 11313430528 attempts, 53234240 affine nodes, 1 representatives; [0, 1, 2, 4, 3, 6, 8, 16, 5, 10, 30, 19, 11, 29, 27, 17, 31, 15, 13, None, None, None, None, None, None, None, None, None, None, None, None, None]
n=5: 6581.6s, 11348066304 attempts, 53364581 affine nodes, 1 representatives; [0, 1, 2, 4, 3, 6, 8, 16, 5, 10, 30, 23, 13, 18, 11, 17, 21, 25, 28, None, None, None, None, None, None, None, None, None, None, None, None, None]
n=5: 6601.6s, 11382390784 attempts, 53491908 affine nodes, 1 representatives; [0, 1, 2, 4, 3, 6, 8, 16, 5, 10, 30, 29, 9, 27, 23, 14, 19, 20, 21, 24, None, None, None, None, None, None, None, None, None, None, None, None]
n=5: 6621.6s, 11417010176 attempts, 53643490 affine nodes, 1 representatives; [0, 1, 2, 4, 3, 6, 8, 16, 5, 10, 31, 13, 27, 11, 22, 26, 24, 14, 7, None, None, None, None, None, None, None, None, None, None, None, None, None]
n=5: 6641.6s, 11451383808 attempts, 53802681 affine nodes, 1 representatives; [0, 1, 2, 4, 3, 6, 8, 16, 5, 10, 31, 19, 25, 26, 22, 30, 12, 11, 28, None, None, None, None, None, None, None, None, None, None, None, None, None]
n=5: 6661.6s, 11485544448 attempts, 53943109 affine nodes, 1 representatives; [0, 1, 2, 4, 3, 6, 8, 16, 5, 10, 31, 24, 7, 20, 19, 30, 25, 15, 23, 28, None, None, None, None, None, None, None, None, None, None, None, None]
n=5: 6681.6s, 11519918080 attempts, 54103374 affine nodes, 1 representatives; [0, 1, 2, 4, 3, 6, 8, 16, 5, 11, 9, 18, 31, 10, 23, 20, 28, 17, 15, None, None, None, None, None, None, None, None, None, None, None, None, None]
n=5: 6701.6s, 11554144256 attempts, 54248476 affine nodes, 1 representatives; [0, 1, 2, 4, 3, 6, 8, 16, 5, 11, 9, 23, 10, 28, 25, 22, 31, 15, None, None, None, None, None, None, None, None, None, None, None, None, None, None]
n=5: 6721.6s, 11588616192 attempts, 54365637 affine nodes, 1 representatives; [0, 1, 2, 4, 3, 6, 8, 16, 5, 11, 9, 25, 20, 22, 23, 24, 21, 30, 14, 31, None, None, None, None, None, None, None, None, None, None, None, None]
n=5: 6741.6s, 11623022592 attempts, 54492387 affine nodes, 1 representatives; [0, 1, 2, 4, 3, 6, 8, 16, 5, 11, 9, 28, 19, 17, 23, 24, 15, 29, 20, None, None, None, None, None, None, None, None, None, None, None, None, None]
n=5: 6761.6s, 11657379840 attempts, 54636749 affine nodes, 1 representatives; [0, 1, 2, 4, 3, 6, 8, 16, 5, 11, 10, 17, 23, 20, 25, 13, 26, 7, 30, None, None, None, None, None, None, None, None, None, None, None, None, None]
n=5: 6781.6s, 11692032000 attempts, 54789897 affine nodes, 1 representatives; [0, 1, 2, 4, 3, 6, 8, 16, 5, 11, 10, 23, 12, 29, 24, 28, 7, 25, None, None, None, None, None, None, None, None, None, None, None, None, None, None]
n=5: 6801.6s, 11726749696 attempts, 54903482 affine nodes, 1 representatives; [0, 1, 2, 4, 3, 6, 8, 16, 5, 11, 10, 25, 23, 29, 17, 7, 31, 13, 18, None, None, None, None, None, None, None, None, None, None, None, None, None]
n=5: 6821.6s, 11761385472 attempts, 55048629 affine nodes, 1 representatives; [0, 1, 2, 4, 3, 6, 8, 16, 5, 11, 10, 30, 12, 29, 17, 7, 9, 28, 13, None, None, None, None, None, None, None, None, None, None, None, None, None]
n=5: 6841.6s, 11796021248 attempts, 55167700 affine nodes, 1 representatives; [0, 1, 2, 4, 3, 6, 8, 16, 5, 11, 12, 17, 31, 21, 28, 19, 30, 29, None, None, None, None, None, None, None, None, None, None, None, None, None, None]
n=5: 6861.6s, 11830575104 attempts, 55257370 affine nodes, 1 representatives; [0, 1, 2, 4, 3, 6, 8, 16, 5, 11, 12, 21, 22, 27, 9, 23, 14, 10, 18, None, None, None, None, None, None, None, None, None, None, None, None, None]
n=5: 6881.6s, 11865194496 attempts, 55340271 affine nodes, 1 representatives; [0, 1, 2, 4, 3, 6, 8, 16, 5, 11, 12, 24, 21, 10, 31, 13, 7, 30, 18, 15, None, None, None, None, None, None, None, None, None, None, None, None]
n=5: 6901.6s, 11899961344 attempts, 55423100 affine nodes, 1 representatives; [0, 1, 2, 4, 3, 6, 8, 16, 5, 11, 12, 26, 22, 15, 21, 7, 18, 13, 20, 30, None, None, None, None, None, None, None, None, None, None, None, None]
n=5: 6921.7s, 11934023680 attempts, 55519562 affine nodes, 1 representatives; [0, 1, 2, 4, 3, 6, 8, 16, 5, 11, 12, 30, 10, 27, 29, 31, 14, 9, 21, 15, None, None, None, None, None, None, None, None, None, None, None, None]
n=5: 6941.7s, 11968413696 attempts, 55638386 affine nodes, 1 representatives; [0, 1, 2, 4, 3, 6, 8, 16, 5, 11, 13, 18, 19, 27, 28, 22, 21, 24, 25, 15, None, None, None, None, None, None, None, None, None, None, None, None]
n=5: 6961.7s, 12002902016 attempts, 55829806 affine nodes, 1 representatives; [0, 1, 2, 4, 3, 6, 8, 16, 5, 11, 13, 28, 22, 26, 17, 30, 9, 27, 20, None, None, None, None, None, None, None, None, None, None, None, None, None]
n=5: 6981.7s, 12037570560 attempts, 55972559 affine nodes, 1 representatives; [0, 1, 2, 4, 3, 6, 8, 16, 5, 11, 17, 12, 27, 15, 24, 14, 9, 25, 22, None, None, None, None, None, None, None, None, None, None, None, None, None]
n=5: 7001.7s, 12071911424 attempts, 56115937 affine nodes, 1 representatives; [0, 1, 2, 4, 3, 6, 8, 16, 5, 11, 17, 18, 26, 14, 19, 28, 24, None, None, None, None, None, None, None, None, None, None, None, None, None, None, None]
n=5: 7021.7s, 12106088448 attempts, 56281925 affine nodes, 1 representatives; [0, 1, 2, 4, 3, 6, 8, 16, 5, 11, 17, 25, 18, 15, 24, 31, 19, 26, 12, None, None, None, None, None, None, None, None, None, None, None, None, None]
n=5: 7041.7s, 12140281856 attempts, 56434202 affine nodes, 1 representatives; [0, 1, 2, 4, 3, 6, 8, 16, 5, 11, 17, 28, 30, 18, 19, 15, 27, 10, 23, None, None, None, None, None, None, None, None, None, None, None, None, None]
n=5: 7061.7s, 12173852672 attempts, 56581606 affine nodes, 1 representatives; [0, 1, 2, 4, 3, 6, 8, 16, 5, 11, 18, 15, 14, 20, 22, 25, 24, 12, None, None, None, None, None, None, None, None, None, None, None, None, None, None]
n=5: 7081.7s, 12207702016 attempts, 56716258 affine nodes, 1 representatives; [0, 1, 2, 4, 3, 6, 8, 16, 5, 11, 18, 24, 20, 15, 9, 29, 31, 19, 28, None, None, None, None, None, None, None, None, None, None, None, None, None]
n=5: 7101.7s, 12241010688 attempts, 56838481 affine nodes, 1 representatives; [0, 1, 2, 4, 3, 6, 8, 16, 5, 11, 18, 27, 20, 13, 26, 14, 25, 21, None, None, None, None, None, None, None, None, None, None, None, None, None, None]
n=5: 7121.7s, 12275236864 attempts, 56977048 affine nodes, 1 representatives; [0, 1, 2, 4, 3, 6, 8, 16, 5, 11, 20, 10, 19, 28, 14, 17, 21, 18, 15, None, None, None, None, None, None, None, None, None, None, None, None, None]
n=5: 7141.7s, 12309446656 attempts, 57105070 affine nodes, 1 representatives; [0, 1, 2, 4, 3, 6, 8, 16, 5, 11, 20, 19, 27, 22, 26, 17, 25, 10, 29, None, None, None, None, None, None, None, None, None, None, None, None, None]
n=5: 7161.7s, 12343132160 attempts, 57229510 affine nodes, 1 representatives; [0, 1, 2, 4, 3, 6, 8, 16, 5, 11, 20, 25, 31, 21, 24, 15, 14, 17, None, None, None, None, None, None, None, None, None, None, None, None, None, None]
n=5: 7181.7s, 12377522176 attempts, 57357981 affine nodes, 1 representatives; [0, 1, 2, 4, 3, 6, 8, 16, 5, 11, 20, 31, 23, 21, 24, 17, 13, 9, 14, 19, None, None, None, None, None, None, None, None, None, None, None, None]
n=5: 7201.7s, 12412076032 attempts, 57513540 affine nodes, 1 representatives; [0, 1, 2, 4, 3, 6, 8, 16, 5, 11, 21, 17, 26, 24, 25, 13, 14, 30, 7, None, None, None, None, None, None, None, None, None, None, None, None, None]
n=5: 7221.7s, 12446547968 attempts, 57644417 affine nodes, 1 representatives; [0, 1, 2, 4, 3, 6, 8, 16, 5, 11, 21, 25, 28, 20, 24, 27, 9, 19, None, None, None, None, None, None, None, None, None, None, None, None, None, None]
n=5: 7241.7s, 12481052672 attempts, 57794115 affine nodes, 1 representatives; [0, 1, 2, 4, 3, 6, 8, 16, 5, 11, 22, 12, 14, 10, 26, 18, 7, 25, 24, None, None, None, None, None, None, None, None, None, None, None, None, None]
n=5: 7261.7s, 12515688448 attempts, 57911310 affine nodes, 1 representatives; [0, 1, 2, 4, 3, 6, 8, 16, 5, 11, 22, 18, 10, 21, 23, 27, 7, 19, 15, 30, None, None, None, None, None, None, None, None, None, None, None, None]
n=5: 7281.7s, 12550160384 attempts, 58034380 affine nodes, 1 representatives; [0, 1, 2, 4, 3, 6, 8, 16, 5, 11, 22, 26, 14, 29, 10, 30, 12, 19, 13, 20, None, None, None, None, None, None, None, None, None, None, None, None]
n=5: 7301.7s, 12584878080 attempts, 58157419 affine nodes, 1 representatives; [0, 1, 2, 4, 3, 6, 8, 16, 5, 11, 23, 7, 27, 10, 18, 30, 9, 29, 15, None, None, None, None, None, None, None, None, None, None, None, None, None]
n=5: 7321.7s, 12619726848 attempts, 58244646 affine nodes, 1 representatives; [0, 1, 2, 4, 3, 6, 8, 16, 5, 11, 23, 12, 30, 10, 31, 22, 28, 17, None, None, None, None, None, None, None, None, None, None, None, None, None, None]
n=5: 7341.7s, 12654592000 attempts, 58362490 affine nodes, 1 representatives; [0, 1, 2, 4, 3, 6, 8, 16, 5, 11, 23, 21, 12, 26, 31, 20, 27, 28, 10, None, None, None, None, None, None, None, None, None, None, None, None, None]
n=5: 7361.8s, 12689014784 attempts, 58470088 affine nodes, 1 representatives; [0, 1, 2, 4, 3, 6, 8, 16, 5, 11, 23, 27, 12, 29, 10, 25, 17, 7, 13, None, None, None, None, None, None, None, None, None, None, None, None, None]
n=5: 7381.8s, 12722339840 attempts, 58577591 affine nodes, 1 representatives; [0, 1, 2, 4, 3, 6, 8, 16, 5, 11, 23, 31, 14, 20, 30, 25, 9, 28, 26, 22, None, None, None, None, None, None, None, None, None, None, None, None]
n=5: 7401.8s, 12755910656 attempts, 58674356 affine nodes, 1 representatives; [0, 1, 2, 4, 3, 6, 8, 16, 5, 11, 25, 10, 21, 28, 17, 19, 7, 22, 20, None, None, None, None, None, None, None, None, None, None, None, None, None]
n=5: 7421.8s, 12790349824 attempts, 58784068 affine nodes, 1 representatives; [0, 1, 2, 4, 3, 6, 8, 16, 5, 11, 25, 13, 28, 10, 21, 29, 12, 19, None, None, None, None, None, None, None, None, None, None, None, None, None, None]
n=5: 7441.8s, 12824756224 attempts, 58893162 affine nodes, 1 representatives; [0, 1, 2, 4, 3, 6, 8, 16, 5, 11, 25, 18, 10, 17, 29, 23, 20, 22, 19, 27, None, None, None, None, None, None, None, None, None, None, None, None]
n=5: 7461.8s, 12859326464 attempts, 59021952 affine nodes, 1 representatives; [0, 1, 2, 4, 3, 6, 8, 16, 5, 11, 25, 21, 12, 18, 31, 20, 7, 15, 30, None, None, None, None, None, None, None, None, None, None, None, None, None]
n=5: 7481.8s, 12894011392 attempts, 59162080 affine nodes, 1 representatives; [0, 1, 2, 4, 3, 6, 8, 16, 5, 11, 25, 30, 22, 18, 23, 28, 21, 7, 15, None, None, None, None, None, None, None, None, None, None, None, None, None]
n=5: 7501.8s, 12928745472 attempts, 59291306 affine nodes, 1 representatives; [0, 1, 2, 4, 3, 6, 8, 16, 5, 11, 26, 12, 30, 17, 9, 27, 10, 25, 22, 31, None, None, None, None, None, None, None, None, None, None, None, None]
n=5: 7521.8s, 12963561472 attempts, 59432597 affine nodes, 1 representatives; [0, 1, 2, 4, 3, 6, 8, 16, 5, 11, 26, 18, 19, 14, 23, 27, 24, 15, 9, 29, None, None, None, None, None, None, None, None, None, None, None, None]
n=5: 7541.8s, 12998295552 attempts, 59571100 affine nodes, 1 representatives; [0, 1, 2, 4, 3, 6, 8, 16, 5, 11, 26, 24, 10, 13, 23, 29, 28, 15, 27, None, None, None, None, None, None, None, None, None, None, None, None, None]
n=5: 7561.8s, 13033029632 attempts, 59732566 affine nodes, 1 representatives; [0, 1, 2, 4, 3, 6, 8, 16, 5, 11, 27, 10, 18, 24, 29, 15, 26, 23, 14, None, None, None, None, None, None, None, None, None, None, None, None, None]
n=5: 7581.8s, 13068058624 attempts, 59839432 affine nodes, 1 representatives; [0, 1, 2, 4, 3, 6, 8, 16, 5, 11, 27, 15, 28, 24, 14, 17, 22, 10, None, None, None, None, None, None, None, None, None, None, None, None, None, None]
n=5: 7601.8s, 13102956544 attempts, 59951501 affine nodes, 1 representatives; [0, 1, 2, 4, 3, 6, 8, 16, 5, 11, 27, 20, 28, 30, 21, 7, 26, 18, 10, None, None, None, None, None, None, None, None, None, None, None, None, None]
n=5: 7621.8s, 13137772544 attempts, 60080721 affine nodes, 1 representatives; [0, 1, 2, 4, 3, 6, 8, 16, 5, 11, 27, 31, 14, 19, 30, 15, 25, 26, 12, 28, None, None, None, None, None, None, None, None, None, None, None, None]
n=5: 7641.8s, 13172572160 attempts, 60202297 affine nodes, 1 representatives; [0, 1, 2, 4, 3, 6, 8, 16, 5, 11, 28, 12, 19, 25, 9, 31, 26, 23, 15, 27, None, None, None, None, None, None, None, None, None, None, None, None]
n=5: 7661.8s, 13207306240 attempts, 60318469 affine nodes, 1 representatives; [0, 1, 2, 4, 3, 6, 8, 16, 5, 11, 28, 17, 10, 30, 24, 23, 18, 27, 20, None, None, None, None, None, None, None, None, None, None, None, None, None]
n=5: 7681.8s, 13241810944 attempts, 60448111 affine nodes, 1 representatives; [0, 1, 2, 4, 3, 6, 8, 16, 5, 11, 28, 21, 22, 30, 18, 15, 10, 14, 24, None, None, None, None, None, None, None, None, None, None, None, None, None]
n=5: 7701.8s, 13276594176 attempts, 60587537 affine nodes, 1 representatives; [0, 1, 2, 4, 3, 6, 8, 16, 5, 11, 28, 30, 10, 25, 17, 24, 7, 15, None, None, None, None, None, None, None, None, None, None, None, None, None, None]
n=5: 7721.8s, 13311295488 attempts, 60757165 affine nodes, 1 representatives; [0, 1, 2, 4, 3, 6, 8, 16, 5, 11, 29, 12, 27, 24, 19, 23, 13, 18, 9, None, None, None, None, None, None, None, None, None, None, None, None, None]
n=5: 7741.8s, 13346013184 attempts, 60947177 affine nodes, 1 representatives; [0, 1, 2, 4, 3, 6, 8, 16, 5, 11, 29, 25, 10, 28, 22, 20, 21, 26, 31, 15, None, None, None, None, None, None, None, None, None, None, None, None]
n=5: 7761.9s, 13380812800 attempts, 61141828 affine nodes, 1 representatives; [0, 1, 2, 4, 3, 6, 8, 16, 5, 11, 30, 12, 21, 10, 24, 19, 13, 15, 18, 26, None, None, None, None, None, None, None, None, None, None, None, None]
n=5: 7781.9s, 13415710720 attempts, 61269727 affine nodes, 1 representatives; [0, 1, 2, 4, 3, 6, 8, 16, 5, 11, 30, 18, 23, 28, 22, 15, 24, 27, 20, 29, None, None, None, None, None, None, None, None, None, None, None, None]
n=5: 7801.9s, 13450543104 attempts, 61455850 affine nodes, 1 representatives; [0, 1, 2, 4, 3, 6, 8, 16, 5, 11, 30, 28, 20, 10, 18, 25, 9, 19, 24, None, None, None, None, None, None, None, None, None, None, None, None, None]
n=5: 7821.9s, 13485342720 attempts, 61609052 affine nodes, 1 representatives; [0, 1, 2, 4, 3, 6, 8, 16, 5, 11, 31, 15, 24, 19, 30, 7, 29, 10, 17, None, None, None, None, None, None, None, None, None, None, None, None, None]
n=5: 7841.9s, 13519945728 attempts, 61773277 affine nodes, 1 representatives; [0, 1, 2, 4, 3, 6, 8, 16, 5, 11, 31, 23, 22, 25, 9, 30, 27, 7, None, None, None, None, None, None, None, None, None, None, None, None, None, None]
n=5: 7861.9s, 13554630656 attempts, 61936515 affine nodes, 1 representatives; [0, 1, 2, 4, 3, 6, 8, 16, 5, 17, 9, 13, 7, 29, 28, 18, 20, 11, 25, 22, None, None, None, None, None, None, None, None, None, None, None, None]
n=5: 7881.9s, 13589413888 attempts, 62065212 affine nodes, 1 representatives; [0, 1, 2, 4, 3, 6, 8, 16, 5, 17, 9, 18, 30, 28, 26, 7, 11, 15, 20, 29, None, None, None, None, None, None, None, None, None, None, None, None]
n=5: 7901.9s, 13624262656 attempts, 62197044 affine nodes, 1 representatives; [0, 1, 2, 4, 3, 6, 8, 16, 5, 17, 9, 24, 20, 30, 25, 14, 26, 7, None, None, None, None, None, None, None, None, None, None, None, None, None, None]
n=5: 7921.9s, 13659078656 attempts, 62318558 affine nodes, 1 representatives; [0, 1, 2, 4, 3, 6, 8, 16, 5, 17, 9, 30, 7, 29, 31, 23, 20, 13, 26, None, None, None, None, None, None, None, None, None, None, None, None, None]
n=5: 7941.9s, 13693665280 attempts, 62462457 affine nodes, 1 representatives; [0, 1, 2, 4, 3, 6, 8, 16, 5, 17, 10, 13, 14, 19, 25, 11, 12, 7, 29, 21, None, None, None, None, None, None, None, None, None, None, None, None]
n=5: 7961.9s, 13728415744 attempts, 62587127 affine nodes, 1 representatives; [0, 1, 2, 4, 3, 6, 8, 16, 5, 17, 10, 21, 30, 19, 11, 9, 28, 23, 29, 20, None, None, None, None, None, None, None, None, None, None, None, None]
n=5: 7981.9s, 13763182592 attempts, 62677876 affine nodes, 1 representatives; [0, 1, 2, 4, 3, 6, 8, 16, 5, 17, 10, 24, 22, 20, 27, 23, 21, 12, 7, None, None, None, None, None, None, None, None, None, None, None, None, None]
n=5: 8001.9s, 13797916672 attempts, 62779269 affine nodes, 1 representatives; [0, 1, 2, 4, 3, 6, 8, 16, 5, 17, 10, 27, 26, 29, 18, 7, 20, 31, 11, 25, None, None, None, None, None, None, None, None, None, None, None, None]
n=5: 8021.9s, 13832617984 attempts, 62928503 affine nodes, 1 representatives; [0, 1, 2, 4, 3, 6, 8, 16, 5, 17, 11, 9, 12, 21, 29, 26, 14, 31, 18, 25, None, None, None, None, None, None, None, None, None, None, None, None]
n=5: 8041.9s, 13867368448 attempts, 63038720 affine nodes, 1 representatives; [0, 1, 2, 4, 3, 6, 8, 16, 5, 17, 11, 15, 22, 29, 27, 20, 30, 18, 10, None, None, None, None, None, None, None, None, None, None, None, None, None]
n=5: 8061.9s, 13902282752 attempts, 63170495 affine nodes, 1 representatives; [0, 1, 2, 4, 3, 6, 8, 16, 5, 17, 11, 23, 22, 26, 28, 10, 13, 20, 25, None, None, None, None, None, None, None, None, None, None, None, None, None]
n=5: 8081.9s, 13937115136 attempts, 63285653 affine nodes, 1 representatives; [0, 1, 2, 4, 3, 6, 8, 16, 5, 17, 11, 27, 7, 20, 28, 10, 26, 29, 9, 21, None, None, None, None, None, None, None, None, None, None, None, None]
n=5: 8101.9s, 13971800064 attempts, 63461374 affine nodes, 1 representatives; [0, 1, 2, 4, 3, 6, 8, 16, 5, 17, 12, 14, 21, 30, 9, 24, 7, 15, 25, 11, None, None, None, None, None, None, None, None, None, None, None, None]
n=5: 8121.9s, 14006534144 attempts, 63566739 affine nodes, 1 representatives; [0, 1, 2, 4, 3, 6, 8, 16, 5, 17, 12, 18, 25, 15, 29, 22, 10, 31, None, None, None, None, None, None, None, None, None, None, None, None, None, None]
n=5: 8142.0s, 14041333760 attempts, 63676520 affine nodes, 1 representatives; [0, 1, 2, 4, 3, 6, 8, 16, 5, 17, 12, 23, 28, 30, 31, 22, 29, 25, 14, None, None, None, None, None, None, None, None, None, None, None, None, None]
n=5: 8162.0s, 14076182528 attempts, 63806075 affine nodes, 1 representatives; [0, 1, 2, 4, 3, 6, 8, 16, 5, 17, 12, 28, 30, 15, 9, 20, 22, 21, 11, None, None, None, None, None, None, None, None, None, None, None, None, None]
n=5: 8182.0s, 14110965760 attempts, 63920882 affine nodes, 1 representatives; [0, 1, 2, 4, 3, 6, 8, 16, 5, 17, 12, 31, 11, 25, 30, 9, 29, 7, 28, None, None, None, None, None, None, None, None, None, None, None, None, None]
n=5: 8202.0s, 14145830912 attempts, 64039982 affine nodes, 1 representatives; [0, 1, 2, 4, 3, 6, 8, 16, 5, 17, 13, 10, 30, 26, 29, 22, 21, 14, None, None, None, None, None, None, None, None, None, None, None, None, None, None]
n=5: 8222.0s, 14180597760 attempts, 64152497 affine nodes, 1 representatives; [0, 1, 2, 4, 3, 6, 8, 16, 5, 17, 13, 18, 11, 21, 23, 10, 24, 14, 28, None, None, None, None, None, None, None, None, None, None, None, None, None]
n=5: 8242.0s, 14215626752 attempts, 64261924 affine nodes, 1 representatives; [0, 1, 2, 4, 3, 6, 8, 16, 5, 17, 13, 24, 21, 31, 19, 14, 7, 25, 20, None, None, None, None, None, None, None, None, None, None, None, None, None]
n=5: 8262.0s, 14250475520 attempts, 64403287 affine nodes, 1 representatives; [0, 1, 2, 4, 3, 6, 8, 16, 5, 17, 13, 29, 22, 15, 9, 28, 7, 27, 30, 26, None, None, None, None, None, None, None, None, None, None, None, None]
n=5: 8282.0s, 14285258752 attempts, 64543139 affine nodes, 1 representatives; [0, 1, 2, 4, 3, 6, 8, 16, 5, 17, 15, 12, 26, 19, 28, 10, 11, 21, 30, None, None, None, None, None, None, None, None, None, None, None, None, None]
n=5: 8302.0s, 14320025600 attempts, 64658636 affine nodes, 1 representatives; [0, 1, 2, 4, 3, 6, 8, 16, 5, 17, 15, 21, 20, 10, 18, 24, 26, 30, 25, None, None, None, None, None, None, None, None, None, None, None, None, None]
n=5: 8322.0s, 14354710528 attempts, 64766965 affine nodes, 1 representatives; [0, 1, 2, 4, 3, 6, 8, 16, 5, 17, 15, 25, 28, 21, 29, 14, 22, 13, 10, 26, None, None, None, None, None, None, None, None, None, None, None, None]
n=5: 8342.0s, 14389428224 attempts, 64902824 affine nodes, 1 representatives; [0, 1, 2, 4, 3, 6, 8, 16, 5, 17, 15, 31, 9, 13, 26, 22, 29, 7, 28, None, None, None, None, None, None, None, None, None, None, None, None, None]
n=5: 8362.0s, 14424162304 attempts, 65054919 affine nodes, 1 representatives; [0, 1, 2, 4, 3, 6, 8, 16, 5, 17, 20, 13, 27, 21, 12, 15, 14, None, None, None, None, None, None, None, None, None, None, None, None, None, None, None]
n=5: 8382.0s, 14458961920 attempts, 65200884 affine nodes, 1 representatives; [0, 1, 2, 4, 3, 6, 8, 16, 5, 17, 20, 25, 10, 21, 18, 11, 23, None, None, None, None, None, None, None, None, None, None, None, None, None, None, None]
n=5: 8402.0s, 14492909568 attempts, 65358336 affine nodes, 1 representatives; [0, 1, 2, 4, 3, 6, 8, 16, 5, 17, 20, 29, 30, 13, 10, 31, 7, 23, 28, None, None, None, None, None, None, None, None, None, None, None, None, None]
n=5: 8422.0s, 14526824448 attempts, 65487808 affine nodes, 1 representatives; [0, 1, 2, 4, 3, 6, 8, 16, 5, 17, 22, 9, 31, 20, 10, 23, 29, 25, 27, None, None, None, None, None, None, None, None, None, None, None, None, None]
n=5: 8442.0s, 14560526336 attempts, 65570733 affine nodes, 1 representatives; [0, 1, 2, 4, 3, 6, 8, 16, 5, 17, 22, 12, 31, 10, 15, 29, 9, 7, 23, 27, None, None, None, None, None, None, None, None, None, None, None, None]
n=5: 8462.0s, 14595276800 attempts, 65665007 affine nodes, 1 representatives; [0, 1, 2, 4, 3, 6, 8, 16, 5, 17, 22, 24, 9, 19, 18, 30, 11, 20, 10, 27, None, None, None, None, None, None, None, None, None, None, None, None]
n=5: 8482.0s, 14629879808 attempts, 65741499 affine nodes, 1 representatives; [0, 1, 2, 4, 3, 6, 8, 16, 5, 17, 22, 25, 27, 21, 23, 10, 30, 19, 14, 18, None, None, None, None, None, None, None, None, None, None, None, None]
n=5: 8502.0s, 14664744960 attempts, 65869319 affine nodes, 1 representatives; [0, 1, 2, 4, 3, 6, 8, 16, 5, 17, 22, 30, 10, 26, 14, 23, 31, 13, 21, None, None, None, None, None, None, None, None, None, None, None, None, None]
n=5: 8522.0s, 14699577344 attempts, 65961758 affine nodes, 1 representatives; [0, 1, 2, 4, 3, 6, 8, 16, 5, 17, 23, 9, 11, 29, 28, 30, 19, 20, 31, 27, None, None, None, None, None, None, None, None, None, None, None, None]
n=5: 8542.0s, 14734327808 attempts, 66056344 affine nodes, 1 representatives; [0, 1, 2, 4, 3, 6, 8, 16, 5, 17, 23, 12, 14, 31, 15, 28, 9, None, None, None, None, None, None, None, None, None, None, None, None, None, None, None]
n=5: 8562.0s, 14769094656 attempts, 66169785 affine nodes, 1 representatives; [0, 1, 2, 4, 3, 6, 8, 16, 5, 17, 23, 14, 28, 10, 11, 7, 26, 13, 29, None, None, None, None, None, None, None, None, None, None, None, None, None]
n=5: 8582.1s, 14803828736 attempts, 66260746 affine nodes, 1 representatives; [0, 1, 2, 4, 3, 6, 8, 16, 5, 17, 23, 25, 26, 21, 15, 24, 13, 22, 28, None, None, None, None, None, None, None, None, None, None, None, None, None]
n=5: 8602.1s, 14838743040 attempts, 66373036 affine nodes, 1 representatives; [0, 1, 2, 4, 3, 6, 8, 16, 5, 17, 23, 29, 11, 25, 12, 31, 30, 28, 13, 22, None, None, None, None, None, None, None, None, None, None, None, None]
n=5: 8622.1s, 14873493504 attempts, 66482340 affine nodes, 1 representatives; [0, 1, 2, 4, 3, 6, 8, 16, 5, 17, 23, 31, 25, 11, 9, 20, 28, None, None, None, None, None, None, None, None, None, None, None, None, None, None, None]
n=5: 8642.1s, 14908260352 attempts, 66585549 affine nodes, 1 representatives; [0, 1, 2, 4, 3, 6, 8, 16, 5, 17, 24, 10, 31, 19, 30, 23, 20, 27, 13, 9, None, None, None, None, None, None, None, None, None, None, None, None]
n=5: 8662.1s, 14942732288 attempts, 66729418 affine nodes, 1 representatives; [0, 1, 2, 4, 3, 6, 8, 16, 5, 17, 24, 18, 11, 15, 26, 22, 27, 13, 28, None, None, None, None, None, None, None, None, None, None, None, None, None]
n=5: 8682.1s, 14977318912 attempts, 66842604 affine nodes, 1 representatives; [0, 1, 2, 4, 3, 6, 8, 16, 5, 17, 24, 23, 28, 15, 9, 27, 12, 21, None, None, None, None, None, None, None, None, None, None, None, None, None, None]
n=5: 8702.1s, 15011741696 attempts, 67010561 affine nodes, 1 representatives; [0, 1, 2, 4, 3, 6, 8, 16, 5, 17, 25, 9, 30, 13, 29, 20, 19, 15, None, None, None, None, None, None, None, None, None, None, None, None, None, None]
n=5: 8722.1s, 15045918720 attempts, 67114832 affine nodes, 1 representatives; [0, 1, 2, 4, 3, 6, 8, 16, 5, 17, 25, 14, 12, 11, 18, 28, 20, 31, 21, 22, None, None, None, None, None, None, None, None, None, None, None, None]
n=5: 8742.1s, 15079817216 attempts, 67216637 affine nodes, 1 representatives; [0, 1, 2, 4, 3, 6, 8, 16, 5, 17, 25, 18, 13, 28, 29, 15, 30, 22, 12, 11, None, None, None, None, None, None, None, None, None, None, None, None]
n=5: 8762.1s, 15114469376 attempts, 67322857 affine nodes, 1 representatives; [0, 1, 2, 4, 3, 6, 8, 16, 5, 17, 25, 23, 21, 10, 12, 26, 18, 29, None, None, None, None, None, None, None, None, None, None, None, None, None, None]
n=5: 8782.1s, 15149006848 attempts, 67460621 affine nodes, 1 representatives; [0, 1, 2, 4, 3, 6, 8, 16, 5, 17, 25, 30, 20, 26, 15, 22, 10, 9, 21, None, None, None, None, None, None, None, None, None, None, None, None, None]
n=5: 8802.1s, 15183577088 attempts, 67602670 affine nodes, 1 representatives; [0, 1, 2, 4, 3, 6, 8, 16, 5, 17, 26, 13, 7, 21, 10, 27, 20, 22, 19, None, None, None, None, None, None, None, None, None, None, None, None, None]
n=5: 8822.1s, 15218212864 attempts, 67744629 affine nodes, 1 representatives; [0, 1, 2, 4, 3, 6, 8, 16, 5, 17, 26, 21, 13, 14, 28, 20, 10, 19, 18, None, None, None, None, None, None, None, None, None, None, None, None, None]
n=5: 8842.1s, 15252766720 attempts, 67886313 affine nodes, 1 representatives; [0, 1, 2, 4, 3, 6, 8, 16, 5, 17, 26, 25, 22, 31, 15, 7, 29, 14, 19, 28, None, None, None, None, None, None, None, None, None, None, None, None]
n=5: 8862.1s, 15287353344 attempts, 68032581 affine nodes, 1 representatives; [0, 1, 2, 4, 3, 6, 8, 16, 5, 17, 27, 10, 11, 12, 30, 22, 25, 21, None, None, None, None, None, None, None, None, None, None, None, None, None, None]
n=5: 8882.1s, 15321366528 attempts, 68141255 affine nodes, 1 representatives; [0, 1, 2, 4, 3, 6, 8, 16, 5, 17, 27, 13, 22, 30, 25, 11, 31, 14, 24, None, None, None, None, None, None, None, None, None, None, None, None, None]
n=5: 8902.1s, 15355609088 attempts, 68274261 affine nodes, 1 representatives; [0, 1, 2, 4, 3, 6, 8, 16, 5, 17, 27, 21, 24, 19, 11, 26, 29, 30, 10, None, None, None, None, None, None, None, None, None, None, None, None, None]
n=5: 8922.1s, 15390359552 attempts, 68378799 affine nodes, 1 representatives; [0, 1, 2, 4, 3, 6, 8, 16, 5, 17, 27, 25, 7, 12, 29, 11, 13, 30, 21, None, None, None, None, None, None, None, None, None, None, None, None, None]
n=5: 8942.2s, 15424946176 attempts, 68514578 affine nodes, 1 representatives; [0, 1, 2, 4, 3, 6, 8, 16, 5, 17, 28, 9, 10, 13, 25, 23, 26, 11, 18, None, None, None, None, None, None, None, None, None, None, None, None, None]
n=5: 8962.2s, 15459483648 attempts, 68652083 affine nodes, 1 representatives; [0, 1, 2, 4, 3, 6, 8, 16, 5, 17, 28, 13, 12, 14, 19, 27, 9, 20, 18, 24, None, None, None, None, None, None, None, None, None, None, None, None]
n=5: 8982.2s, 15494217728 attempts, 68790311 affine nodes, 1 representatives; [0, 1, 2, 4, 3, 6, 8, 16, 5, 17, 28, 18, 12, 11, 23, 20, 29, 13, None, None, None, None, None, None, None, None, None, None, None, None, None, None]
n=5: 9002.2s, 15528919040 attempts, 68929223 affine nodes, 1 representatives; [0, 1, 2, 4, 3, 6, 8, 16, 5, 17, 28, 24, 12, 19, 11, 23, 14, 21, 31, None, None, None, None, None, None, None, None, None, None, None, None, None]
n=5: 9022.2s, 15562997760 attempts, 69086255 affine nodes, 1 representatives; [0, 1, 2, 4, 3, 6, 8, 16, 5, 17, 29, 10, 7, 30, 19, 14, 24, 20, 11, None, None, None, None, None, None, None, None, None, None, None, None, None]
n=5: 9042.2s, 15597256704 attempts, 69270992 affine nodes, 1 representatives; [0, 1, 2, 4, 3, 6, 8, 16, 5, 17, 29, 15, 18, 11, 27, 13, 25, 9, 24, None, None, None, None, None, None, None, None, None, None, None, None, None]
n=5: 9062.2s, 15631958016 attempts, 69409253 affine nodes, 1 representatives; [0, 1, 2, 4, 3, 6, 8, 16, 5, 17, 29, 23, 13, 28, 25, 11, 27, 14, 9, 7, None, None, None, None, None, None, None, None, None, None, None, None]
n=5: 9082.2s, 15666659328 attempts, 69603785 affine nodes, 1 representatives; [0, 1, 2, 4, 3, 6, 8, 16, 5, 17, 30, 9, 26, 15, 19, 31, 11, 24, 10, 20, None, None, None, None, None, None, None, None, None, None, None, None]
n=5: 9102.2s, 15701540864 attempts, 69751176 affine nodes, 1 representatives; [0, 1, 2, 4, 3, 6, 8, 16, 5, 17, 30, 15, 10, 24, 14, 7, 26, 21, 20, None, None, None, None, None, None, None, None, None, None, None, None, None]
n=5: 9122.2s, 15736324096 attempts, 69860953 affine nodes, 1 representatives; [0, 1, 2, 4, 3, 6, 8, 16, 5, 17, 30, 21, 20, 19, 27, 14, 29, 18, 7, None, None, None, None, None, None, None, None, None, None, None, None, None]
n=5: 9142.2s, 15771058176 attempts, 69990916 affine nodes, 1 representatives; [0, 1, 2, 4, 3, 6, 8, 16, 5, 17, 30, 28, 11, 21, 19, 26, 7, 22, 14, None, None, None, None, None, None, None, None, None, None, None, None, None]
n=5: 9162.2s, 15805169664 attempts, 70157863 affine nodes, 1 representatives; [0, 1, 2, 4, 3, 6, 8, 16, 5, 18, 9, 14, 13, 30, 24, 23, 20, 10, 15, 27, None, None, None, None, None, None, None, None, None, None, None, None]
n=5: 9182.2s, 15839363072 attempts, 70275347 affine nodes, 1 representatives; [0, 1, 2, 4, 3, 6, 8, 16, 5, 18, 9, 20, 25, 30, 17, 7, 10, 26, 13, None, None, None, None, None, None, None, None, None, None, None, None, None]
n=5: 9202.2s, 15873687552 attempts, 70377267 affine nodes, 1 representatives; [0, 1, 2, 4, 3, 6, 8, 16, 5, 18, 9, 24, 23, 28, 11, 29, 30, 20, 17, None, None, None, None, None, None, None, None, None, None, None, None, None]
n=5: 9222.2s, 15907946496 attempts, 70499761 affine nodes, 1 representatives; [0, 1, 2, 4, 3, 6, 8, 16, 5, 18, 9, 28, 19, 10, 12, 7, 22, 20, None, None, None, None, None, None, None, None, None, None, None, None, None, None]
n=5: 9242.2s, 15942582272 attempts, 70635499 affine nodes, 1 representatives; [0, 1, 2, 4, 3, 6, 8, 16, 5, 18, 10, 9, 22, 12, 26, 11, 29, 23, 14, 7, None, None, None, None, None, None, None, None, None, None, None, None]
n=5: 9262.2s, 15977332736 attempts, 70767064 affine nodes, 1 representatives; [0, 1, 2, 4, 3, 6, 8, 16, 5, 18, 10, 17, 12, 15, 31, 23, 26, 21, 11, 29, None, None, None, None, None, None, None, None, None, None, None, None]
n=5: 9282.2s, 16012132352 attempts, 70885208 affine nodes, 1 representatives; [0, 1, 2, 4, 3, 6, 8, 16, 5, 18, 10, 20, 25, 15, 26, 22, 29, 7, None, None, None, None, None, None, None, None, None, None, None, None, None, None]
n=5: 9302.2s, 16046931968 attempts, 70980200 affine nodes, 1 representatives; [0, 1, 2, 4, 3, 6, 8, 16, 5, 18, 10, 24, 22, 30, 11, 7, 31, 14, 12, None, None, None, None, None, None, None, None, None, None, None, None, None]
n=5: 9322.2s, 16081321984 attempts, 71115260 affine nodes, 1 representatives; [0, 1, 2, 4, 3, 6, 8, 16, 5, 18, 10, 28, 25, 22, 29, 30, 27, 19, 7, 26, None, None, None, None, None, None, None, None, None, None, None, None]
n=5: 9342.3s, 16115695616 attempts, 71259472 affine nodes, 1 representatives; [0, 1, 2, 4, 3, 6, 8, 16, 5, 18, 11, 9, 29, 30, 28, 20, 24, 23, 10, None, None, None, None, None, None, None, None, None, None, None, None, None]
n=5: 9362.3s, 16150298624 attempts, 71413095 affine nodes, 1 representatives; [0, 1, 2, 4, 3, 6, 8, 16, 5, 18, 11, 20, 12, 25, 19, 14, 22, 30, 17, None, None, None, None, None, None, None, None, None, None, None, None, None]
n=5: 9382.3s, 16184786944 attempts, 71551435 affine nodes, 1 representatives; [0, 1, 2, 4, 3, 6, 8, 16, 5, 18, 11, 26, 13, 31, 19, 15, 22, 12, 17, 30, None, None, None, None, None, None, None, None, None, None, None, None]
n=5: 9402.3s, 16219193344 attempts, 71728984 affine nodes, 1 representatives; [0, 1, 2, 4, 3, 6, 8, 16, 5, 18, 11, 31, 13, 10, 30, 22, 24, 27, 12, None, None, None, None, None, None, None, None, None, None, None, None, None]
n=5: 9422.3s, 16253550592 attempts, 71857955 affine nodes, 1 representatives; [0, 1, 2, 4, 3, 6, 8, 16, 5, 18, 12, 17, 9, 13, 26, 24, 27, 22, 28, 7, None, None, None, None, None, None, None, None, None, None, None, None]
n=5: 9442.3s, 16287956992 attempts, 71978704 affine nodes, 1 representatives; [0, 1, 2, 4, 3, 6, 8, 16, 5, 18, 12, 21, 27, 15, 10, 9, 14, 28, 23, 19, None, None, None, None, None, None, None, None, None, None, None, None]
n=5: 9462.3s, 16322543616 attempts, 72078756 affine nodes, 1 representatives; [0, 1, 2, 4, 3, 6, 8, 16, 5, 18, 12, 28, 9, 22, 17, 25, 21, 27, 29, None, None, None, None, None, None, None, None, None, None, None, None, None]
n=5: 9482.3s, 16356720640 attempts, 72194586 affine nodes, 1 representatives; [0, 1, 2, 4, 3, 6, 8, 16, 5, 18, 12, 30, 28, 20, 17, 11, 9, 29, 15, None, None, None, None, None, None, None, None, None, None, None, None, None]
n=5: 9502.3s, 16391208960 attempts, 72327614 affine nodes, 1 representatives; [0, 1, 2, 4, 3, 6, 8, 16, 5, 18, 13, 10, 27, 22, 11, 25, 7, 28, 26, None, None, None, None, None, None, None, None, None, None, None, None, None]
n=5: 9522.3s, 16425975808 attempts, 72447875 affine nodes, 1 representatives; [0, 1, 2, 4, 3, 6, 8, 16, 5, 18, 13, 17, 11, 22, 12, 23, 26, 10, None, None, None, None, None, None, None, None, None, None, None, None, None, None]
n=5: 9542.3s, 16460726272 attempts, 72569208 affine nodes, 1 representatives; [0, 1, 2, 4, 3, 6, 8, 16, 5, 18, 13, 20, 27, 31, 9, 28, 10, 23, 21, 30, None, None, None, None, None, None, None, None, None, None, None, None]
n=5: 9562.3s, 16495525888 attempts, 72703556 affine nodes, 1 representatives; [0, 1, 2, 4, 3, 6, 8, 16, 5, 18, 13, 28, 23, 25, 11, 29, 7, 20, 31, None, None, None, None, None, None, None, None, None, None, None, None, None]
n=5: 9582.3s, 16530243584 attempts, 72858571 affine nodes, 1 representatives; [0, 1, 2, 4, 3, 6, 8, 16, 5, 18, 15, 12, 9, 20, 24, 28, 26, 14, 22, None, None, None, None, None, None, None, None, None, None, None, None, None]
n=5: 9602.3s, 16564715520 attempts, 72975358 affine nodes, 1 representatives; [0, 1, 2, 4, 3, 6, 8, 16, 5, 18, 15, 17, 25, 22, 31, 11, 12, 29, 28, None, None, 19, None, None, None, None, None, None, None, None, None, None]
n=5: 9622.3s, 16599171072 attempts, 73084817 affine nodes, 1 representatives; [0, 1, 2, 4, 3, 6, 8, 16, 5, 18, 15, 20, 28, 13, 29, 17, 23, 31, 9, 22, None, None, None, None, None, None, None, None, None, None, None, None]
n=5: 9642.3s, 16633675776 attempts, 73178981 affine nodes, 1 representatives; [0, 1, 2, 4, 3, 6, 8, 16, 5, 18, 15, 26, 28, 30, 11, 17, 25, 19, None, None, None, None, None, None, None, None, None, None, None, None, None, None]
n=5: 9662.3s, 16668229632 attempts, 73318497 affine nodes, 1 representatives; [0, 1, 2, 4, 3, 6, 8, 16, 5, 18, 15, 30, 9, 10, 29, 23, 17, 25, 11, None, None, None, None, None, None, None, None, None, None, None, None, None]
n=5: 9682.3s, 16702849024 attempts, 73436827 affine nodes, 1 representatives; [0, 1, 2, 4, 3, 6, 8, 16, 5, 18, 20, 9, 26, 15, 25, 27, 29, 11, 28, None, None, None, None, None, None, None, None, None, None, None, None, None]
n=5: 9702.3s, 16737452032 attempts, 73575389 affine nodes, 1 representatives; [0, 1, 2, 4, 3, 6, 8, 16, 5, 18, 20, 14, 29, 30, 15, 31, 27, 13, 19, None, None, None, None, None, None, None, None, None, None, None, None, None]
n=5: 9722.3s, 16772087808 attempts, 73688166 affine nodes, 1 representatives; [0, 1, 2, 4, 3, 6, 8, 16, 5, 18, 20, 26, 9, 10, 15, 30, 12, 25, None, None, None, None, None, None, None, None, None, None, None, None, None, None]
n=5: 9742.3s, 16806658048 attempts, 73812367 affine nodes, 1 representatives; [0, 1, 2, 4, 3, 6, 8, 16, 5, 18, 20, 28, 29, 25, 15, 17, 21, 30, 10, 24, None, None, None, None, None, None, None, None, None, None, None, None]
n=5: 9762.3s, 16841113600 attempts, 73959233 affine nodes, 1 representatives; [0, 1, 2, 4, 3, 6, 8, 16, 5, 18, 21, 9, 7, 15, 19, 24, 30, 11, 25, 20, None, None, None, None, None, None, None, None, None, None, None, None]
n=5: 9782.4s, 16875798528 attempts, 74039846 affine nodes, 1 representatives; [0, 1, 2, 4, 3, 6, 8, 16, 5, 18, 21, 10, 31, 20, 28, 15, 24, 13, 11, None, None, None, None, None, None, None, None, None, None, None, None, None]
n=5: 9802.4s, 16910467072 attempts, 74130477 affine nodes, 1 representatives; [0, 1, 2, 4, 3, 6, 8, 16, 5, 18, 21, 14, 31, 19, 30, 29, 28, 15, 26, 7, None, None, None, None, None, None, None, None, None, None, None, None]
n=5: 9822.4s, 16945528832 attempts, 74214910 affine nodes, 1 representatives; [0, 1, 2, 4, 3, 6, 8, 16, 5, 18, 21, 24, 22, 29, 23, 14, 10, 13, 19, None, None, None, None, None, None, None, None, None, None, None, None, None]
n=5: 9842.4s, 16980328448 attempts, 74305556 affine nodes, 1 representatives; [0, 1, 2, 4, 3, 6, 8, 16, 5, 18, 21, 27, 22, 12, 28, 13, 23, 26, 19, None, None, None, None, None, None, None, None, None, None, None, None, None]
n=5: 9862.4s, 17015160832 attempts, 74403733 affine nodes, 1 representatives; [0, 1, 2, 4, 3, 6, 8, 16, 5, 18, 21, 29, 28, 30, 14, 20, 22, 13, 26, None, None, None, None, None, None, None, None, None, None, None, None, None]
n=5: 9882.4s, 17050173440 attempts, 74514471 affine nodes, 1 representatives; [0, 1, 2, 4, 3, 6, 8, 16, 5, 18, 23, 9, 11, 27, 26, 20, 28, 10, 31, None, None, None, None, None, None, None, None, None, None, None, None, None]
n=5: 9902.4s, 17084956672 attempts, 74644671 affine nodes, 1 representatives; [0, 1, 2, 4, 3, 6, 8, 16, 5, 18, 23, 13, 27, 31, 14, 28, 19, 15, None, None, None, None, None, None, None, None, None, None, None, None, None, None]
n=5: 9922.4s, 17119395840 attempts, 74757726 affine nodes, 1 representatives; [0, 1, 2, 4, 3, 6, 8, 16, 5, 18, 23, 26, 24, 20, 25, 10, 28, 27, 11, 21, None, None, None, None, None, None, None, None, None, None, None, None]
n=5: 9942.4s, 17154015232 attempts, 74893276 affine nodes, 1 representatives; [0, 1, 2, 4, 3, 6, 8, 16, 5, 18, 23, 30, 10, 14, 19, 31, 15, 13, 11, None, None, None, None, None, None, None, None, None, None, None, None, None]
n=5: 9962.4s, 17188929536 attempts, 75008838 affine nodes, 1 representatives; [0, 1, 2, 4, 3, 6, 8, 16, 5, 18, 24, 9, 29, 20, 19, 28, 22, 17, None, None, None, None, None, None, None, None, None, None, None, None, None, None]
n=5: 9982.4s, 17223532544 attempts, 75091668 affine nodes, 1 representatives; [0, 1, 2, 4, 3, 6, 8, 16, 5, 18, 24, 12, 27, 11, 9, 28, 26, 22, 19, None, None, None, None, None, None, None, None, None, None, None, None, None]
n=5: 10002.4s, 17258119168 attempts, 75203087 affine nodes, 1 representatives; [0, 1, 2, 4, 3, 6, 8, 16, 5, 18, 24, 17, 12, 22, 30, 25, 20, 26, 19, 13, None, None, None, None, None, None, None, None, None, None, None, None]
n=5: 10022.4s, 17292886016 attempts, 75303989 affine nodes, 1 representatives; [0, 1, 2, 4, 3, 6, 8, 16, 5, 18, 24, 20, 14, 27, 25, 22, 9, 7, None, None, None, None, None, None, None, None, None, None, None, None, None, None]
n=5: 10042.4s, 17327849472 attempts, 75395072 affine nodes, 1 representatives; [0, 1, 2, 4, 3, 6, 8, 16, 5, 18, 24, 26, 21, 12, 9, 28, 23, 29, 15, 17, None, None, None, None, None, None, None, None, None, None, None, None]
n=5: 10062.4s, 17362403328 attempts, 75525134 affine nodes, 1 representatives; [0, 1, 2, 4, 3, 6, 8, 16, 5, 18, 24, 31, 21, 22, 26, 23, 28, 19, 7, 29, None, None, None, None, None, None, None, None, None, None, None, None]
n=5: 10082.4s, 17396776960 attempts, 75658555 affine nodes, 1 representatives; [0, 1, 2, 4, 3, 6, 8, 16, 5, 18, 25, 12, 29, 26, 28, 7, 22, 9, 24, None, None, None, None, None, None, None, None, None, None, None, None, None]
n=5: 10102.4s, 17431330816 attempts, 75791400 affine nodes, 1 representatives; [0, 1, 2, 4, 3, 6, 8, 16, 5, 18, 25, 17, 28, 13, 24, 20, 21, 7, 29, None, None, None, None, None, None, None, None, None, None, None, None, None]
n=5: 10122.4s, 17465917440 attempts, 75906963 affine nodes, 1 representatives; [0, 1, 2, 4, 3, 6, 8, 16, 5, 18, 25, 21, 10, 27, 14, 29, 20, 11, 23, None, None, None, None, None, None, None, None, None, None, None, None, None]
n=5: 10142.4s, 17500569600 attempts, 76043880 affine nodes, 1 representatives; [0, 1, 2, 4, 3, 6, 8, 16, 5, 18, 25, 29, 12, 11, 10, 17, 7, 20, 14, None, None, 27, None, None, None, None, None, None, None, None, None, None]
n=5: 10162.4s, 17534926848 attempts, 76191022 affine nodes, 1 representatives; [0, 1, 2, 4, 3, 6, 8, 16, 5, 18, 26, 10, 25, 13, 11, 7, 31, 14, 23, 21, None, None, None, None, None, None, None, None, None, None, None, None]
n=5: 10182.4s, 17569431552 attempts, 76321227 affine nodes, 1 representatives; [0, 1, 2, 4, 3, 6, 8, 16, 5, 18, 26, 15, 22, 28, 12, 29, 13, 31, 9, None, None, None, None, None, None, None, None, None, None, None, None, None]
n=5: 10202.4s, 17604018176 attempts, 76462254 affine nodes, 1 representatives; [0, 1, 2, 4, 3, 6, 8, 16, 5, 18, 26, 20, 23, 31, 10, 17, 7, 12, None, None, None, None, None, None, None, None, None, None, None, None, None, None]
n=5: 10222.4s, 17638375424 attempts, 76567797 affine nodes, 1 representatives; [0, 1, 2, 4, 3, 6, 8, 16, 5, 18, 26, 24, 29, 20, 19, 13, 27, 31, 22, None, None, None, None, None, None, None, None, None, None, None, None, None]
n=5: 10242.4s, 17672683520 attempts, 76723701 affine nodes, 1 representatives; [0, 1, 2, 4, 3, 6, 8, 16, 5, 18, 27, 10, 24, 19, 11, 31, 26, 9, None, None, None, None, None, None, None, None, None, None, None, None, None, None]
n=5: 10262.4s, 17707204608 attempts, 76897701 affine nodes, 1 representatives; [0, 1, 2, 4, 3, 6, 8, 16, 5, 18, 27, 19, 9, 20, 10, 30, 22, 28, 25, 11, None, None, None, None, None, None, None, None, None, None, None, None]
n=5: 10282.4s, 17741824000 attempts, 77038754 affine nodes, 1 representatives; [0, 1, 2, 4, 3, 6, 8, 16, 5, 18, 27, 24, 12, 29, 23, 14, 11, 25, 28, None, None, None, None, None, None, None, None, None, None, None, None, None]
n=5: 10302.5s, 17776443392 attempts, 77221281 affine nodes, 1 representatives; [0, 1, 2, 4, 3, 6, 8, 16, 5, 18, 29, 12, 27, 31, 11, 23, 26, 20, 25, None, None, None, None, None, None, None, None, None, None, None, None, None]
n=5: 10322.5s, 17811046400 attempts, 77401557 affine nodes, 1 representatives; [0, 1, 2, 4, 3, 6, 8, 16, 5, 18, 29, 19, 11, 30, 25, 22, 23, 27, 7, None, None, None, None, None, None, None, None, None, None, None, None, None]
n=5: 10342.5s, 17845665792 attempts, 77578108 affine nodes, 1 representatives; [0, 1, 2, 4, 3, 6, 8, 16, 5, 18, 29, 30, 13, 27, 17, 11, 24, 10, 21, 12, None, None, None, None, None, None, None, None, None, None, None, None]
n=5: 10362.5s, 17880252416 attempts, 77725658 affine nodes, 1 representatives; [0, 1, 2, 4, 3, 6, 8, 16, 5, 18, 30, 12, 27, 20, 17, 14, 7, 11, 22, 15, None, None, None, None, None, None, None, None, None, None, None, None]
n=5: 10382.5s, 17915117568 attempts, 77864102 affine nodes, 1 representatives; [0, 1, 2, 4, 3, 6, 8, 16, 5, 18, 30, 15, 27, 22, 14, 9, 13, 29, 26, None, None, None, None, None, None, None, None, None, None, None, None, None]
n=5: 10402.5s, 17949949952 attempts, 78003081 affine nodes, 1 representatives; [0, 1, 2, 4, 3, 6, 8, 16, 5, 18, 30, 20, 23, 12, 26, 17, 7, 21, 14, 13, None, None, None, None, None, None, None, None, None, None, None, None]
n=5: 10422.5s, 17984929792 attempts, 78126971 affine nodes, 1 representatives; [0, 1, 2, 4, 3, 6, 8, 16, 5, 18, 30, 28, 9, 31, 15, 11, 13, 7, 12, 21, None, None, None, None, None, None, None, None, None, None, None, None]
n=5: 10442.5s, 18019614720 attempts, 78285445 affine nodes, 1 representatives; [0, 1, 2, 4, 3, 6, 8, 16, 5, 18, 31, 10, 25, 19, 17, 14, 12, None, None, None, None, None, None, None, None, None, None, None, None, None, None, None]
n=5: 10462.5s, 18054348800 attempts, 78440570 affine nodes, 1 representatives; [0, 1, 2, 4, 3, 6, 8, 16, 5, 18, 31, 15, 13, 25, 14, 23, 22, 11, 9, None, None, None, None, None, None, None, None, None, None, None, None, None]
n=5: 10482.5s, 18089082880 attempts, 78592699 affine nodes, 1 representatives; [0, 1, 2, 4, 3, 6, 8, 16, 5, 18, 31, 20, 24, 26, 17, 15, 25, 11, 9, 21, None, None, None, None, None, None, None, None, None, None, None, None]
n=5: 10502.5s, 18123915264 attempts, 78741650 affine nodes, 1 representatives; [0, 1, 2, 4, 3, 6, 8, 16, 5, 18, 31, 27, 25, 11, 12, 22, 15, 28, 23, 20, None, None, None, None, None, None, None, None, None, None, None, None]
n=5: 10522.5s, 18158665728 attempts, 78905308 affine nodes, 1 representatives; [0, 1, 2, 4, 3, 6, 8, 16, 5, 19, 9, 13, 25, 27, 17, 28, 23, 20, 15, None, None, None, None, None, None, None, None, None, None, None, None, None]
n=5: 10542.5s, 18193661952 attempts, 79021980 affine nodes, 1 representatives; [0, 1, 2, 4, 3, 6, 8, 16, 5, 19, 9, 20, 12, 27, 25, 7, 23, 26, 13, None, None, None, None, None, None, None, None, None, None, None, None, None]
n=5: 10562.5s, 18228494336 attempts, 79155904 affine nodes, 1 representatives; [0, 1, 2, 4, 3, 6, 8, 16, 5, 19, 9, 25, 13, 15, 24, 7, 30, 20, 31, None, None, None, None, None, None, None, None, None, None, None, None, None]
n=5: 10582.5s, 18263408640 attempts, 79285996 affine nodes, 1 representatives; [0, 1, 2, 4, 3, 6, 8, 16, 5, 19, 9, 28, 10, 24, 25, 30, 31, 27, 17, 26, None, None, None, None, None, None, None, None, None, None, None, None]
n=5: 10602.5s, 18298142720 attempts, 79437427 affine nodes, 1 representatives; [0, 1, 2, 4, 3, 6, 8, 16, 5, 19, 10, 9, 26, 29, 22, 13, 27, 25, None, None, None, None, None, None, None, None, None, None, None, None, None, None]
n=5: 10622.5s, 18332925952 attempts, 79557331 affine nodes, 1 representatives; [0, 1, 2, 4, 3, 6, 8, 16, 5, 19, 10, 20, 13, 31, 11, 22, 25, 29, 24, None, None, None, None, None, None, None, None, None, None, None, None, None]
n=5: 10642.5s, 18367692800 attempts, 79691313 affine nodes, 1 representatives; [0, 1, 2, 4, 3, 6, 8, 16, 5, 19, 10, 25, 18, 22, 14, 31, 26, 20, 29, None, None, None, None, None, None, None, None, None, None, None, None, None]
n=5: 10662.5s, 18402295808 attempts, 79796558 affine nodes, 1 representatives; [0, 1, 2, 4, 3, 6, 8, 16, 5, 19, 10, 27, 24, 31, 18, 30, 13, 14, 9, None, None, None, None, None, None, None, None, None, None, None, None, None]
n=5: 10682.5s, 18437029888 attempts, 79961788 affine nodes, 1 representatives; [0, 1, 2, 4, 3, 6, 8, 16, 5, 19, 11, 9, 20, 14, 21, 22, 15, 18, 26, 17, None, None, None, None, None, None, None, None, None, None, None, None]
n=5: 10702.5s, 18471944192 attempts, 80111608 affine nodes, 1 representatives; [0, 1, 2, 4, 3, 6, 8, 16, 5, 19, 11, 18, 24, 13, 27, 23, 10, 29, 17, None, None, None, None, None, None, None, None, None, None, None, None, None]
n=5: 10722.5s, 18506825728 attempts, 80272025 affine nodes, 1 representatives; [0, 1, 2, 4, 3, 6, 8, 16, 5, 19, 11, 26, 13, 31, 25, 23, 21, 15, None, None, None, None, None, None, None, None, None, None, None, None, None, None]
n=5: 10742.6s, 18541494272 attempts, 80434587 affine nodes, 1 representatives; [0, 1, 2, 4, 3, 6, 8, 16, 5, 19, 12, 15, 7, 24, 21, 25, 27, 17, 10, None, None, None, None, None, None, None, None, None, None, None, None, None]
n=5: 10762.6s, 18576392192 attempts, 80546550 affine nodes, 1 representatives; [0, 1, 2, 4, 3, 6, 8, 16, 5, 19, 12, 21, 24, 15, 10, 26, 22, 31, None, None, None, None, None, None, None, None, None, None, None, None, None, None]
n=5: 10782.6s, 18611224576 attempts, 80685083 affine nodes, 1 representatives; [0, 1, 2, 4, 3, 6, 8, 16, 5, 19, 12, 28, 7, 26, 31, 29, 24, 21, 13, 17, None, None, None, None, None, None, None, None, None, None, None, None]
n=5: 10802.6s, 18645942272 attempts, 80824381 affine nodes, 1 representatives; [0, 1, 2, 4, 3, 6, 8, 16, 5, 19, 12, 31, 18, 24, 21, 25, 22, 27, 30, None, None, None, None, None, None, None, None, None, None, None, None, None]
n=5: 10822.6s, 18680725504 attempts, 80951142 affine nodes, 1 representatives; [0, 1, 2, 4, 3, 6, 8, 16, 5, 19, 13, 15, 7, 28, 21, 29, 9, 27, 25, None, None, None, None, None, None, None, None, None, None, None, None, None]
n=5: 10842.6s, 18715656192 attempts, 81076649 affine nodes, 1 representatives; [0, 1, 2, 4, 3, 6, 8, 16, 5, 19, 13, 20, 23, 11, 9, 22, 17, 27, 14, None, None, None, None, None, None, None, None, None, None, None, None, None]
n=5: 10862.6s, 18750521344 attempts, 81207053 affine nodes, 1 representatives; [0, 1, 2, 4, 3, 6, 8, 16, 5, 19, 13, 26, 20, 15, 18, 24, 28, 23, 22, None, None, None, None, None, None, None, None, None, None, None, None, None]
n=5: 10882.6s, 18785452032 attempts, 81337525 affine nodes, 1 representatives; [0, 1, 2, 4, 3, 6, 8, 16, 5, 19, 15, 12, 10, 26, 17, 30, 28, 20, 21, None, None, None, None, None, None, None, None, None, None, None, None, None]
n=5: 10902.6s, 18820333568 attempts, 81447628 affine nodes, 1 representatives; [0, 1, 2, 4, 3, 6, 8, 16, 5, 19, 15, 18, 26, 22, 25, 10, 12, 14, 24, None, None, None, None, None, None, None, None, None, None, None, None, None]
n=5: 10922.6s, 18855297024 attempts, 81585456 affine nodes, 1 representatives; [0, 1, 2, 4, 3, 6, 8, 16, 5, 19, 15, 27, 9, 21, 24, 11, 26, 13, 10, 31, None, None, None, None, None, None, None, None, None, None, None, None]
n=5: 10942.6s, 18890113024 attempts, 81715265 affine nodes, 1 representatives; [0, 1, 2, 4, 3, 6, 8, 16, 5, 19, 15, 30, 18, 13, 29, 31, 10, 20, 21, 24, None, None, None, None, None, None, None, None, None, None, None, None]
n=5: 10962.6s, 18924863488 attempts, 81855003 affine nodes, 1 representatives; [0, 1, 2, 4, 3, 6, 8, 16, 5, 19, 17, 12, 20, 27, 15, 28, 10, 13, 11, None, None, None, None, None, None, None, None, None, None, None, None, None]
n=5: 10982.6s, 18959663104 attempts, 82003185 affine nodes, 1 representatives; [0, 1, 2, 4, 3, 6, 8, 16, 5, 19, 17, 15, 22, 12, 28, 30, 11, 20, 13, None, None, None, None, None, None, None, None, None, None, None, None, None]
n=5: 11002.6s, 18994479104 attempts, 82122214 affine nodes, 1 representatives; [0, 1, 2, 4, 3, 6, 8, 16, 5, 19, 17, 26, 27, 31, 14, 7, 24, 22, 23, 21, None, None, None, None, None, None, None, None, None, None, None, None]
n=5: 11022.6s, 19029393408 attempts, 82258412 affine nodes, 1 representatives; [0, 1, 2, 4, 3, 6, 8, 16, 5, 19, 17, 29, 23, 26, 11, 28, 13, 15, 20, None, None, None, None, None, None, None, None, None, None, None, None, None]
n=5: 11042.6s, 19064209408 attempts, 82432645 affine nodes, 1 representatives; [0, 1, 2, 4, 3, 6, 8, 16, 5, 19, 18, 12, 10, 26, 31, 23, 29, 30, 9, None, None, None, None, None, None, None, None, None, None, None, None, None]
n=5: 11062.6s, 19099123712 attempts, 82605649 affine nodes, 1 representatives; [0, 1, 2, 4, 3, 6, 8, 16, 5, 19, 18, 25, 7, 15, 22, 28, 20, 24, 26, None, None, None, None, None, None, None, None, None, None, None, None, None]
n=5: 11082.6s, 19134054400 attempts, 82757368 affine nodes, 1 representatives; [0, 1, 2, 4, 3, 6, 8, 16, 5, 19, 18, 28, 13, 10, 31, 11, 22, 9, 21, 17, None, None, None, None, None, None, None, None, None, None, None, None]
n=5: 11102.6s, 19168935936 attempts, 82932911 affine nodes, 1 representatives; [0, 1, 2, 4, 3, 6, 8, 16, 5, 19, 20, 9, 11, 26, 28, 23, 22, 13, 21, 31, None, None, None, None, None, None, None, None, None, None, None, None]
n=5: 11122.6s, 19203784704 attempts, 83005818 affine nodes, 1 representatives; [0, 1, 2, 4, 3, 6, 8, 16, 5, 19, 20, 10, 30, 22, 14, 31, 7, 12, 24, 15, None, None, None, None, None, None, None, None, None, None, None, None]
n=5: 11142.6s, 19238797312 attempts, 83103060 affine nodes, 1 representatives; [0, 1, 2, 4, 3, 6, 8, 16, 5, 19, 20, 15, 10, 21, 25, 7, 24, 23, 31, 14, None, None, None, None, None, None, None, None, None, None, None, None]
n=5: 11162.6s, 19273908224 attempts, 83190914 affine nodes, 1 representatives; [0, 1, 2, 4, 3, 6, 8, 16, 5, 19, 20, 26, 7, 28, 29, 15, 12, 14, 11, 27, None, None, None, None, None, None, None, None, None, None, None, None]
n=5: 11182.7s, 19308953600 attempts, 83281369 affine nodes, 1 representatives; [0, 1, 2, 4, 3, 6, 8, 16, 5, 19, 20, 28, 7, 26, 15, 29, 10, 14, 30, 18, None, None, None, None, None, None, None, None, None, None, None, None]
n=5: 11202.7s, 19343900672 attempts, 83382135 affine nodes, 1 representatives; [0, 1, 2, 4, 3, 6, 8, 16, 5, 19, 20, 30, 12, 21, 31, 14, 9, 18, 27, 22, None, None, None, None, None, None, None, None, None, None, None, None]
n=5: 11222.7s, 19378880512 attempts, 83502675 affine nodes, 1 representatives; [0, 1, 2, 4, 3, 6, 8, 16, 5, 19, 21, 10, 7, 30, 15, 31, 17, 26, 24, 11, None, None, None, None, None, None, None, None, None, None, None, None]
n=5: 11242.7s, 19413860352 attempts, 83666505 affine nodes, 1 representatives; [0, 1, 2, 4, 3, 6, 8, 16, 5, 19, 21, 25, 14, 12, 29, 15, 27, None, None, None, None, None, None, None, None, None, None, None, None, None, None, None]
n=5: 11262.7s, 19448774656 attempts, 83820112 affine nodes, 1 representatives; [0, 1, 2, 4, 3, 6, 8, 16, 5, 19, 21, 31, 25, 26, 11, 20, 28, 23, 24, 12, None, None, None, None, None, None, None, None, None, None, None, None]
n=5: 11282.7s, 19483590656 attempts, 84028956 affine nodes, 1 representatives; [0, 1, 2, 4, 3, 6, 8, 16, 5, 19, 22, 26, 12, 28, 30, 11, 18, 21, 29, 20, None, None, None, None, None, None, None, None, None, None, None, None]
n=5: 11302.7s, 19518455808 attempts, 84198736 affine nodes, 1 representatives; [0, 1, 2, 4, 3, 6, 8, 16, 5, 19, 24, 10, 20, 30, 11, 22, 13, 18, 9, 21, None, None, None, None, None, None, None, None, None, None, None, None]
n=5: 11322.7s, 19553337344 attempts, 84333967 affine nodes, 1 representatives; [0, 1, 2, 4, 3, 6, 8, 16, 5, 19, 24, 18, 13, 30, 25, 29, 15, 27, 23, 10, None, None, None, None, None, None, None, None, None, None, None, None]
n=5: 11342.7s, 19588349952 attempts, 84465192 affine nodes, 1 representatives; [0, 1, 2, 4, 3, 6, 8, 16, 5, 19, 24, 26, 18, 13, 11, 31, 23, 29, 17, None, None, None, None, None, None, None, None, None, None, None, None, None]
n=5: 11362.7s, 19623149568 attempts, 84609697 affine nodes, 1 representatives; [0, 1, 2, 4, 3, 6, 8, 16, 5, 19, 25, 9, 23, 28, 10, 24, 30, 13, 17, 22, None, None, None, None, None, None, None, None, None, None, None, None]
n=5: 11382.7s, 19657965568 attempts, 84703947 affine nodes, 1 representatives; [0, 1, 2, 4, 3, 6, 8, 16, 5, 19, 25, 12, 23, 26, 22, 9, 30, 15, 29, 7, None, None, None, None, None, None, None, None, None, None, None, None]
n=5: 11402.7s, 19692896256 attempts, 84811689 affine nodes, 1 representatives; [0, 1, 2, 4, 3, 6, 8, 16, 5, 19, 25, 18, 10, 21, 24, 28, 29, 20, 9, 26, None, None, None, None, None, None, None, None, None, None, None, None]
n=5: 11422.7s, 19728056320 attempts, 84903334 affine nodes, 1 representatives; [0, 1, 2, 4, 3, 6, 8, 16, 5, 19, 25, 21, 7, 13, 15, 26, None, None, None, None, None, None, None, None, None, None, None, None, None, None, None, None]
n=5: 11442.7s, 19763150848 attempts, 85032095 affine nodes, 1 representatives; [0, 1, 2, 4, 3, 6, 8, 16, 5, 19, 25, 27, 10, 14, 17, 30, 20, 24, 26, None, None, None, None, None, None, None, None, None, None, None, None, None]
n=5: 11462.7s, 19798065152 attempts, 85181224 affine nodes, 1 representatives; [0, 1, 2, 4, 3, 6, 8, 16, 5, 19, 26, 9, 29, 21, 18, 7, 10, 13, None, None, None, None, None, None, None, None, None, None, None, None, None, None]
n=5: 11482.7s, 19832750080 attempts, 85328682 affine nodes, 1 representatives; [0, 1, 2, 4, 3, 6, 8, 16, 5, 19, 26, 15, 25, 11, 22, 30, 23, 12, 10, 21, None, None, None, None, None, None, None, None, None, None, None, None]
n=5: 11502.7s, 19867648000 attempts, 85465232 affine nodes, 1 representatives; [0, 1, 2, 4, 3, 6, 8, 16, 5, 19, 26, 23, 9, 13, None, None, None, None, None, None, None, None, None, None, None, None, None, None, None, None, None, None]
n=5: 11522.7s, 19902414848 attempts, 85642593 affine nodes, 1 representatives; [0, 1, 2, 4, 3, 6, 8, 16, 5, 19, 27, 9, 28, 12, 22, 13, 14, 7, 25, None, None, None, None, None, None, None, None, None, None, None, None, None]
n=5: 11542.7s, 19937247232 attempts, 85785148 affine nodes, 1 representatives; [0, 1, 2, 4, 3, 6, 8, 16, 5, 19, 27, 15, 29, 21, 25, 20, 17, 18, 14, None, None, None, None, None, None, None, None, None, None, None, None, None]
n=5: 11562.8s, 19972046848 attempts, 85916719 affine nodes, 1 representatives; [0, 1, 2, 4, 3, 6, 8, 16, 5, 19, 27, 23, 28, 14, 31, 22, 7, 30, 18, 24, None, None, None, None, None, None, None, None, None, None, None, None]
n=5: 11582.8s, 20006780928 attempts, 86085051 affine nodes, 1 representatives; [0, 1, 2, 4, 3, 6, 8, 16, 5, 19, 28, 9, 23, 10, 29, 22, 15, 31, None, None, None, None, None, None, None, None, None, None, None, None, None, None]
n=5: 11602.8s, 20041564160 attempts, 86231998 affine nodes, 1 representatives; [0, 1, 2, 4, 3, 6, 8, 16, 5, 19, 28, 15, 10, 26, 17, 29, 31, 14, 7, None, None, None, None, None, None, None, None, None, None, None, None, None]
n=5: 11622.8s, 20076429312 attempts, 86349337 affine nodes, 1 representatives; [0, 1, 2, 4, 3, 6, 8, 16, 5, 19, 28, 20, 27, 31, 9, 11, 10, 24, 17, None, None, None, None, None, None, None, None, None, None, None, None, None]
n=5: 11642.8s, 20111245312 attempts, 86535667 affine nodes, 1 representatives; [0, 1, 2, 4, 3, 6, 8, 16, 5, 19, 28, 31, 26, 10, 30, 23, 20, 25, None, None, None, None, None, None, None, None, None, None, None, None, None, None]
n=5: 11662.8s, 20145651712 attempts, 86671018 affine nodes, 1 representatives; [0, 1, 2, 4, 3, 6, 8, 16, 5, 19, 30, 12, 29, 31, 21, 10, 7, 22, 23, None, None, None, None, None, None, None, None, None, None, None, None, None]
n=5: 11682.8s, 20180238336 attempts, 86798442 affine nodes, 1 representatives; [0, 1, 2, 4, 3, 6, 8, 16, 5, 19, 30, 20, 14, 10, 28, 9, 11, 17, 27, None, None, None, None, None, None, None, None, None, None, None, None, None]
n=5: 11702.8s, 20215300096 attempts, 86957811 affine nodes, 1 representatives; [0, 1, 2, 4, 3, 6, 8, 16, 5, 19, 30, 26, 24, 10, 11, 20, 21, 12, 17, None, None, None, None, None, None, None, None, None, None, None, None, None]
n=5: 11722.8s, 20249952256 attempts, 87131126 affine nodes, 1 representatives; [0, 1, 2, 4, 3, 6, 8, 16, 5, 19, 31, 13, 25, 21, 30, 20, 17, 24, 14, 10, None, None, None, None, None, None, None, None, None, None, None, None]
n=5: 11742.8s, 20284817408 attempts, 87276330 affine nodes, 1 representatives; [0, 1, 2, 4, 3, 6, 8, 16, 5, 19, 31, 18, 28, 13, 22, 9, 27, 20, 11, 15, None, None, None, None, None, None, None, None, None, None, None, None]
n=5: 11762.8s, 20319649792 attempts, 87452332 affine nodes, 1 representatives; [0, 1, 2, 4, 3, 6, 8, 16, 5, 19, 31, 28, 7, 11, 25, 10, 20, 26, 24, 15, None, None, None, None, None, None, None, None, None, None, None, None]
n=5: 11782.8s, 20354383872 attempts, 87619138 affine nodes, 1 representatives; [0, 1, 2, 4, 3, 6, 8, 16, 5, 24, 9, 13, 28, 30, 12, 23, 25, 15, None, None, None, None, None, None, None, None, None, None, None, None, None, None]
n=5: 11802.8s, 20389052416 attempts, 87744916 affine nodes, 1 representatives; [0, 1, 2, 4, 3, 6, 8, 16, 5, 24, 9, 23, 29, 20, 30, 13, 14, 28, 26, 21, None, None, None, None, None, None, None, None, None, None, None, None]
n=5: 11822.8s, 20423868416 attempts, 87915808 affine nodes, 1 representatives; [0, 1, 2, 4, 3, 6, 8, 16, 5, 24, 9, 31, 7, 10, 30, 14, 19, 17, 25, 13, None, None, None, None, None, None, None, None, None, None, None, None]
n=5: 11842.8s, 20458668032 attempts, 88023229 affine nodes, 1 representatives; [0, 1, 2, 4, 3, 6, 8, 16, 5, 24, 10, 13, 22, 29, 12, 15, 23, 27, 11, 18, None, None, None, None, None, None, None, None, None, None, None, None]
n=5: 11862.8s, 20493336576 attempts, 88145785 affine nodes, 1 representatives; [0, 1, 2, 4, 3, 6, 8, 16, 5, 24, 10, 21, 12, 30, 11, 23, 15, 25, None, None, None, None, None, None, None, None, None, None, None, None, None, None]
n=5: 11882.8s, 20528168960 attempts, 88296342 affine nodes, 1 representatives; [0, 1, 2, 4, 3, 6, 8, 16, 5, 24, 10, 28, 31, 19, 11, 18, 27, 25, 22, 17, None, None, None, None, None, None, None, None, None, None, None, None]
n=5: 11902.8s, 20563034112 attempts, 88424671 affine nodes, 1 representatives; [0, 1, 2, 4, 3, 6, 8, 16, 5, 24, 12, 15, 27, 17, 19, 13, 28, 18, None, None, None, None, None, None, None, None, None, None, None, None, None, None]
n=5: 11922.8s, 20597669888 attempts, 88538060 affine nodes, 1 representatives; [0, 1, 2, 4, 3, 6, 8, 16, 5, 24, 12, 25, 7, 19, 18, 28, 9, 14, 27, 22, None, None, None, None, None, None, None, None, None, None, None, None]
n=5: 11942.9s, 20632485888 attempts, 88674801 affine nodes, 1 representatives; [0, 1, 2, 4, 3, 6, 8, 16, 5, 24, 12, 31, 7, 21, 26, 13, 10, 9, 20, 28, None, None, None, None, None, None, None, None, None, None, None, None]
n=5: 11962.9s, 20667449344 attempts, 88800074 affine nodes, 1 representatives; [0, 1, 2, 4, 3, 6, 8, 16, 5, 24, 13, 15, 7, 19, 30, 29, 22, 26, 31, 10, None, None, None, None, None, None, None, None, None, None, None, None]
n=5: 11982.9s, 20702330880 attempts, 88937480 affine nodes, 1 representatives; [0, 1, 2, 4, 3, 6, 8, 16, 5, 24, 13, 20, 18, 14, 15, 27, 25, 17, 11, None, None, None, None, None, None, None, None, None, None, None, None, None]
n=5: 12002.9s, 20737343488 attempts, 89092157 affine nodes, 1 representatives; [0, 1, 2, 4, 3, 6, 8, 16, 5, 24, 13, 31, 11, 26, 27, 20, 30, 22, 19, None, None, None, None, None, None, None, None, None, None, None, None, None]
n=5: 12022.9s, 20772225024 attempts, 89212738 affine nodes, 1 representatives; [0, 1, 2, 4, 3, 6, 8, 16, 5, 24, 15, 17, 11, 20, 18, 14, 27, 21, None, None, None, None, None, None, None, None, None, None, None, None, None, None]
n=5: 12042.9s, 20806893568 attempts, 89349136 affine nodes, 1 representatives; [0, 1, 2, 4, 3, 6, 8, 16, 5, 24, 15, 25, 21, 28, 29, 7, 26, 10, 13, 14, None, None, None, None, None, None, None, None, None, None, None, None]
n=5: 12062.9s, 20841791488 attempts, 89497615 affine nodes, 1 representatives; [0, 1, 2, 4, 3, 6, 8, 16, 5, 24, 15, 31, 23, 19, 22, 7, 13, 17, 26, None, None, None, None, None, None, None, None, None, None, None, None, None]
n=5: 12082.9s, 20876460032 attempts, 89637146 affine nodes, 1 representatives; [0, 1, 2, 4, 3, 6, 8, 16, 5, 24, 17, 15, 27, 11, 14, 10, 23, 21, 13, None, None, None, None, None, None, None, None, None, None, None, None, None]
n=5: 12102.9s, 20911210496 attempts, 89771920 affine nodes, 1 representatives; [0, 1, 2, 4, 3, 6, 8, 16, 5, 24, 17, 27, 21, 29, 11, 20, 22, 25, 18, None, None, None, None, None, None, None, None, None, None, None, None, None]
n=5: 12122.9s, 20945960960 attempts, 89933502 affine nodes, 1 representatives; [0, 1, 2, 4, 3, 6, 8, 16, 5, 24, 18, 9, 22, 17, 30, 15, 7, 11, 14, None, None, None, None, None, None, None, None, None, None, None, None, None]
n=5: 12142.9s, 20980547584 attempts, 90030590 affine nodes, 1 representatives; [0, 1, 2, 4, 3, 6, 8, 16, 5, 24, 18, 13, 27, 14, 26, 22, 23, 7, 30, 28, None, None, None, None, None, None, None, None, None, None, None, None]
n=5: 12162.9s, 21015396352 attempts, 90138695 affine nodes, 1 representatives; [0, 1, 2, 4, 3, 6, 8, 16, 5, 24, 18, 25, 7, 19, 30, 15, 12, 21, 20, None, None, None, None, None, None, None, None, None, None, None, None, None]
n=5: 12182.9s, 21050163200 attempts, 90274173 affine nodes, 1 representatives; [0, 1, 2, 4, 3, 6, 8, 16, 5, 24, 18, 30, 22, 10, 11, 31, 17, 15, 9, 7, None, None, None, None, None, None, None, None, None, None, None, None]
n=5: 12202.9s, 21084897280 attempts, 90377056 affine nodes, 1 representatives; [0, 1, 2, 4, 3, 6, 8, 16, 5, 24, 20, 10, 31, 17, 15, 11, 27, 13, 18, None, None, None, None, None, None, None, None, None, None, None, None, None]
n=5: 12222.9s, 21119614976 attempts, 90509688 affine nodes, 1 representatives; [0, 1, 2, 4, 3, 6, 8, 16, 5, 24, 20, 25, 12, 22, 15, 28, 10, 19, 14, 7, None, None, None, None, None, None, None, None, None, None, None, None]
n=5: 12242.9s, 21154463744 attempts, 90654796 affine nodes, 1 representatives; [0, 1, 2, 4, 3, 6, 8, 16, 5, 24, 20, 31, 7, 17, 26, 13, 10, 22, 9, 23, None, None, None, None, None, None, None, None, None, None, None, None]
n=5: 12262.9s, 21189296128 attempts, 90772375 affine nodes, 1 representatives; [0, 1, 2, 4, 3, 6, 8, 16, 5, 24, 21, 10, 31, 14, 11, 29, 15, 19, 20, None, None, None, None, None, None, None, None, None, None, None, None, None]
n=5: 12282.9s, 21224275968 attempts, 90913355 affine nodes, 1 representatives; [0, 1, 2, 4, 3, 6, 8, 16, 5, 24, 21, 18, 31, 22, 25, 11, 19, 28, 26, 9, None, None, None, None, None, None, None, None, None, None, None, None]
n=5: 12302.9s, 21259272192 attempts, 91056488 affine nodes, 1 representatives; [0, 1, 2, 4, 3, 6, 8, 16, 5, 24, 21, 31, 13, 25, 9, 22, 15, 26, 29, None, None, None, None, None, None, None, None, None, None, None, None, None]
n=5: 12322.9s, 21293989888 attempts, 91165590 affine nodes, 1 representatives; [0, 1, 2, 4, 3, 6, 8, 16, 5, 24, 23, 13, 18, 21, 9, 11, 12, 19, 17, 28, None, None, None, None, None, None, None, None, None, None, None, None]
n=5: 12342.9s, 21328822272 attempts, 91280580 affine nodes, 1 representatives; [0, 1, 2, 4, 3, 6, 8, 16, 5, 24, 23, 25, 14, 13, 22, 28, 12, 19, 17, 21, None, None, None, None, None, None, None, None, None, None, None, None]
n=5: 12362.9s, 21363703808 attempts, 91403632 affine nodes, 1 representatives; [0, 1, 2, 4, 3, 6, 8, 16, 5, 24, 23, 31, 9, 28, 21, 18, 10, 19, 14, 30, None, None, None, None, None, None, None, None, None, None, None, None]
n=5: 12382.9s, 21398568960 attempts, 91522640 affine nodes, 1 representatives; [0, 1, 2, 4, 3, 6, 8, 16, 5, 24, 25, 12, 7, 21, 9, 19, 22, 20, 13, None, None, None, None, None, None, None, None, None, None, None, None, None]
n=5: 12402.9s, 21433466880 attempts, 91658920 affine nodes, 1 representatives; [0, 1, 2, 4, 3, 6, 8, 16, 5, 24, 25, 17, 18, 28, 12, 15, 10, 14, 7, None, None, None, None, None, None, None, None, None, None, None, None, None]
n=5: 12422.9s, 21468332032 attempts, 91798251 affine nodes, 1 representatives; [0, 1, 2, 4, 3, 6, 8, 16, 5, 24, 25, 23, 9, 26, 22, 30, 17, 21, 15, 19, None, None, None, None, None, None, None, None, None, None, None, None]
n=5: 12443.0s, 21503033344 attempts, 91927288 affine nodes, 1 representatives; [0, 1, 2, 4, 3, 6, 8, 16, 5, 24, 26, 12, 14, 28, 22, 18, 29, 10, None, None, None, None, None, None, None, None, None, None, None, None, None, None]
n=5: 12463.0s, 21537734656 attempts, 92071985 affine nodes, 1 representatives; [0, 1, 2, 4, 3, 6, 8, 16, 5, 24, 26, 17, 28, 15, 18, 29, 20, 22, 10, 27, None, None, None, None, None, None, None, None, None, None, None, None]
n=5: 12483.0s, 21572501504 attempts, 92198087 affine nodes, 1 representatives; [0, 1, 2, 4, 3, 6, 8, 16, 5, 24, 26, 21, 23, 13, 10, 29, 25, 15, 30, None, None, None, None, None, None, None, None, None, None, None, None, None]
n=5: 12503.0s, 21607301120 attempts, 92392529 affine nodes, 1 representatives; [0, 1, 2, 4, 3, 6, 8, 16, 5, 24, 29, 17, 7, 22, 25, 23, 9, 19, 30, 14, None, None, None, None, None, None, None, None, None, None, None, None]
n=5: 12523.0s, 21642149888 attempts, 92587888 affine nodes, 1 representatives; [0, 1, 2, 4, 3, 6, 8, 16, 5, 24, 30, 10, 23, 19, 14, 7, 11, 29, 20, None, None, None, None, None, None, None, None, None, None, None, None, None]
n=5: 12543.0s, 21677047808 attempts, 92722943 affine nodes, 1 representatives; [0, 1, 2, 4, 3, 6, 8, 16, 5, 24, 30, 17, 23, 13, 15, 29, 19, 31, 18, None, None, None, None, None, None, None, None, None, None, None, None, None]
n=5: 12563.0s, 21712044032 attempts, 92865967 affine nodes, 1 representatives; [0, 1, 2, 4, 3, 6, 8, 16, 5, 24, 31, 9, 7, 19, 26, 15, 20, 22, 23, None, None, None, None, None, None, None, None, None, None, None, None, None]
n=5: 12583.0s, 21746892800 attempts, 92962767 affine nodes, 1 representatives; [0, 1, 2, 4, 3, 6, 8, 16, 5, 24, 31, 12, 21, 25, 9, 23, 13, 29, 7, 18, None, None, None, None, None, None, None, None, None, None, None, None]
n=5: 12603.0s, 21781856256 attempts, 93070268 affine nodes, 1 representatives; [0, 1, 2, 4, 3, 6, 8, 16, 5, 24, 31, 17, 12, 14, 15, 28, 7, 23, 11, 26, None, None, None, None, None, None, None, None, None, None, None, None]
n=5: 12623.0s, 21816672256 attempts, 93184622 affine nodes, 1 representatives; [0, 1, 2, 4, 3, 6, 8, 16, 5, 24, 31, 21, 12, 19, 15, 27, 13, 10, 7, 25, None, None, None, None, None, None, None, None, None, None, None, None]
n=5: 12643.0s, 21851586560 attempts, 93285678 affine nodes, 1 representatives; [0, 1, 2, 4, 3, 6, 8, 16, 5, 25, 9, 10, 30, 21, 11, 31, 29, 23, None, None, None, None, None, None, None, None, None, None, None, None, None, None]
n=5: 12663.0s, 21886287872 attempts, 93401453 affine nodes, 1 representatives; [0, 1, 2, 4, 3, 6, 8, 16, 5, 25, 9, 19, 29, 12, 18, 28, 31, 22, 7, None, None, None, None, None, None, None, None, None, None, None, None, None]
n=5: 12683.0s, 21921071104 attempts, 93512747 affine nodes, 1 representatives; [0, 1, 2, 4, 3, 6, 8, 16, 5, 25, 9, 24, 18, 17, 22, 13, 7, 23, 14, None, None, None, None, None, None, None, None, None, None, None, None, None]
n=5: 12703.0s, 21955903488 attempts, 93636782 affine nodes, 1 representatives; [0, 1, 2, 4, 3, 6, 8, 16, 5, 25, 9, 30, 20, 29, 23, 13, 26, 21, 18, None, None, None, None, None, None, None, None, None, None, None, None, None]
n=5: 12723.0s, 21990653952 attempts, 93757991 affine nodes, 1 representatives; [0, 1, 2, 4, 3, 6, 8, 16, 5, 25, 11, 12, 14, 17, 22, 18, 9, 26, 24, 19, None, None, None, None, None, None, None, None, None, None, None, None]
n=5: 12743.0s, 22025388032 attempts, 93910268 affine nodes, 1 representatives; [0, 1, 2, 4, 3, 6, 8, 16, 5, 25, 11, 21, 29, 31, 26, 23, 18, 24, 14, 30, None, None, None, None, None, None, None, None, None, None, None, None]
n=5: 12763.0s, 22060204032 attempts, 94112808 affine nodes, 1 representatives; [0, 1, 2, 4, 3, 6, 8, 16, 5, 25, 12, 14, 18, 27, 17, 29, 30, 15, 20, None, None, None, None, None, None, None, None, None, None, None, None, None]
n=5: 12783.0s, 22094872576 attempts, 94263664 affine nodes, 1 representatives; [0, 1, 2, 4, 3, 6, 8, 16, 5, 25, 12, 23, 18, 27, 10, 26, 14, 24, None, None, None, None, None, None, None, None, None, None, None, None, None, None]
n=5: 12803.0s, 22129704960 attempts, 94434297 affine nodes, 1 representatives; [0, 1, 2, 4, 3, 6, 8, 16, 5, 25, 12, 31, 9, 10, 22, 29, 26, 15, 30, None, None, None, None, None, None, None, None, None, None, None, None, None]
n=5: 12823.0s, 22164504576 attempts, 94581718 affine nodes, 1 representatives; [0, 1, 2, 4, 3, 6, 8, 16, 5, 25, 13, 14, 29, 20, 17, 10, 18, 12, 28, 30, None, None, None, None, None, None, None, None, None, None, None, None]
n=5: 12843.0s, 22199320576 attempts, 94730490 affine nodes, 1 representatives; [0, 1, 2, 4, 3, 6, 8, 16, 5, 25, 13, 24, 26, 14, 22, 29, 11, 21, 19, 27, None, None, None, None, None, None, None, None, None, None, None, None]
n=5: 12863.0s, 22234202112 attempts, 94902241 affine nodes, 1 representatives; [0, 1, 2, 4, 3, 6, 8, 16, 5, 25, 15, 12, 19, 24, 26, 10, 30, 13, 22, 18, None, None, None, None, None, None, None, None, None, None, None, None]
n=5: 12883.0s, 22268887040 attempts, 95047351 affine nodes, 1 representatives; [0, 1, 2, 4, 3, 6, 8, 16, 5, 25, 15, 21, 12, 17, 28, 14, 7, 20, 31, 29, None, None, None, None, None, None, None, None, None, None, None, None]
n=5: 12903.1s, 22303752192 attempts, 95212057 affine nodes, 1 representatives; [0, 1, 2, 4, 3, 6, 8, 16, 5, 25, 15, 30, 29, 21, 19, 7, 28, 24, 12, None, None, None, None, None, None, None, None, None, None, None, None, None]
n=5: 12923.1s, 22338486272 attempts, 95379965 affine nodes, 1 representatives; [0, 1, 2, 4, 3, 6, 8, 16, 5, 25, 17, 14, 26, 18, 11, 31, 9, 24, 23, None, None, None, None, None, None, None, None, None, None, None, None, None]
n=5: 12943.1s, 22373171200 attempts, 95561151 affine nodes, 1 representatives; [0, 1, 2, 4, 3, 6, 8, 16, 5, 25, 17, 29, 14, 10, 23, 31, 22, 28, 11, None, None, None, None, None, None, None, None, None, None, None, None, None]
n=5: 12963.1s, 22407938048 attempts, 95730407 affine nodes, 1 representatives; [0, 1, 2, 4, 3, 6, 8, 16, 5, 25, 18, 12, 13, 20, 19, 28, 31, 15, 27, None, None, None, None, None, None, None, None, None, None, None, None, None]
n=5: 12983.1s, 22442655744 attempts, 95875331 affine nodes, 1 representatives; [0, 1, 2, 4, 3, 6, 8, 16, 5, 25, 18, 21, 29, 17, 15, 11, 30, 7, 22, 27, None, None, None, None, None, None, None, None, None, None, None, None]
n=5: 13003.1s, 22477406208 attempts, 96038600 affine nodes, 1 representatives; [0, 1, 2, 4, 3, 6, 8, 16, 5, 25, 18, 31, 7, 20, 28, 19, 23, 27, 26, None, None, None, None, None, None, None, None, None, None, None, None, None]
n=5: 13023.1s, 22512074752 attempts, 96177727 affine nodes, 1 representatives; [0, 1, 2, 4, 3, 6, 8, 16, 5, 25, 20, 13, 23, 10, 24, 9, 19, 27, 15, 28, None, None, None, None, None, None, None, None, None, None, None, None]
n=5: 13043.1s, 22546874368 attempts, 96303215 affine nodes, 1 representatives; [0, 1, 2, 4, 3, 6, 8, 16, 5, 25, 20, 24, 7, 21, 18, 15, 14, 12, 28, None, None, None, None, None, None, None, None, None, None, None, None, None]
n=5: 13063.1s, 22581821440 attempts, 96436054 affine nodes, 1 representatives; [0, 1, 2, 4, 3, 6, 8, 16, 5, 25, 20, 31, 14, 12, 10, 23, 19, 28, 30, None, None, None, None, None, None, None, None, None, None, None, None, None]
n=5: 13083.1s, 22616522752 attempts, 96615887 affine nodes, 1 representatives; [0, 1, 2, 4, 3, 6, 8, 16, 5, 25, 21, 23, 22, 29, 28, 10, 13, 20, None, None, None, None, None, None, None, None, None, None, None, None, None, None]
n=5: 13103.1s, 22651371520 attempts, 96804906 affine nodes, 1 representatives; [0, 1, 2, 4, 3, 6, 8, 16, 5, 25, 21, 31, 13, 24, 26, 20, 15, 29, 27, None, None, None, None, None, None, None, None, None, None, None, None, None]
n=5: 13123.1s, 22686040064 attempts, 96957479 affine nodes, 1 representatives; [0, 1, 2, 4, 3, 6, 8, 16, 5, 25, 22, 17, 26, 12, 14, 19, 30, None, None, None, None, None, None, None, None, None, None, None, None, None, None, None]
n=5: 13143.1s, 22720741376 attempts, 97139173 affine nodes, 1 representatives; [0, 1, 2, 4, 3, 6, 8, 16, 5, 25, 22, 30, 13, 27, 14, 23, 21, 26, 24, None, None, None, None, None, None, None, None, None, None, None, None, None]
n=5: 13163.1s, 22755524608 attempts, 97319985 affine nodes, 1 representatives; [0, 1, 2, 4, 3, 6, 8, 16, 5, 25, 24, 13, 12, 18, 23, 28, 31, 21, None, None, None, None, None, None, None, None, None, None, None, None, None, None]
n=5: 13183.1s, 22790291456 attempts, 97510644 affine nodes, 1 representatives; [0, 1, 2, 4, 3, 6, 8, 16, 5, 25, 24, 21, 19, 27, 15, 11, 14, 12, 17, 31, None, None, None, None, None, None, None, None, None, None, None, None]
n=5: 13203.1s, 22825091072 attempts, 97712184 affine nodes, 1 representatives; [0, 1, 2, 4, 3, 6, 8, 16, 5, 25, 27, 14, 13, 10, 21, 31, 29, 11, 7, None, None, None, None, None, None, None, None, None, None, 9, None, None]
n=5: 13223.1s, 22859874304 attempts, 97892478 affine nodes, 1 representatives; [0, 1, 2, 4, 3, 6, 8, 16, 5, 25, 27, 21, 22, 17, 14, 10, 24, 11, 13, None, None, None, None, None, None, None, None, None, None, None, None, None]
n=5: 13243.1s, 22894690304 attempts, 98129962 affine nodes, 1 representatives; [0, 1, 2, 4, 3, 6, 8, 16, 5, 25, 28, 17, 19, 14, 15, 31, 27, 13, 24, None, None, None, None, None, None, None, None, None, None, None, None, None]
n=5: 13263.1s, 22929473536 attempts, 98321659 affine nodes, 1 representatives; [0, 1, 2, 4, 3, 6, 8, 16, 5, 25, 30, 10, 12, 21, 15, 29, 24, 11, None, None, None, None, None, None, None, None, None, None, None, None, None, None]
n=5: 13283.1s, 22964551680 attempts, 98433124 affine nodes, 1 representatives; [0, 1, 2, 4, 3, 6, 8, 16, 5, 25, 30, 14, 12, 17, 19, 23, 27, 18, None, None, None, None, None, None, None, None, None, None, None, None, None, None]
n=5: 13303.1s, 22999515136 attempts, 98522874 affine nodes, 1 representatives; [0, 1, 2, 4, 3, 6, 8, 16, 5, 25, 30, 19, 10, 20, 11, 29, 21, 27, 7, None, None, None, None, None, None, None, None, None, None, None, None, None]
n=5: 13323.1s, 23034560512 attempts, 98650999 affine nodes, 1 representatives; [0, 1, 2, 4, 3, 6, 8, 16, 5, 25, 30, 23, 14, 24, 15, 31, 27, 9, 17, None, None, None, None, None, None, None, None, None, None, None, None, None]
n=5: 13343.2s, 23069360128 attempts, 98865708 affine nodes, 1 representatives; [0, 1, 2, 4, 3, 6, 8, 16, 5, 25, 31, 17, 7, 10, 26, 14, 13, 30, 20, 19, None, None, None, None, None, None, None, None, None, None, None, None]
n=5: 13363.2s, 23104094208 attempts, 99077255 affine nodes, 1 representatives; [0, 1, 2, 4, 3, 6, 8, 16, 5, 31, 9, 10, 20, 15, 21, 17, 25, 27, 29, None, None, None, None, None, None, None, None, None, None, None, None, None]
n=5: 13383.2s, 23138762752 attempts, 99261618 affine nodes, 1 representatives; [0, 1, 2, 4, 3, 6, 8, 16, 5, 31, 9, 23, 12, 15, 18, 28, 26, 21, 19, None, None, None, None, None, None, None, None, None, None, None, None, None]
n=5: 13403.2s, 23173447680 attempts, 99429003 affine nodes, 1 representatives; [0, 1, 2, 4, 3, 6, 8, 16, 5, 31, 9, 28, 10, 22, 25, 17, 21, 12, 13, 29, None, None, None, None, None, None, None, None, None, None, None, None]
n=5: 13423.2s, 23208280064 attempts, 99632431 affine nodes, 1 representatives; [0, 1, 2, 4, 3, 6, 8, 16, 5, 31, 10, 19, 18, 12, 14, 27, 20, 11, 23, None, None, None, None, None, None, None, None, None, None, None, None, None]
n=5: 13443.2s, 23243177984 attempts, 99765642 affine nodes, 1 representatives; [0, 1, 2, 4, 3, 6, 8, 16, 5, 31, 10, 24, 23, 19, 12, 15, 22, 13, 7, None, None, None, None, None, None, None, None, None, None, None, None, None]
n=5: 13463.2s, 23278059520 attempts, 99968220 affine nodes, 1 representatives; [0, 1, 2, 4, 3, 6, 8, 16, 5, 31, 11, 12, 30, 10, 17, 18, 19, 28, 20, None, None, None, None, None, None, None, None, None, None, None, None, None]
n=5: 13483.2s, 23312809984 attempts, 100148723 affine nodes, 1 representatives; [0, 1, 2, 4, 3, 6, 8, 16, 5, 31, 11, 24, 27, 20, 17, 10, 28, 18, 9, 14, None, None, None, None, None, None, None, None, None, None, None, None]
n=5: 13503.2s, 23347675136 attempts, 100335339 affine nodes, 1 representatives; [0, 1, 2, 4, 3, 6, 8, 16, 5, 31, 13, 10, 30, 14, 23, 25, 7, 17, 29, 22, None, None, None, None, None, None, None, None, None, None, None, None]
n=5: 13523.2s, 23382523904 attempts, 100491913 affine nodes, 1 representatives; [0, 1, 2, 4, 3, 6, 8, 16, 5, 31, 13, 18, 24, 27, 23, 26, 29, 12, 17, None, None, None, None, None, None, None, None, None, None, None, None, None]
n=5: 13543.2s, 23417569280 attempts, 100676705 affine nodes, 1 representatives; [0, 1, 2, 4, 3, 6, 8, 16, 5, 31, 13, 27, 24, 20, 21, 7, 26, 17, 25, None, None, None, None, None, None, None, None, None, None, None, None, None]
n=5: 13563.2s, 23452450816 attempts, 100828332 affine nodes, 1 representatives; [0, 1, 2, 4, 3, 6, 8, 16, 5, 31, 15, 13, 23, 19, 14, 28, 30, 17, 11, 24, None, None, None, None, None, None, None, None, None, None, None, None]
n=5: 13583.2s, 23487266816 attempts, 100950167 affine nodes, 1 representatives; [0, 1, 2, 4, 3, 6, 8, 16, 5, 31, 15, 19, 24, 13, 25, 26, 27, 20, 18, 12, None, None, None, None, None, None, None, None, None, None, None, None]
n=5: 13603.2s, 23522213888 attempts, 101079578 affine nodes, 1 representatives; [0, 1, 2, 4, 3, 6, 8, 16, 5, 31, 15, 27, 24, 20, 17, 25, 26, 21, 7, None, None, None, None, None, None, None, None, None, None, None, None, None]
n=5: 13623.2s, 23557029888 attempts, 101237879 affine nodes, 1 representatives; [0, 1, 2, 4, 3, 6, 8, 16, 5, 31, 18, 13, 27, 17, 29, 9, 14, 21, 15, 26, None, None, None, None, None, None, None, None, None, None, None, None]
n=5: 13643.2s, 23591796736 attempts, 101401144 affine nodes, 1 representatives; [0, 1, 2, 4, 3, 6, 8, 16, 5, 31, 18, 21, 20, 30, 28, 24, 22, 27, 26, None, None, None, None, None, None, None, None, None, None, None, None, None]
n=5: 13663.2s, 23626678272 attempts, 101571635 affine nodes, 1 representatives; [0, 1, 2, 4, 3, 6, 8, 16, 5, 31, 18, 28, 11, 26, 10, 9, 27, 25, 19, None, None, None, None, None, None, None, None, None, None, None, None, None]
n=5: 13683.2s, 23661477888 attempts, 101744267 affine nodes, 1 representatives; [0, 1, 2, 4, 3, 6, 8, 16, 5, 31, 20, 15, 27, 18, 14, 26, 28, 12, 21, 17, None, None, None, None, None, None, None, None, None, None, None, None]
n=5: 13703.2s, 23696424960 attempts, 101876567 affine nodes, 1 representatives; [0, 1, 2, 4, 3, 6, 8, 16, 5, 31, 20, 25, 10, 14, 26, 15, 11, 29, 28, None, None, 17, None, None, None, None, None, None, None, None, None, None]
n=5: 13723.2s, 23731224576 attempts, 102061505 affine nodes, 1 representatives; [0, 1, 2, 4, 3, 6, 8, 16, 5, 31, 21, 12, 22, 25, 11, 20, 7, 9, None, None, None, None, None, None, None, None, None, None, None, None, None, None]
n=5: 13743.2s, 23766007808 attempts, 102195211 affine nodes, 1 representatives; [0, 1, 2, 4, 3, 6, 8, 16, 5, 31, 21, 23, 27, 14, 9, 22, 13, 20, 12, None, None, None, None, None, None, None, None, 28, None, None, None, None]
n=5: 13763.3s, 23800938496 attempts, 102347658 affine nodes, 1 representatives; [0, 1, 2, 4, 3, 6, 8, 16, 5, 31, 21, 28, 26, 12, 23, 11, 14, 27, 15, None, None, None, None, None, None, None, None, None, None, None, None, None]
n=5: 13783.3s, 23835721728 attempts, 102522790 affine nodes, 1 representatives; [0, 1, 2, 4, 3, 6, 8, 16, 5, 31, 22, 17, 26, 30, 14, 7, 20, 13, 28, None, None, None, None, None, None, None, None, None, None, None, None, None]
n=5: 13803.3s, 23870488576 attempts, 102725848 affine nodes, 1 representatives; [0, 1, 2, 4, 3, 6, 8, 16, 5, 31, 22, 30, 9, 10, 29, 17, 18, 14, 28, 13, None, None, None, None, None, None, None, None, None, None, None, None]
n=5: 13823.3s, 23905386496 attempts, 102857884 affine nodes, 1 representatives; [0, 1, 2, 4, 3, 6, 8, 16, 5, 31, 23, 14, 26, 18, 19, 7, 28, 15, 29, 17, None, None, None, None, None, None, None, None, None, None, None, None]
n=5: 13843.3s, 23940284416 attempts, 102984726 affine nodes, 1 representatives; [0, 1, 2, 4, 3, 6, 8, 16, 5, 31, 23, 24, 26, 15, 14, 28, 20, 7, 30, 25, None, None, None, None, None, None, None, None, None, None, None, None]
n=5: 13863.3s, 23975247872 attempts, 103122378 affine nodes, 1 representatives; [0, 1, 2, 4, 3, 6, 8, 16, 5, 31, 23, 30, 12, 29, 10, 13, 18, 11, 26, None, None, None, None, None, None, None, None, None, None, None, None, None]
n=5: 13883.3s, 24010227712 attempts, 103243214 affine nodes, 1 representatives; [0, 1, 2, 4, 3, 6, 8, 16, 5, 31, 24, 13, 18, 14, 19, 27, 30, 25, 20, 10, None, None, None, None, None, None, None, None, None, None, None, None]
n=5: 13903.3s, 24045273088 attempts, 103365602 affine nodes, 1 representatives; [0, 1, 2, 4, 3, 6, 8, 16, 5, 31, 24, 17, 12, 15, 21, 9, 19, 30, 28, 11, None, None, None, None, None, None, None, None, None, None, None, None]
n=5: 13923.3s, 24080220160 attempts, 103498699 affine nodes, 1 representatives; [0, 1, 2, 4, 3, 6, 8, 16, 5, 31, 24, 21, 22, 13, 17, 19, 11, 27, 23, 10, None, None, None, None, None, None, None, None, None, None, None, None]
n=5: 13943.3s, 24115167232 attempts, 103638671 affine nodes, 1 representatives; [0, 1, 2, 4, 3, 6, 8, 16, 5, 31, 25, 12, 30, 26, 17, 18, 10, 19, None, None, None, None, None, None, None, None, None, None, None, None, None, None]
n=5: 13963.3s, 24150114304 attempts, 103819332 affine nodes, 1 representatives; [0, 1, 2, 4, 3, 6, 8, 16, 5, 31, 25, 18, 7, 14, 28, 15, 26, 20, 21, 10, None, None, None, None, None, None, None, None, None, None, None, None]
n=5: 13983.3s, 24185012224 attempts, 103986077 affine nodes, 1 representatives; [0, 1, 2, 4, 3, 6, 8, 16, 5, 31, 25, 23, 28, 17, 11, 22, 13, 18, 7, None, None, None, None, None, None, None, None, None, None, None, None, None]
n=5: 14003.3s, 24219844608 attempts, 104283395 affine nodes, 1 representatives; [0, 1, 2, 4, 3, 6, 8, 16, 5, 31, 26, 23, 12, 14, 30, 7, 18, 9, 17, None, None, None, None, None, None, None, None, None, None, None, None, None]
n=5: 14023.3s, 24254611456 attempts, 104510283 affine nodes, 1 representatives; [0, 1, 2, 4, 3, 6, 8, 16, 5, 31, 29, 15, 30, 18, 12, 19, 23, 28, 13, None, None, None, None, None, None, None, None, None, None, None, None, None]
n=5: 14043.3s, 24289329152 attempts, 104725316 affine nodes, 1 representatives; [0, 1, 2, 4, 3, 6, 8, 16, 5, 31, 30, 10, 7, 20, 9, 27, 15, 11, None, None, None, None, None, None, None, None, None, None, None, None, None, None]
n=5: 14063.3s, 24324227072 attempts, 104950582 affine nodes, 1 representatives; [0, 1, 2, 4, 3, 6, 8, 16, 5, 31, 30, 18, 12, 27, 19, 7, 21, 29, 13, 28, None, None, None, None, None, None, None, None, None, None, None, None]
n=5: 14083.3s, 24359174144 attempts, 105129421 affine nodes, 1 representatives; [0, 1, 2, 4, 3, 6, 8, 16, 9, 10, 13, 18, 17, 7, 29, 19, 5, 31, 20, 15, None, None, None, None, None, None, None, None, None, None, None, None]
n=5: 14103.3s, 24394170368 attempts, 105223577 affine nodes, 1 representatives; [0, 1, 2, 4, 3, 6, 8, 16, 9, 10, 13, 20, 26, 14, 21, 18, 25, 11, 19, None, None, None, None, None, None, None, None, None, None, None, None, None]
n=5: 14123.3s, 24429166592 attempts, 105320207 affine nodes, 1 representatives; [0, 1, 2, 4, 3, 6, 8, 16, 9, 10, 13, 24, 18, 12, 21, 5, 22, 27, 7, None, None, None, None, None, None, None, None, None, None, None, None, None]
n=5: 14143.3s, 24464343040 attempts, 105393179 affine nodes, 1 representatives; [0, 1, 2, 4, 3, 6, 8, 16, 9, 10, 13, 25, 27, 28, 22, 18, 11, 21, None, None, None, None, None, None, None, None, None, None, None, None, None, None]
n=5: 14163.3s, 24499322880 attempts, 105509067 affine nodes, 1 representatives; [0, 1, 2, 4, 3, 6, 8, 16, 9, 10, 13, 31, 17, 19, 12, 29, 7, 15, 14, None, None, None, None, None, None, None, None, None, None, None, None, None]
n=5: 14183.3s, 24534269952 attempts, 105623576 affine nodes, 1 representatives; [0, 1, 2, 4, 3, 6, 8, 16, 9, 10, 15, 19, 11, 12, 25, 22, 7, 5, 14, 17, None, None, None, None, None, None, None, None, None, None, None, None]
n=5: 14203.3s, 24569069568 attempts, 105763464 affine nodes, 1 representatives; [0, 1, 2, 4, 3, 6, 8, 16, 9, 10, 15, 22, 27, 25, 31, 23, 21, 28, None, None, None, None, None, None, None, None, None, None, None, None, None, None]
n=5: 14223.3s, 24603934720 attempts, 105889615 affine nodes, 1 representatives; [0, 1, 2, 4, 3, 6, 8, 16, 9, 10, 15, 29, 11, 24, 7, 28, 25, 12, None, None, None, None, None, None, None, None, None, None, None, None, None, None]
n=5: 14243.3s, 24638816256 attempts, 106026369 affine nodes, 1 representatives; [0, 1, 2, 4, 3, 6, 8, 16, 9, 10, 17, 12, 22, 31, 21, 30, 19, 20, 13, None, None, None, None, None, None, None, None, None, None, None, None, None]
n=5: 14263.4s, 24673550336 attempts, 106193560 affine nodes, 1 representatives; [0, 1, 2, 4, 3, 6, 8, 16, 9, 10, 17, 22, 23, 28, 19, 7, 12, 18, 21, None, None, None, None, None, None, None, None, None, None, None, None, None]
n=5: 14283.4s, 24708349952 attempts, 106366343 affine nodes, 1 representatives; [0, 1, 2, 4, 3, 6, 8, 16, 9, 10, 17, 30, 27, 12, 29, 22, 18, None, None, None, None, None, None, None, None, None, None, None, None, None, None, None]
n=5: 14303.4s, 24743198720 attempts, 106505738 affine nodes, 1 representatives; [0, 1, 2, 4, 3, 6, 8, 16, 9, 10, 18, 21, 13, 17, 5, 23, 7, 14, None, None, None, None, None, None, None, None, None, None, None, None, None, None]
n=5: 14323.4s, 24777965568 attempts, 106630844 affine nodes, 1 representatives; [0, 1, 2, 4, 3, 6, 8, 16, 9, 10, 18, 29, 27, 23, 22, 17, 7, 30, 21, 15, None, None, None, None, None, None, None, None, None, None, None, None]
n=5: 14343.4s, 24812765184 attempts, 106784443 affine nodes, 1 representatives; [0, 1, 2, 4, 3, 6, 8, 16, 9, 10, 19, 17, 25, 12, 22, 15, 21, 11, 27, None, None, None, None, None, None, None, None, None, None, None, None, None]
n=5: 14363.4s, 24847433728 attempts, 106954590 affine nodes, 1 representatives; [0, 1, 2, 4, 3, 6, 8, 16, 9, 10, 19, 31, 11, 22, 28, 7, 29, 12, 27, 15, None, None, None, None, None, None, None, None, None, None, None, None]
n=5: 14383.4s, 24882216960 attempts, 107069719 affine nodes, 1 representatives; [0, 1, 2, 4, 3, 6, 8, 16, 9, 10, 20, 22, 11, 21, 28, 12, 14, 5, None, None, None, None, None, None, None, None, None, None, None, None, None, None]
n=5: 14403.4s, 24917000192 attempts, 107170769 affine nodes, 1 representatives; [0, 1, 2, 4, 3, 6, 8, 16, 9, 10, 20, 25, 26, 7, 29, 21, 13, 27, None, None, None, None, None, None, None, None, None, None, None, None, None, None]
n=5: 14423.4s, 24951816192 attempts, 107326950 affine nodes, 1 representatives; [0, 1, 2, 4, 3, 6, 8, 16, 9, 10, 21, 12, 18, 7, 5, 30, 23, 28, None, None, None, None, None, None, None, None, None, None, None, None, None, None]
n=5: 14443.4s, 24986632192 attempts, 107480598 affine nodes, 1 representatives; [0, 1, 2, 4, 3, 6, 8, 16, 9, 10, 21, 23, 13, 26, 7, 28, 5, 19, 22, None, None, None, None, None, None, None, None, None, None, None, None, None]
n=5: 14463.4s, 25021530112 attempts, 107645742 affine nodes, 1 representatives; [0, 1, 2, 4, 3, 6, 8, 16, 9, 10, 21, 29, 27, 20, 5, 28, 24, 12, 18, None, None, None, None, None, None, None, None, None, None, None, None, None]
n=5: 14483.4s, 25056264192 attempts, 107811055 affine nodes, 1 representatives; [0, 1, 2, 4, 3, 6, 8, 16, 9, 10, 22, 18, 15, 24, 12, 5, 23, 11, 7, 13, None, None, None, None, None, None, None, None, None, None, None, None]
n=5: 14503.4s, 25090932736 attempts, 107929980 affine nodes, 1 representatives; [0, 1, 2, 4, 3, 6, 8, 16, 9, 10, 22, 25, 17, 14, 5, 28, 30, 23, 29, 12, None, None, None, None, None, None, None, None, None, None, None, None]
n=5: 14523.4s, 25125683200 attempts, 108063287 affine nodes, 1 representatives; [0, 1, 2, 4, 3, 6, 8, 16, 9, 10, 22, 31, 13, 24, 5, 23, 17, 19, 12, None, None, None, None, None, None, None, None, None, None, None, None, None]
n=5: 14543.4s, 25160548352 attempts, 108192091 affine nodes, 1 representatives; [0, 1, 2, 4, 3, 6, 8, 16, 9, 10, 23, 19, 18, 28, 30, 12, 22, 11, 13, None, None, None, None, None, None, None, None, None, None, None, None, None]
n=5: 14563.4s, 25195446272 attempts, 108318513 affine nodes, 1 representatives; [0, 1, 2, 4, 3, 6, 8, 16, 9, 10, 23, 25, 27, 28, 7, 20, 13, 15, 26, None, None, None, None, None, None, None, None, None, None, None, None, None]
n=5: 14583.4s, 25230327808 attempts, 108468044 affine nodes, 1 representatives; [0, 1, 2, 4, 3, 6, 8, 16, 9, 10, 24, 12, 17, 22, 25, 5, 23, 14, 20, None, None, None, None, None, None, None, None, None, None, None, None, None]
n=5: 14603.4s, 25265242112 attempts, 108593137 affine nodes, 1 representatives; [0, 1, 2, 4, 3, 6, 8, 16, 9, 10, 24, 17, 30, 18, 7, 28, 12, 14, 25, None, None, None, None, None, None, None, None, None, None, None, None, None]
n=5: 14623.4s, 25300025344 attempts, 108748712 affine nodes, 1 representatives; [0, 1, 2, 4, 3, 6, 8, 16, 9, 10, 24, 22, 21, 29, 5, 19, 23, 27, 30, None, None, None, None, None, None, None, None, None, None, None, None, None]
n=5: 14643.4s, 25334775808 attempts, 108898010 affine nodes, 1 representatives; [0, 1, 2, 4, 3, 6, 8, 16, 9, 10, 26, 14, 17, 25, 5, 19, 22, 13, 23, None, None, None, None, None, None, None, None, None, None, None, None, None]
n=5: 14663.4s, 25369755648 attempts, 109012835 affine nodes, 1 representatives; [0, 1, 2, 4, 3, 6, 8, 16, 9, 10, 26, 21, 15, 25, 31, 20, 17, 29, None, None, None, None, None, None, None, None, None, None, None, None, None, None]
n=5: 14683.4s, 25404588032 attempts, 109140210 affine nodes, 1 representatives; [0, 1, 2, 4, 3, 6, 8, 16, 9, 10, 26, 24, 25, 17, 5, 21, 22, 31, 23, 11, None, None, None, None, None, None, None, None, None, None, None, None]
n=5: 14703.5s, 25439469568 attempts, 109264186 affine nodes, 1 representatives; [0, 1, 2, 4, 3, 6, 8, 16, 9, 10, 27, 14, 13, 29, 23, 5, 19, 17, 26, None, None, None, None, None, None, None, None, None, None, None, None, None]
n=5: 14723.5s, 25474465792 attempts, 109377259 affine nodes, 1 representatives; [0, 1, 2, 4, 3, 6, 8, 16, 9, 10, 27, 22, 11, 26, 7, 30, 12, 23, 29, 13, None, None, None, None, None, None, None, None, None, None, None, None]
n=5: 14743.5s, 25509363712 attempts, 109499906 affine nodes, 1 representatives; [0, 1, 2, 4, 3, 6, 8, 16, 9, 10, 28, 12, 21, 25, 7, 19, 17, 24, 31, 27, 15, None, None, None, None, None, None, None, None, None, None, None]
n=5: 14763.5s, 25544359936 attempts, 109624214 affine nodes, 1 representatives; [0, 1, 2, 4, 3, 6, 8, 16, 9, 10, 28, 19, 18, 7, 30, 15, 17, 26, 23, None, None, None, None, None, None, None, None, None, None, None, None, None]
n=5: 14783.5s, 25579290624 attempts, 109799094 affine nodes, 1 representatives; [0, 1, 2, 4, 3, 6, 8, 16, 9, 10, 28, 24, 21, 14, 19, 15, 5, 18, None, None, None, None, None, None, None, None, None, None, None, None, None, None]
n=5: 14803.5s, 25614123008 attempts, 109933000 affine nodes, 1 representatives; [0, 1, 2, 4, 3, 6, 8, 16, 9, 10, 29, 14, 23, 7, 25, 18, 28, 11, 20, None, None, None, None, None, None, None, None, None, None, None, None, None]
n=5: 14823.5s, 25648742400 attempts, 110044273 affine nodes, 1 representatives; [0, 1, 2, 4, 3, 6, 8, 16, 9, 10, 29, 19, 17, 12, 28, 23, 7, 5, 15, 27, None, None, None, None, None, None, None, None, None, None, None, None]
n=5: 14843.5s, 25683525632 attempts, 110211406 affine nodes, 1 representatives; [0, 1, 2, 4, 3, 6, 8, 16, 9, 10, 29, 23, 25, 7, 12, 24, 18, 15, 21, 14, None, None, None, None, None, None, None, None, None, None, None, None]
n=5: 14863.5s, 25718374400 attempts, 110353586 affine nodes, 1 representatives; [0, 1, 2, 4, 3, 6, 8, 16, 9, 10, 30, 14, 13, 7, 5, 20, 22, 11, 25, None, None, None, None, None, None, None, None, None, None, None, None, None]
n=5: 14883.5s, 25753272320 attempts, 110500277 affine nodes, 1 representatives; [0, 1, 2, 4, 3, 6, 8, 16, 9, 10, 30, 21, 19, 7, 15, 20, 26, 13, 22, None, None, None, None, None, None, None, None, None, None, None, None, None]
n=5: 14903.5s, 25788088320 attempts, 110669616 affine nodes, 1 representatives; [0, 1, 2, 4, 3, 6, 8, 16, 9, 11, 14, 17, 30, 20, 22, 15, 24, 5, 25, None, None, None, None, None, None, None, None, None, None, None, None, None]
n=5: 14923.5s, 25822904320 attempts, 110791039 affine nodes, 1 representatives; [0, 1, 2, 4, 3, 6, 8, 16, 9, 11, 14, 21, 23, 13, 20, 24, 17, 25, 12, 29, None, None, None, None, None, None, None, None, None, None, None, None]
n=5: 14943.5s, 25857835008 attempts, 110905610 affine nodes, 1 representatives; [0, 1, 2, 4, 3, 6, 8, 16, 9, 11, 14, 25, 24, 28, 30, 18, 20, 23, 10, None, None, None, None, None, None, None, None, None, None, None, None, None]
n=5: 14963.5s, 25892798464 attempts, 111012994 affine nodes, 1 representatives; [0, 1, 2, 4, 3, 6, 8, 16, 9, 11, 14, 30, 24, 13, 21, 17, 20, 19, 28, None, None, None, None, None, None, None, None, None, None, None, None, None]
n=5: 14983.5s, 25927696384 attempts, 111130512 affine nodes, 1 representatives; [0, 1, 2, 4, 3, 6, 8, 16, 9, 11, 17, 21, 26, 13, 20, 28, 18, 25, 19, 30, 7, None, None, None, None, None, None, None, None, None, None, None]
n=5: 15003.5s, 25962577920 attempts, 111254255 affine nodes, 1 representatives; [0, 1, 2, 4, 3, 6, 8, 16, 9, 11, 17, 28, 30, 18, 19, 24, 23, 31, 13, 27, None, None, None, None, None, None, None, None, None, None, None, None]
n=5: 15023.5s, 25997410304 attempts, 111395524 affine nodes, 1 representatives; [0, 1, 2, 4, 3, 6, 8, 16, 9, 11, 18, 28, 30, 17, 29, 21, 23, 5, 7, None, None, None, None, None, None, None, None, None, None, None, None, None]
n=5: 15043.5s, 26032160768 attempts, 111491512 affine nodes, 1 representatives; [0, 1, 2, 4, 3, 6, 8, 16, 9, 11, 19, 20, 21, 14, 17, 28, 7, 15, 27, 12, None, None, None, None, None, None, None, None, None, None, None, None]
n=5: 15063.5s, 26066976768 attempts, 111590096 affine nodes, 1 representatives; [0, 1, 2, 4, 3, 6, 8, 16, 9, 11, 19, 25, 28, 14, 5, 22, 13, 10, 12, 17, 26, None, None, None, None, None, None, None, None, None, None, None]
n=5: 15083.5s, 26101678080 attempts, 111706767 affine nodes, 1 representatives; [0, 1, 2, 4, 3, 6, 8, 16, 9, 11, 20, 19, 24, 28, 13, 5, 18, 15, 17, 30, None, None, None, None, None, None, None, None, None, None, None, None]
n=5: 15103.5s, 26136363008 attempts, 111798886 affine nodes, 1 representatives; [0, 1, 2, 4, 3, 6, 8, 16, 9, 11, 20, 25, 18, 26, 17, 21, 27, 24, 29, None, None, None, None, None, None, None, None, None, None, None, None, None]
n=5: 15123.5s, 26171277312 attempts, 111905779 affine nodes, 1 representatives; [0, 1, 2, 4, 3, 6, 8, 16, 9, 11, 20, 30, 19, 13, 31, 5, 7, 27, 29, 15, None, None, None, None, None, None, None, None, None, None, None, None]
n=5: 15143.6s, 26206208000 attempts, 112058488 affine nodes, 1 representatives; [0, 1, 2, 4, 3, 6, 8, 16, 9, 11, 21, 24, 12, 22, 17, 30, 5, 18, 20, None, None, None, None, None, None, None, None, None, None, None, None, None]
n=5: 15163.6s, 26241040384 attempts, 112202878 affine nodes, 1 representatives; [0, 1, 2, 4, 3, 6, 8, 16, 9, 11, 21, 31, 18, 13, 5, 30, 7, 20, 25, 14, None, None, None, None, None, None, None, None, None, None, None, None]
n=5: 15183.6s, 26275823616 attempts, 112302965 affine nodes, 1 representatives; [0, 1, 2, 4, 3, 6, 8, 16, 9, 11, 22, 21, 24, 7, 30, 15, 18, 27, 17, None, None, None, None, None, None, None, None, None, None, None, None, None]
n=5: 15203.6s, 26310721536 attempts, 112402808 affine nodes, 1 representatives; [0, 1, 2, 4, 3, 6, 8, 16, 9, 11, 22, 27, 19, 29, 10, 30, 7, 20, 21, None, None, None, None, None, None, None, None, None, None, None, None, None]
n=5: 15223.6s, 26345684992 attempts, 112516099 affine nodes, 1 representatives; [0, 1, 2, 4, 3, 6, 8, 16, 9, 11, 23, 12, 30, 10, 31, 22, 28, 14, 20, None, None, None, None, None, None, None, None, None, None, None, None, None]
n=5: 15243.6s, 26380337152 attempts, 112644484 affine nodes, 1 representatives; [0, 1, 2, 4, 3, 6, 8, 16, 9, 11, 23, 25, 24, 20, 13, 18, 17, 28, 10, None, None, None, None, None, None, None, None, None, None, None, None, None]
n=5: 15263.6s, 26415071232 attempts, 112763883 affine nodes, 1 representatives; [0, 1, 2, 4, 3, 6, 8, 16, 9, 11, 25, 12, 20, 24, 7, 28, 5, 10, 26, 29, None, None, None, None, None, None, None, None, None, None, None, None]
n=5: 15283.6s, 26450034688 attempts, 112886736 affine nodes, 1 representatives; [0, 1, 2, 4, 3, 6, 8, 16, 9, 11, 25, 20, 26, 13, 21, 5, 27, 7, 29, None, None, None, None, None, None, None, None, None, None, None, None, None]
n=5: 15303.6s, 26484703232 attempts, 112997090 affine nodes, 1 representatives; [0, 1, 2, 4, 3, 6, 8, 16, 9, 11, 25, 23, 26, 10, 7, 18, 14, 28, 13, 19, None, None, None, None, None, None, None, None, None, None, None, None]
n=5: 15323.6s, 26519470080 attempts, 113111613 affine nodes, 1 representatives; [0, 1, 2, 4, 3, 6, 8, 16, 9, 11, 26, 20, 31, 23, 13, 29, 15, 24, 21, None, None, None, None, None, None, None, None, None, None, None, None, None]
n=5: 15343.6s, 26554269696 attempts, 113253043 affine nodes, 1 representatives; [0, 1, 2, 4, 3, 6, 8, 16, 9, 11, 26, 30, 15, 18, 7, 19, 22, 17, 28, 23, None, None, None, None, None, None, None, None, None, None, None, None]
n=5: 15363.6s, 26589298688 attempts, 113351189 affine nodes, 1 representatives; [0, 1, 2, 4, 3, 6, 8, 16, 9, 11, 27, 20, 23, 14, 7, 18, 19, 30, 10, 25, None, None, None, None, None, None, None, None, None, None, None, None]
n=5: 15383.6s, 26624212992 attempts, 113452013 affine nodes, 1 representatives; [0, 1, 2, 4, 3, 6, 8, 16, 9, 11, 27, 23, 21, 7, 19, 30, 20, 28, 14, None, None, None, None, None, None, None, None, None, None, None, None, None]
n=5: 15403.6s, 26659012608 attempts, 113539812 affine nodes, 1 representatives; [0, 1, 2, 4, 3, 6, 8, 16, 9, 11, 28, 12, 15, 22, 7, 27, 5, 13, 23, 19, None, None, None, None, None, None, None, None, None, None, None, None]
n=5: 15423.6s, 26693861376 attempts, 113636936 affine nodes, 1 representatives; [0, 1, 2, 4, 3, 6, 8, 16, 9, 11, 28, 18, 26, 17, 14, 31, 7, 30, 24, None, None, None, None, None, None, None, None, None, None, None, None, None]
n=5: 15443.6s, 26728710144 attempts, 113736655 affine nodes, 1 representatives; [0, 1, 2, 4, 3, 6, 8, 16, 9, 11, 28, 22, 21, 17, 7, 18, 26, 25, 20, None, None, None, None, None, None, None, None, None, None, None, None, None]
n=5: 15463.6s, 26763509760 attempts, 113836439 affine nodes, 1 representatives; [0, 1, 2, 4, 3, 6, 8, 16, 9, 11, 28, 27, 17, 30, 5, 22, 25, 12, 19, None, None, None, None, None, None, None, None, None, None, None, None, None]
n=5: 15483.6s, 26798424064 attempts, 113942132 affine nodes, 1 representatives; [0, 1, 2, 4, 3, 6, 8, 16, 9, 11, 29, 17, 18, 21, 10, 24, 7, 22, 23, 26, None, None, None, None, None, None, None, None, None, None, None, None]
n=5: 15503.6s, 26833256448 attempts, 114099992 affine nodes, 1 representatives; [0, 1, 2, 4, 3, 6, 8, 16, 9, 11, 29, 25, 18, 21, 10, 5, 17, 26, 22, None, None, None, None, None, None, None, None, None, None, None, None, None]
n=5: 15523.6s, 26868154368 attempts, 114234457 affine nodes, 1 representatives; [0, 1, 2, 4, 3, 6, 8, 16, 9, 11, 30, 18, 19, 13, 28, 7, 23, 26, 10, 29, None, None, None, None, None, None, None, None, None, None, None, None]
n=5: 15543.6s, 26902970368 attempts, 114388361 affine nodes, 1 representatives; [0, 1, 2, 4, 3, 6, 8, 16, 9, 11, 30, 25, 23, 10, 7, 22, 12, 15, 24, None, None, None, None, None, None, None, None, None, None, None, None, None]
n=5: 15563.7s, 26938032128 attempts, 114489025 affine nodes, 1 representatives; [0, 1, 2, 4, 3, 6, 8, 16, 9, 13, 10, 20, 18, 17, 15, 31, 12, 23, None, None, None, None, None, None, None, None, None, None, None, None, None, None]
n=5: 15583.7s, 26973044736 attempts, 114599494 affine nodes, 1 representatives; [0, 1, 2, 4, 3, 6, 8, 16, 9, 13, 10, 23, 28, 30, 12, 19, 11, 5, 7, None, None, None, None, None, None, None, None, None, None, None, None, None]
n=5: 15603.7s, 27008237568 attempts, 114682898 affine nodes, 1 representatives; [0, 1, 2, 4, 3, 6, 8, 16, 9, 13, 10, 25, 28, 31, 19, 17, 14, 20, 15, 24, None, None, None, None, None, None, None, None, None, None, None, None]
n=5: 15623.7s, 27043282944 attempts, 114820821 affine nodes, 1 representatives; [0, 1, 2, 4, 3, 6, 8, 16, 9, 13, 17, 14, 18, 28, 30, 7, 24, 31, None, None, None, None, None, None, None, None, None, None, None, None, None, None]
n=5: 15643.7s, 27078180864 attempts, 115030941 affine nodes, 1 representatives; [0, 1, 2, 4, 3, 6, 8, 16, 9, 13, 18, 14, 20, 19, 5, 31, 21, 11, None, None, None, None, None, None, None, None, None, None, None, None, None, None]
n=5: 15663.7s, 27113046016 attempts, 115194035 affine nodes, 1 representatives; [0, 1, 2, 4, 3, 6, 8, 16, 9, 13, 18, 30, 22, 29, 15, 17, 21, 23, 10, None, None, None, None, None, None, None, None, None, None, None, None, None]
n=5: 15683.7s, 27147894784 attempts, 115394752 affine nodes, 1 representatives; [0, 1, 2, 4, 3, 6, 8, 16, 9, 13, 19, 28, 30, 18, 31, 24, 15, 21, 12, 14, None, None, None, None, None, None, None, None, None, None, None, None]
n=5: 15703.7s, 27182776320 attempts, 115585657 affine nodes, 1 representatives; [0, 1, 2, 4, 3, 6, 8, 16, 9, 13, 20, 24, 23, 28, 22, 11, 12, 31, 30, None, None, None, None, None, None, None, None, None, None, None, None, None]
n=5: 15723.7s, 27217788928 attempts, 115796901 affine nodes, 1 representatives; [0, 1, 2, 4, 3, 6, 8, 16, 9, 13, 21, 29, 22, 24, 23, 10, 11, 17, 19, None, None, None, None, None, None, None, None, None, None, None, None, None]
n=5: 15743.7s, 27252506624 attempts, 115990542 affine nodes, 1 representatives; [0, 1, 2, 4, 3, 6, 8, 16, 9, 13, 22, 30, 19, 24, 31, 18, 12, 27, 11, None, None, None, None, None, None, None, None, None, None, None, None, None]
n=5: 15763.7s, 27287420928 attempts, 116155226 affine nodes, 1 representatives; [0, 1, 2, 4, 3, 6, 8, 16, 9, 13, 23, 25, 19, 12, 26, 11, 27, 15, None, None, None, None, None, None, None, None, None, None, None, None, None, None]
n=5: 15783.7s, 27322318848 attempts, 116341727 affine nodes, 1 representatives; [0, 1, 2, 4, 3, 6, 8, 16, 9, 13, 24, 17, 18, 26, 5, 19, 10, 27, 20, None, None, None, None, None, None, None, None, None, None, None, None, None]
n=5: 15803.7s, 27356495872 attempts, 116576362 affine nodes, 1 representatives; [0, 1, 2, 4, 3, 6, 8, 16, 9, 13, 24, 31, 30, 18, 14, 17, 28, 20, None, None, None, None, None, None, None, None, None, None, None, None, None, None]
n=5: 15823.7s, 27391688704 attempts, 116736692 affine nodes, 1 representatives; [0, 1, 2, 4, 3, 6, 8, 16, 9, 13, 25, 23, 12, 19, 20, 30, 15, 18, 27, None, None, None, None, None, None, None, None, None, None, None, None, None]
n=5: 15843.7s, 27427831808 attempts, 116924634 affine nodes, 1 representatives; [0, 1, 2, 4, 3, 6, 8, 16, 9, 13, 26, 23, 20, 24, 12, 31, 5, 28, None, None, None, None, None, None, None, None, None, None, None, None, None, None]
n=5: 15863.7s, 27463565312 attempts, 117086476 affine nodes, 1 representatives; [0, 1, 2, 4, 3, 6, 8, 16, 9, 13, 27, 18, 20, 30, 12, 19, 29, 14, 7, None, None, None, None, None, None, None, None, None, None, None, None, None]
n=5: 15883.7s, 27500347392 attempts, 117289841 affine nodes, 1 representatives; [0, 1, 2, 4, 3, 6, 8, 16, 9, 13, 28, 14, 22, 29, 15, 19, 23, 24, None, None, None, None, None, None, None, None, None, None, None, None, None, None]
n=5: 15903.7s, 27536277504 attempts, 117473531 affine nodes, 1 representatives; [0, 1, 2, 4, 3, 6, 8, 16, 9, 13, 28, 23, 12, 30, 20, 7, 29, 18, 14, 24, None, None, None, None, None, None, None, None, None, None, None, None]
n=5: 15923.8s, 27571814400 attempts, 117662000 affine nodes, 1 representatives; [0, 1, 2, 4, 3, 6, 8, 16, 9, 13, 29, 19, 17, 12, 14, 23, 22, 26, 7, 27, None, None, None, None, None, None, None, None, None, None, None, None]
n=5: 15943.8s, 27608072192 attempts, 117878181 affine nodes, 1 representatives; [0, 1, 2, 4, 3, 6, 8, 16, 9, 18, 10, 20, 12, 30, 25, 22, 11, 26, 17, None, None, None, None, None, None, None, None, None, None, None, None, None]
n=5: 15963.8s, 27644297216 attempts, 118008847 affine nodes, 1 representatives; [0, 1, 2, 4, 3, 6, 8, 16, 9, 18, 10, 24, 23, 29, 17, 28, 19, 26, 14, 20, None, None, None, None, None, None, None, None, None, None, None, None]
n=5: 15983.8s, 27680260096 attempts, 118165845 affine nodes, 1 representatives; [0, 1, 2, 4, 3, 6, 8, 16, 9, 18, 13, 20, 11, 30, 12, 17, 25, 7, 10, None, None, None, None, None, None, None, None, None, None, None, None, None]
n=5: 16003.8s, 27716780032 attempts, 118345133 affine nodes, 1 representatives; [0, 1, 2, 4, 3, 6, 8, 16, 9, 18, 13, 30, 31, 23, 15, 5, 28, 10, 20, 29, None, None, None, None, None, None, None, None, None, None, None, None]
n=5: 16023.8s, 27753349120 attempts, 118469277 affine nodes, 1 representatives; [0, 1, 2, 4, 3, 6, 8, 16, 9, 18, 14, 20, 24, 26, 5, 21, 28, 31, 22, None, None, None, None, None, None, None, None, None, None, None, None, None]
n=5: 16043.8s, 27788935168 attempts, 118587622 affine nodes, 1 representatives; [0, 1, 2, 4, 3, 6, 8, 16, 9, 18, 14, 28, 26, 19, 25, 21, 31, 11, 13, None, None, None, None, None, None, None, None, None, None, None, None, None]
n=5: 16063.8s, 27824324608 attempts, 118729219 affine nodes, 1 representatives; [0, 1, 2, 4, 3, 6, 8, 16, 9, 18, 15, 12, 26, 22, 7, 21, 19, 5, 23, 25, None, None, None, None, None, None, None, None, None, None, None, None]
n=5: 16083.8s, 27859632128 attempts, 118825401 affine nodes, 1 representatives; [0, 1, 2, 4, 3, 6, 8, 16, 9, 18, 15, 21, 19, 12, 28, 27, 14, 24, 26, None, None, None, None, None, None, None, None, None, None, None, None, None]
n=5: 16103.9s, 27894874112 attempts, 118922461 affine nodes, 1 representatives; [0, 1, 2, 4, 3, 6, 8, 16, 9, 18, 15, 24, 26, 30, 25, 17, 21, 10, 12, 31, None, None, None, None, None, None, None, None, None, None, None, None]
n=5: 16123.9s, 27929985024 attempts, 119043283 affine nodes, 1 representatives; [0, 1, 2, 4, 3, 6, 8, 16, 9, 18, 15, 30, 11, 29, 17, 21, 26, 24, None, None, None, None, None, None, None, None, None, None, None, None, None, None]
n=5: 16143.9s, 27964948480 attempts, 119182961 affine nodes, 1 representatives; [0, 1, 2, 4, 3, 6, 8, 16, 9, 18, 19, 14, 25, 13, 23, 5, 28, 10, 21, 26, None, None, None, None, None, None, None, None, None, None, None, None]
n=5: 16163.9s, 27999764480 attempts, 119347938 affine nodes, 1 representatives; [0, 1, 2, 4, 3, 6, 8, 16, 9, 18, 19, 30, 11, 29, 15, 27, 24, 22, 7, None, None, None, None, None, None, None, None, None, None, None, None, None]
n=5: 16183.9s, 28034613248 attempts, 119483178 affine nodes, 1 representatives; [0, 1, 2, 4, 3, 6, 8, 16, 9, 18, 20, 14, 26, 30, 10, 23, 21, 25, None, None, None, None, None, None, None, None, None, None, None, None, None, None]
n=5: 16203.9s, 28069527552 attempts, 119583419 affine nodes, 1 representatives; [0, 1, 2, 4, 3, 6, 8, 16, 9, 18, 20, 27, 19, 13, 15, 5, 23, 31, 14, None, None, None, None, None, None, None, None, None, None, None, None, None]
n=5: 16223.9s, 28104343552 attempts, 119726516 affine nodes, 1 representatives; [0, 1, 2, 4, 3, 6, 8, 16, 9, 18, 20, 31, 19, 26, 15, 27, 30, 17, 24, None, None, None, None, None, None, None, None, None, None, None, None, None]
n=5: 16243.9s, 28139257856 attempts, 119843385 affine nodes, 1 representatives; [0, 1, 2, 4, 3, 6, 8, 16, 9, 18, 21, 15, 27, 23, 28, 22, 31, 11, None, None, None, None, None, None, None, None, None, None, None, None, None, None]
n=5: 16263.9s, 28174204928 attempts, 119953128 affine nodes, 1 representatives; [0, 1, 2, 4, 3, 6, 8, 16, 9, 18, 21, 28, 31, 19, 25, 30, 12, 14, 17, 7, None, None, None, None, None, None, None, None, None, None, None, None]
n=5: 16283.9s, 28209086464 attempts, 120114121 affine nodes, 1 representatives; [0, 1, 2, 4, 3, 6, 8, 16, 9, 18, 23, 14, 24, 13, 25, 20, 26, 5, 29, 15, None, None, None, None, None, None, None, None, None, None, None, None]
n=5: 16303.9s, 28243869696 attempts, 120298502 affine nodes, 1 representatives; [0, 1, 2, 4, 3, 6, 8, 16, 9, 18, 23, 29, 17, 13, 12, 28, 25, 10, 5, None, None, None, None, None, None, None, None, None, None, None, None, None]
n=5: 16323.9s, 28278800384 attempts, 120451412 affine nodes, 1 representatives; [0, 1, 2, 4, 3, 6, 8, 16, 9, 18, 24, 14, 28, 22, 26, 21, 29, 13, None, None, None, None, None, None, None, None, None, None, None, None, None, None]
n=5: 16343.9s, 28313632768 attempts, 120567842 affine nodes, 1 representatives; [0, 1, 2, 4, 3, 6, 8, 16, 9, 18, 24, 20, 31, 29, 13, 7, 27, 10, 19, None, None, None, None, None, None, None, None, None, None, None, None, None]
n=5: 16363.9s, 28348481536 attempts, 120717876 affine nodes, 1 representatives; [0, 1, 2, 4, 3, 6, 8, 16, 9, 18, 24, 31, 13, 20, 14, 29, 19, 25, 12, None, None, None, None, None, None, None, None, None, None, None, None, None]
n=5: 16383.9s, 28383395840 attempts, 120869735 affine nodes, 1 representatives; [0, 1, 2, 4, 3, 6, 8, 16, 9, 18, 25, 20, 23, 19, 10, 29, 26, 7, 11, 21, None, None, None, None, None, None, None, None, None, None, None, None]
n=5: 16403.9s, 28418244608 attempts, 121034795 affine nodes, 1 representatives; [0, 1, 2, 4, 3, 6, 8, 16, 9, 18, 26, 12, 15, 28, 7, 29, 13, 17, 14, 10, None, None, None, None, None, None, None, None, None, None, None, None]
n=5: 16423.9s, 28453076992 attempts, 121208932 affine nodes, 1 representatives; [0, 1, 2, 4, 3, 6, 8, 16, 9, 18, 26, 22, 15, 25, 31, 23, 28, 27, 20, None, None, None, None, None, None, None, None, None, None, None, None, None]
n=5: 16443.9s, 28487794688 attempts, 121358941 affine nodes, 1 representatives; [0, 1, 2, 4, 3, 6, 8, 16, 9, 18, 27, 14, 21, 23, 29, 10, 30, 22, 26, None, None, None, None, None, None, None, None, None, None, None, None, None]
n=5: 16463.9s, 28522790912 attempts, 121465553 affine nodes, 1 representatives; [0, 1, 2, 4, 3, 6, 8, 16, 9, 18, 27, 21, 15, 25, 20, 7, 28, 5, 26, 29, None, None, None, None, None, None, None, None, None, None, None, None]
n=5: 16483.9s, 28557623296 attempts, 121635542 affine nodes, 1 representatives; [0, 1, 2, 4, 3, 6, 8, 16, 9, 18, 29, 14, 11, 22, 10, 28, 24, 31, 15, None, None, None, None, None, None, None, None, None, None, None, None, None]
n=5: 16503.9s, 28592439296 attempts, 121782695 affine nodes, 1 representatives; [0, 1, 2, 4, 3, 6, 8, 16, 9, 18, 29, 20, 13, 23, 28, 22, 19, 31, 11, None, None, None, None, None, None, None, None, None, None, None, None, None]
n=5: 16523.9s, 28627238912 attempts, 121944024 affine nodes, 1 representatives; [0, 1, 2, 4, 3, 6, 8, 16, 9, 18, 30, 11, 24, 7, 31, 21, 5, 27, 29, None, None, None, None, None, None, None, None, None, None, None, None, None]
n=5: 16543.9s, 28662038528 attempts, 122094672 affine nodes, 1 representatives; [0, 1, 2, 4, 3, 6, 8, 16, 9, 18, 30, 17, 25, 10, 5, 11, 12, 29, 20, None, None, None, None, None, None, None, None, None, None, None, None, None]
n=5: 16563.9s, 28696920064 attempts, 122244631 affine nodes, 1 representatives; [0, 1, 2, 4, 3, 6, 8, 16, 9, 18, 30, 22, 27, 13, 5, 7, 29, 19, 17, 26, None, None, None, None, None, None, None, None, None, None, None, None]
n=5: 16583.9s, 28731637760 attempts, 122410028 affine nodes, 1 representatives; [0, 1, 2, 4, 3, 6, 8, 16, 9, 19, 10, 29, 12, 23, 28, 22, 26, 5, None, None, None, None, None, None, None, None, None, None, None, None, None, None]
n=5: 16603.9s, 28766371840 attempts, 122587366 affine nodes, 1 representatives; [0, 1, 2, 4, 3, 6, 8, 16, 9, 19, 13, 27, 23, 24, 12, 7, 14, 28, 29, 17, None, None, None, None, None, None, None, None, None, None, None, None]
n=5: 16624.0s, 28801236992 attempts, 122759132 affine nodes, 1 representatives; [0, 1, 2, 4, 3, 6, 8, 16, 9, 19, 14, 23, 13, 24, 7, 5, 28, 12, 20, None, None, None, None, None, None, None, None, None, None, None, None, None]
n=5: 16644.0s, 28836085760 attempts, 122856014 affine nodes, 1 representatives; [0, 1, 2, 4, 3, 6, 8, 16, 9, 19, 14, 27, 26, 13, 22, 11, 31, 12, 10, 30, None, None, None, None, None, None, None, None, None, None, None, None]
n=5: 16664.0s, 28871032832 attempts, 122980061 affine nodes, 1 representatives; [0, 1, 2, 4, 3, 6, 8, 16, 9, 19, 14, 31, 23, 21, 10, 26, 13, 27, 18, None, None, None, None, None, None, None, None, None, None, None, None, None]
n=5: 16684.0s, 28905881600 attempts, 123085662 affine nodes, 1 representatives; [0, 1, 2, 4, 3, 6, 8, 16, 9, 19, 15, 20, 24, 23, 21, 10, 27, 28, 7, None, None, None, None, None, None, None, None, None, None, None, None, None]
n=5: 16704.0s, 28940746752 attempts, 123177751 affine nodes, 1 representatives; [0, 1, 2, 4, 3, 6, 8, 16, 9, 19, 15, 28, 18, 24, 7, 5, 22, 29, 12, None, None, None, None, None, None, None, None, None, None, None, None, None]
n=5: 16724.0s, 28975562752 attempts, 123327137 affine nodes, 1 representatives; [0, 1, 2, 4, 3, 6, 8, 16, 9, 19, 17, 12, 30, 28, 13, 7, 5, None, None, None, None, None, None, None, None, None, None, None, None, None, None, None]
n=5: 16744.0s, 29010477056 attempts, 123485933 affine nodes, 1 representatives; [0, 1, 2, 4, 3, 6, 8, 16, 9, 19, 17, 28, 30, 18, 13, 24, 29, 20, 10, 21, None, None, None, None, None, None, None, None, None, None, None, None]
n=5: 16764.0s, 29045309440 attempts, 123674864 affine nodes, 1 representatives; [0, 1, 2, 4, 3, 6, 8, 16, 9, 19, 18, 15, 20, 31, 10, 24, 27, 11, None, None, None, None, None, None, None, None, None, None, None, None, None, None]
n=5: 16784.0s, 29080223744 attempts, 123837482 affine nodes, 1 representatives; [0, 1, 2, 4, 3, 6, 8, 16, 9, 19, 18, 31, 30, 17, 12, 15, 14, 10, 7, None, None, None, None, None, None, None, None, None, None, None, None, None]
n=5: 16804.0s, 29115072512 attempts, 123927918 affine nodes, 1 representatives; [0, 1, 2, 4, 3, 6, 8, 16, 9, 19, 20, 23, 24, 14, 7, 30, 29, 22, 15, 28, None, None, None, None, None, None, None, None, None, None, None, None]
n=5: 16824.0s, 29150068736 attempts, 124002746 affine nodes, 1 representatives; [0, 1, 2, 4, 3, 6, 8, 16, 9, 19, 20, 27, 26, 24, 5, 12, 17, 21, 13, None, None, None, None, None, None, None, None, None, None, None, None, None]
n=5: 16844.0s, 29184966656 attempts, 124111689 affine nodes, 1 representatives; [0, 1, 2, 4, 3, 6, 8, 16, 9, 19, 20, 31, 13, 18, 7, 26, 12, 5, 30, 28, None, None, None, None, None, None, None, None, None, None, None, None]
n=5: 16864.0s, 29219880960 attempts, 124267215 affine nodes, 1 representatives; [0, 1, 2, 4, 3, 6, 8, 16, 9, 19, 21, 25, 22, 13, 15, 31, 10, 28, 7, 20, None, None, None, None, None, None, None, None, None, None, None, None]
n=5: 16884.0s, 29254680576 attempts, 124453268 affine nodes, 1 representatives; [0, 1, 2, 4, 3, 6, 8, 16, 9, 19, 22, 11, 26, 30, 14, 23, 27, 12, 17, None, None, None, None, None, None, None, None, None, None, None, None, None]
n=5: 16904.0s, 29289365504 attempts, 124654407 affine nodes, 1 representatives; [0, 1, 2, 4, 3, 6, 8, 16, 9, 19, 24, 12, 13, 10, 17, 31, 11, 29, 5, 18, None, None, None, None, None, None, None, None, None, None, None, None]
n=5: 16924.0s, 29324296192 attempts, 124822429 affine nodes, 1 representatives; [0, 1, 2, 4, 3, 6, 8, 16, 9, 19, 24, 21, 27, 13, 5, 23, 18, 22, None, None, None, None, None, None, None, None, None, None, None, None, None, None]
n=5: 16944.0s, 29359210496 attempts, 124987266 affine nodes, 1 representatives; [0, 1, 2, 4, 3, 6, 8, 16, 9, 19, 25, 12, 30, 18, 29, 22, 7, 13, 28, None, None, None, None, None, None, None, None, None, None, None, None, None]
n=5: 16964.0s, 29394173952 attempts, 125091701 affine nodes, 1 representatives; [0, 1, 2, 4, 3, 6, 8, 16, 9, 19, 25, 20, 23, 31, 5, 7, 12, 27, 22, None, None, None, None, None, None, None, None, None, None, None, None, None]
n=5: 16984.0s, 29429153792 attempts, 125206021 affine nodes, 1 representatives; [0, 1, 2, 4, 3, 6, 8, 16, 9, 19, 25, 27, 30, 21, 5, 22, 15, 29, 26, 20, None, None, None, None, None, None, None, None, None, None, None, None]
n=5: 17004.0s, 29463953408 attempts, 125364744 affine nodes, 1 representatives; [0, 1, 2, 4, 3, 6, 8, 16, 9, 19, 26, 15, 30, 23, 5, 10, 17, 31, 29, 25, None, None, None, None, None, None, None, None, None, None, None, None]
n=5: 17024.0s, 29498785792 attempts, 125548352 affine nodes, 1 representatives; [0, 1, 2, 4, 3, 6, 8, 16, 9, 19, 27, 14, 18, 22, 31, 12, 13, 20, 11, None, None, None, None, None, None, None, None, None, None, None, None, None]
n=5: 17044.1s, 29533831168 attempts, 125651970 affine nodes, 1 representatives; [0, 1, 2, 4, 3, 6, 8, 16, 9, 19, 27, 21, 12, 24, 29, 11, 25, 14, 7, None, None, None, None, None, None, None, None, None, None, None, None, None]
n=5: 17064.1s, 29568811008 attempts, 125776750 affine nodes, 1 representatives; [0, 1, 2, 4, 3, 6, 8, 16, 9, 19, 27, 28, 23, 14, 7, 26, 18, 29, 5, 21, None, None, None, None, None, None, None, None, None, None, None, None]
n=5: 17084.1s, 29603708928 attempts, 125926585 affine nodes, 1 representatives; [0, 1, 2, 4, 3, 6, 8, 16, 9, 19, 28, 15, 24, 26, 12, 7, 20, 23, 18, None, None, None, None, None, None, None, None, None, None, None, None, None]
n=5: 17104.1s, 29638623232 attempts, 126065697 affine nodes, 1 representatives; [0, 1, 2, 4, 3, 6, 8, 16, 9, 19, 28, 23, 24, 14, 25, 7, 22, 10, 27, None, None, None, None, None, None, None, None, None, None, None, None, None]
n=5: 17124.1s, 29673488384 attempts, 126237978 affine nodes, 1 representatives; [0, 1, 2, 4, 3, 6, 8, 16, 9, 19, 30, 14, 20, 13, 27, 10, 15, 7, 23, None, None, None, None, None, None, None, None, None, None, None, None, None]
n=5: 17144.1s, 29708468224 attempts, 126391504 affine nodes, 1 representatives; [0, 1, 2, 4, 3, 6, 8, 16, 9, 19, 30, 23, 11, 28, 22, 7, 24, 18, 25, None, None, None, None, None, None, None, None, None, None, None, None, None]
n=5: 17164.1s, 29743251456 attempts, 126551802 affine nodes, 1 representatives; [0, 1, 2, 4, 3, 6, 8, 16, 9, 20, 10, 24, 13, 18, 5, 15, 23, 14, 30, None, None, None, None, None, None, None, None, None, None, None, None, None]
n=5: 17184.1s, 29778132992 attempts, 126681861 affine nodes, 1 representatives; [0, 1, 2, 4, 3, 6, 8, 16, 9, 20, 10, 28, 26, 18, 27, 11, 17, 30, 21, 25, None, None, None, None, None, None, None, None, None, None, None, None]
n=5: 17204.1s, 29813063680 attempts, 126845052 affine nodes, 1 representatives; [0, 1, 2, 4, 3, 6, 8, 16, 9, 20, 13, 28, 26, 22, 27, 7, 25, 29, 23, None, None, None, None, None, None, None, None, None, None, None, None, None]
n=5: 17224.1s, 29847896064 attempts, 126966242 affine nodes, 1 representatives; [0, 1, 2, 4, 3, 6, 8, 16, 9, 20, 14, 25, 13, 22, 7, 10, 5, 15, 24, 26, None, None, None, None, None, None, None, None, None, None, None, None]
n=5: 17244.1s, 29882908672 attempts, 127080000 affine nodes, 1 representatives; [0, 1, 2, 4, 3, 6, 8, 16, 9, 20, 14, 29, 27, 13, 12, 7, 15, 24, 19, None, None, None, None, None, None, None, None, None, None, None, None, None]
n=5: 17264.1s, 29917757440 attempts, 127197639 affine nodes, 1 representatives; [0, 1, 2, 4, 3, 6, 8, 16, 9, 20, 15, 24, 21, 29, 17, 7, 14, 31, 22, None, None, None, None, None, None, None, None, None, None, None, None, None]
n=5: 17284.1s, 29952720896 attempts, 127322355 affine nodes, 1 representatives; [0, 1, 2, 4, 3, 6, 8, 16, 9, 20, 15, 29, 19, 10, 7, 18, 12, 24, 17, None, None, None, None, None, None, None, None, None, None, None, None, None]
n=5: 17304.1s, 29987602432 attempts, 127479282 affine nodes, 1 representatives; [0, 1, 2, 4, 3, 6, 8, 16, 9, 20, 17, 24, 27, 14, 21, 26, 23, 7, None, None, None, None, None, None, None, None, None, None, None, None, None, None]
n=5: 17324.1s, 30022483968 attempts, 127672191 affine nodes, 1 representatives; [0, 1, 2, 4, 3, 6, 8, 16, 9, 20, 18, 24, 15, 7, 31, 10, 28, 12, 19, 5, None, None, None, None, None, None, None, None, None, None, None, None]
n=5: 17344.1s, 30057463808 attempts, 127795053 affine nodes, 1 representatives; [0, 1, 2, 4, 3, 6, 8, 16, 9, 20, 18, 29, 11, 26, 22, 27, 24, 7, 13, None, None, None, None, None, None, None, None, None, None, None, None, None]
n=5: 17364.1s, 30092312576 attempts, 127918715 affine nodes, 1 representatives; [0, 1, 2, 4, 3, 6, 8, 16, 9, 20, 19, 15, 25, 29, 31, 18, 24, 23, 13, None, None, None, None, None, None, None, None, None, None, None, None, None]
n=5: 17384.1s, 30127161344 attempts, 128025636 affine nodes, 1 representatives; [0, 1, 2, 4, 3, 6, 8, 16, 9, 20, 19, 25, 23, 7, 30, 11, 15, 12, 29, 18, None, None, None, None, None, None, None, None, None, None, None, None]
n=5: 17404.1s, 30162190336 attempts, 128128485 affine nodes, 1 representatives; [0, 1, 2, 4, 3, 6, 8, 16, 9, 20, 19, 29, 30, 10, 22, 27, 28, 31, 5, 21, None, None, None, None, None, None, None, None, None, None, None, None]
n=5: 17424.1s, 30197137408 attempts, 128294735 affine nodes, 1 representatives; [0, 1, 2, 4, 3, 6, 8, 16, 9, 20, 21, 25, 15, 7, 28, 18, 26, 23, 27, None, None, None, None, None, None, None, None, None, None, None, None, None]
n=5: 17444.2s, 30231986176 attempts, 128425315 affine nodes, 1 representatives; [0, 1, 2, 4, 3, 6, 8, 16, 9, 20, 22, 25, 26, 12, 30, 18, 23, None, None, None, None, None, None, None, None, None, None, None, None, None, None, None]
n=5: 17464.2s, 30266900480 attempts, 128555597 affine nodes, 1 representatives; [0, 1, 2, 4, 3, 6, 8, 16, 9, 20, 24, 11, 19, 29, 15, 7, 14, 31, 25, 18, None, None, None, None, None, None, None, None, None, None, None, None]
n=5: 17484.2s, 30301700096 attempts, 128705654 affine nodes, 1 representatives; [0, 1, 2, 4, 3, 6, 8, 16, 9, 20, 24, 18, 15, 13, 5, 31, 19, 23, 14, None, None, None, None, None, None, None, None, None, None, None, None, None]
n=5: 17504.2s, 30336532480 attempts, 128848403 affine nodes, 1 representatives; [0, 1, 2, 4, 3, 6, 8, 16, 9, 20, 24, 27, 13, 22, 14, 18, 5, 12, 17, 28, None, None, None, None, None, None, None, None, None, None, None, None]
n=5: 17524.2s, 30371430400 attempts, 128985830 affine nodes, 1 representatives; [0, 1, 2, 4, 3, 6, 8, 16, 9, 20, 25, 14, 15, 26, 17, 18, 22, 5, 21, 30, None, None, None, None, None, None, None, None, None, None, None, None]
n=5: 17544.2s, 30406410240 attempts, 129105394 affine nodes, 1 representatives; [0, 1, 2, 4, 3, 6, 8, 16, 9, 20, 25, 19, 31, 13, 12, 26, 30, 15, 5, 11, None, None, None, None, 17, None, None, None, None, None, None, None]
n=5: 17564.2s, 30441455616 attempts, 129222290 affine nodes, 1 representatives; [0, 1, 2, 4, 3, 6, 8, 16, 9, 20, 25, 30, 15, 13, 22, 18, 5, 28, 23, 26, None, None, None, None, None, None, None, None, None, None, None, None]
n=5: 17584.2s, 30476484608 attempts, 129346007 affine nodes, 1 representatives; [0, 1, 2, 4, 3, 6, 8, 16, 9, 20, 27, 18, 13, 25, 12, 19, 17, 31, 15, None, None, None, None, None, None, None, None, None, None, None, None, None]
n=5: 17604.2s, 30511513600 attempts, 129453940 affine nodes, 1 representatives; [0, 1, 2, 4, 3, 6, 8, 16, 9, 20, 27, 24, 15, 29, 22, 7, 13, 19, 5, 11, None, None, None, None, None, None, None, None, None, None, None, None]
n=5: 17624.2s, 30546509824 attempts, 129605820 affine nodes, 1 representatives; [0, 1, 2, 4, 3, 6, 8, 16, 9, 20, 28, 14, 17, 22, 15, 27, 5, 11, 29, None, None, None, None, None, None, None, None, None, None, None, None, None]
n=5: 17644.2s, 30581506048 attempts, 129719886 affine nodes, 1 representatives; [0, 1, 2, 4, 3, 6, 8, 16, 9, 20, 28, 19, 21, 22, 14, 12, 23, 5, 26, None, None, None, None, None, None, None, None, None, None, None, None, None]
n=5: 17664.2s, 30616518656 attempts, 129875179 affine nodes, 1 representatives; [0, 1, 2, 4, 3, 6, 8, 16, 9, 20, 29, 12, 15, 28, 5, 19, 7, 18, None, None, None, None, None, None, None, None, None, None, None, None, None, None]
n=5: 17684.2s, 30651400192 attempts, 130017665 affine nodes, 1 representatives; [0, 1, 2, 4, 3, 6, 8, 16, 9, 20, 29, 19, 15, 28, 22, 18, 25, 30, 10, None, None, None, None, None, None, None, None, None, None, None, None, None]
n=5: 17704.2s, 30686330880 attempts, 130155730 affine nodes, 1 representatives; [0, 1, 2, 4, 3, 6, 8, 16, 9, 20, 30, 14, 27, 18, 7, 15, 12, 24, 25, 21, None, None, None, None, None, None, None, None, None, None, None, None]
n=5: 17724.2s, 30721327104 attempts, 130277358 affine nodes, 1 representatives; [0, 1, 2, 4, 3, 6, 8, 16, 9, 20, 30, 23, 25, 10, 31, 17, 5, 13, 11, 7, None, None, None, None, None, None, None, None, None, None, None, None]
n=5: 17744.2s, 30756306944 attempts, 130417346 affine nodes, 1 representatives; [0, 1, 2, 4, 3, 6, 8, 16, 9, 21, 10, 19, 30, 28, 7, 15, 11, 27, 5, None, None, None, None, None, None, None, None, None, None, None, None, None]
n=5: 17764.2s, 30791188480 attempts, 130588712 affine nodes, 1 representatives; [0, 1, 2, 4, 3, 6, 8, 16, 9, 21, 10, 29, 18, 30, 20, 19, 15, 22, 26, 24, None, None, None, None, None, None, None, None, None, None, None, None]
n=5: 17784.2s, 30825988096 attempts, 130796626 affine nodes, 1 representatives; [0, 1, 2, 4, 3, 6, 8, 16, 9, 21, 14, 25, 20, 19, 30, 18, 23, 13, 15, 5, None, None, None, None, None, None, None, None, None, None, None, None]
n=5: 17804.2s, 30860787712 attempts, 130968709 affine nodes, 1 representatives; [0, 1, 2, 4, 3, 6, 8, 16, 9, 21, 15, 18, 17, 25, 14, 12, 7, 23, 31, None, None, None, None, None, None, None, None, None, None, None, None, None]
n=5: 17824.2s, 30895783936 attempts, 131060935 affine nodes, 1 representatives; [0, 1, 2, 4, 3, 6, 8, 16, 9, 21, 15, 24, 11, 12, 23, 28, 18, 17, 19, None, None, None, None, None, None, None, None, None, None, None, None, None]
n=5: 17844.2s, 30930649088 attempts, 131185642 affine nodes, 1 representatives; [0, 1, 2, 4, 3, 6, 8, 16, 9, 21, 15, 29, 28, 24, 19, 17, 31, 20, 12, None, None, None, None, None, None, None, None, None, None, None, None, None]
n=5: 17864.2s, 30965547008 attempts, 131298832 affine nodes, 1 representatives; [0, 1, 2, 4, 3, 6, 8, 16, 9, 21, 18, 15, 22, 28, 10, 31, 20, None, None, None, None, None, None, None, None, None, None, None, None, None, None, None]
n=5: 17884.2s, 31000576000 attempts, 131401290 affine nodes, 1 representatives; [0, 1, 2, 4, 3, 6, 8, 16, 9, 21, 18, 28, 13, 19, 25, 15, 14, 23, 31, 20, None, None, None, None, None, None, None, None, None, None, None, None]
n=5: 17904.2s, 31035539456 attempts, 131531727 affine nodes, 1 representatives; [0, 1, 2, 4, 3, 6, 8, 16, 9, 21, 19, 14, 15, 13, 31, 5, 26, 25, 20, None, None, None, None, None, None, None, None, None, None, None, None, None]
n=5: 17924.3s, 31070371840 attempts, 131688574 affine nodes, 1 representatives; [0, 1, 2, 4, 3, 6, 8, 16, 9, 21, 19, 28, 30, 10, 15, 7, 25, 27, 5, 14, None, None, None, None, None, None, None, None, None, None, None, None]
n=5: 17944.3s, 31105318912 attempts, 131863848 affine nodes, 1 representatives; [0, 1, 2, 4, 3, 6, 8, 16, 9, 21, 20, 24, 15, 30, 7, 17, 12, 23, 5, 27, None, None, None, None, None, None, None, None, None, None, None, None]
n=5: 17964.3s, 31140265984 attempts, 132066971 affine nodes, 1 representatives; [0, 1, 2, 4, 3, 6, 8, 16, 9, 21, 23, 29, 27, 20, 14, 7, 13, 25, None, None, None, None, None, None, None, None, None, None, None, None, None, None]
n=5: 17984.3s, 31175245824 attempts, 132250346 affine nodes, 1 representatives; [0, 1, 2, 4, 3, 6, 8, 16, 9, 21, 24, 18, 31, 29, 13, 19, 17, 14, 27, None, None, None, None, None, None, None, None, None, None, None, None, None]
n=5: 18004.3s, 31210061824 attempts, 132445475 affine nodes, 1 representatives; [0, 1, 2, 4, 3, 6, 8, 16, 9, 21, 25, 11, 26, 24, 29, 10, 18, 12, 5, None, None, None, None, None, None, None, None, None, None, None, None, None]
n=5: 18024.3s, 31244910592 attempts, 132616207 affine nodes, 1 representatives; [0, 1, 2, 4, 3, 6, 8, 16, 9, 21, 25, 18, 26, 7, 27, 28, 31, 15, None, None, None, None, None, None, None, None, None, None, None, None, None, None]
n=5: 18044.3s, 31279710208 attempts, 132771550 affine nodes, 1 representatives; [0, 1, 2, 4, 3, 6, 8, 16, 9, 21, 25, 29, 15, 17, 23, 5, 22, 12, None, None, None, None, None, None, None, None, None, None, None, None, None, None]
n=5: 18064.3s, 31314591744 attempts, 133000205 affine nodes, 1 representatives; [0, 1, 2, 4, 3, 6, 8, 16, 9, 21, 26, 29, 15, 17, 20, 31, 14, 25, 7, 22, None, None, None, None, None, None, None, None, None, None, None, None]
n=5: 18084.3s, 31349489664 attempts, 133191231 affine nodes, 1 representatives; [0, 1, 2, 4, 3, 6, 8, 16, 9, 21, 28, 19, 22, 26, 13, 27, 17, 25, 24, None, None, None, None, None, None, None, None, None, None, None, None, None]
n=5: 18104.3s, 31384387584 attempts, 133401564 affine nodes, 1 representatives; [0, 1, 2, 4, 3, 6, 8, 16, 9, 21, 29, 17, 27, 10, 12, 7, 20, 15, 24, None, None, None, None, None, None, None, None, None, None, None, None, None]
n=5: 18124.3s, 31419269120 attempts, 133597552 affine nodes, 1 representatives; [0, 1, 2, 4, 3, 6, 8, 16, 9, 21, 30, 15, 26, 10, 27, 31, 22, 29, 11, 25, None, None, None, None, None, None, None, None, None, None, None, None]
n=5: 18144.3s, 31454117888 attempts, 133769092 affine nodes, 1 representatives; [0, 1, 2, 4, 3, 6, 8, 16, 9, 22, 10, 25, 28, 23, 12, 27, 15, 13, 11, 30, None, None, None, None, None, None, None, None, None, None, None, None]
n=5: 18164.3s, 31488901120 attempts, 133964465 affine nodes, 1 representatives; [0, 1, 2, 4, 3, 6, 8, 16, 9, 22, 13, 25, 17, 30, 28, 24, 5, 27, 12, None, None, None, None, None, None, None, None, None, None, None, None, None]
n=5: 18184.3s, 31523733504 attempts, 134127241 affine nodes, 1 representatives; [0, 1, 2, 4, 3, 6, 8, 16, 9, 22, 14, 27, 30, 13, 15, 21, 24, 10, 20, None, None, None, None, None, None, None, None, None, None, None, None, None]
n=5: 18204.3s, 31558483968 attempts, 134295532 affine nodes, 1 representatives; [0, 1, 2, 4, 3, 6, 8, 16, 9, 22, 15, 28, 25, 18, 29, 21, 10, 26, None, None, None, None, None, None, None, None, None, None, None, None, None, None]
n=5: 18224.3s, 31593398272 attempts, 134432086 affine nodes, 1 representatives; [0, 1, 2, 4, 3, 6, 8, 16, 9, 22, 17, 25, 15, 12, 20, 10, 28, 14, 27, None, None, None, None, None, None, None, None, None, None, None, None, None]
n=5: 18244.3s, 31628296192 attempts, 134621568 affine nodes, 1 representatives; [0, 1, 2, 4, 3, 6, 8, 16, 9, 22, 19, 25, 13, 10, 12, 27, 15, 31, 7, None, None, None, None, None, None, None, None, None, None, None, None, None]
n=5: 18264.3s, 31662981120 attempts, 134824804 affine nodes, 1 representatives; [0, 1, 2, 4, 3, 6, 8, 16, 9, 22, 20, 24, 23, 10, 13, 5, 21, 11, 19, 15, None, None, None, None, None, None, None, None, None, None, None, None]
n=5: 18284.3s, 31697829888 attempts, 134950723 affine nodes, 1 representatives; [0, 1, 2, 4, 3, 6, 8, 16, 9, 22, 20, 28, 30, 25, 7, 5, 11, 23, 10, 17, None, None, None, None, None, None, None, None, None, None, None, None]
n=5: 18304.3s, 31732760576 attempts, 135137615 affine nodes, 1 representatives; [0, 1, 2, 4, 3, 6, 8, 16, 9, 22, 25, 30, 31, 12, 7, 18, 29, 11, 26, None, None, None, None, None, None, None, None, None, None, None, None, None]
n=5: 18324.3s, 31767592960 attempts, 135281880 affine nodes, 1 representatives; [0, 1, 2, 4, 3, 6, 8, 16, 9, 22, 27, 25, 23, 10, 29, 18, 15, 24, 14, None, None, None, None, None, None, None, None, None, None, None, None, None]
n=5: 18344.3s, 31802490880 attempts, 135457425 affine nodes, 1 representatives; [0, 1, 2, 4, 3, 6, 8, 16, 9, 23, 10, 24, 12, 21, 28, 20, 13, 30, 22, 7, None, None, None, None, None, None, None, None, None, None, None, None]
n=5: 18364.4s, 31837339648 attempts, 135569680 affine nodes, 1 representatives; [0, 1, 2, 4, 3, 6, 8, 16, 9, 23, 10, 27, 26, 12, 28, 11, 7, 24, 29, None, None, None, None, None, None, None, None, None, None, None, None, None]
n=5: 18384.4s, 31872270336 attempts, 135709439 affine nodes, 1 representatives; [0, 1, 2, 4, 3, 6, 8, 16, 9, 23, 13, 20, 30, 18, 12, 7, 22, 25, 27, 10, None, None, None, None, None, None, None, None, None, None, None, None]
n=5: 18404.4s, 31907086336 attempts, 135846376 affine nodes, 1 representatives; [0, 1, 2, 4, 3, 6, 8, 16, 9, 23, 13, 31, 20, 19, 15, 12, 17, 11, 22, 26, None, None, None, None, None, None, None, None, None, None, None, None]
n=5: 18424.4s, 31941902336 attempts, 135987403 affine nodes, 1 representatives; [0, 1, 2, 4, 3, 6, 8, 16, 9, 23, 14, 30, 22, 21, 10, 7, 5, None, None, None, None, None, None, None, None, None, None, None, None, None, None, None]
n=5: 18444.4s, 31976669184 attempts, 136105034 affine nodes, 1 representatives; [0, 1, 2, 4, 3, 6, 8, 16, 9, 23, 15, 22, 12, 24, 31, 5, 25, 19, 14, None, None, None, None, None, None, None, None, None, None, None, None, None]
n=5: 18464.4s, 32011550720 attempts, 136233975 affine nodes, 1 representatives; [0, 1, 2, 4, 3, 6, 8, 16, 9, 23, 17, 12, 20, 26, 21, 10, 11, 15, 22, None, None, None, None, None, None, None, None, None, None, None, None, None]
n=5: 18484.4s, 32046399488 attempts, 136437953 affine nodes, 1 representatives; [0, 1, 2, 4, 3, 6, 8, 16, 9, 23, 18, 11, 20, 25, 12, 29, 13, 14, 26, 7, None, None, None, None, None, None, None, None, None, None, None, None]
n=5: 18504.4s, 32081149952 attempts, 136607856 affine nodes, 1 representatives; [0, 1, 2, 4, 3, 6, 8, 16, 9, 23, 18, 30, 22, 25, 15, 12, 24, 14, 7, None, None, None, None, None, None, None, None, None, None, None, None, None]
n=5: 18524.4s, 32116064256 attempts, 136758606 affine nodes, 1 representatives; [0, 1, 2, 4, 3, 6, 8, 16, 9, 23, 21, 27, 25, 12, 20, 30, 17, 28, 22, None, None, None, None, None, None, None, None, None, None, None, None, None]
n=5: 18544.4s, 32150962176 attempts, 136949747 affine nodes, 1 representatives; [0, 1, 2, 4, 3, 6, 8, 16, 9, 23, 24, 11, 18, 22, 15, 5, 21, 7, 17, None, None, None, None, None, None, None, None, None, None, None, None, None]
n=5: 18564.4s, 32185778176 attempts, 137131238 affine nodes, 1 representatives; [0, 1, 2, 4, 3, 6, 8, 16, 9, 23, 24, 20, 18, 7, 15, 11, 5, 17, 22, None, None, None, None, None, None, None, None, None, None, None, None, None]
n=5: 18584.4s, 32220528640 attempts, 137291957 affine nodes, 1 representatives; [0, 1, 2, 4, 3, 6, 8, 16, 9, 23, 26, 15, 22, 18, 12, 7, 29, 14, None, None, None, None, None, None, None, None, None, None, None, None, None, None]
n=5: 18604.4s, 32255426560 attempts, 137428721 affine nodes, 1 representatives; [0, 1, 2, 4, 3, 6, 8, 16, 9, 23, 26, 25, 31, 18, 13, 29, 19, 15, 20, None, None, None, None, None, None, None, None, None, None, None, None, None]
n=5: 18624.4s, 32290308096 attempts, 137538369 affine nodes, 1 representatives; [0, 1, 2, 4, 3, 6, 8, 16, 9, 23, 27, 14, 24, 10, 5, 17, 12, 11, 28, 19, None, None, None, None, None, None, None, None, None, None, None, None]
n=5: 18644.4s, 32325271552 attempts, 137643672 affine nodes, 1 representatives; [0, 1, 2, 4, 3, 6, 8, 16, 9, 23, 27, 22, 15, 25, 12, 30, 14, 17, 20, None, None, None, None, None, None, None, None, None, None, None, None, None]
n=5: 18664.4s, 32360103936 attempts, 137766516 affine nodes, 1 representatives; [0, 1, 2, 4, 3, 6, 8, 16, 9, 23, 28, 12, 15, 19, 21, 29, 20, 25, 27, None, None, None, 14, None, None, None, None, None, None, None, None, None]
n=5: 18684.4s, 32395051008 attempts, 137908002 affine nodes, 1 representatives; [0, 1, 2, 4, 3, 6, 8, 16, 9, 23, 28, 20, 18, 31, 21, 7, 29, 12, 10, None, None, None, None, None, None, None, None, None, None, None, None, None]
n=5: 18704.4s, 32429932544 attempts, 138046988 affine nodes, 1 representatives; [0, 1, 2, 4, 3, 6, 8, 16, 9, 23, 29, 12, 25, 10, 17, 18, 27, 11, 7, 28, None, None, None, None, None, None, None, None, None, None, None, None]
n=5: 18724.4s, 32464683008 attempts, 138164749 affine nodes, 1 representatives; [0, 1, 2, 4, 3, 6, 8, 16, 9, 23, 29, 20, 11, 30, 5, 7, 13, 26, 28, None, None, None, None, None, None, None, None, None, None, None, None, None]
n=5: 18744.4s, 32499499008 attempts, 138307162 affine nodes, 1 representatives; [0, 1, 2, 4, 3, 6, 8, 16, 9, 23, 30, 12, 18, 28, 13, 26, 5, 22, 20, None, None, None, None, None, None, None, None, None, None, None, None, None]
n=5: 18764.5s, 32534282240 attempts, 138480671 affine nodes, 1 representatives; [0, 1, 2, 4, 3, 6, 8, 16, 9, 24, 10, 20, 25, 17, 5, 22, 26, 21, None, None, None, None, None, None, None, None, None, None, None, None, None, None]
n=5: 18784.5s, 32569229312 attempts, 138590537 affine nodes, 1 representatives; [0, 1, 2, 4, 3, 6, 8, 16, 9, 24, 10, 28, 18, 25, 7, 20, 29, 21, 15, None, None, None, None, None, None, None, None, None, None, None, None, None]
n=5: 18804.5s, 32604127232 attempts, 138703941 affine nodes, 1 representatives; [0, 1, 2, 4, 3, 6, 8, 16, 9, 24, 13, 25, 18, 7, 12, 23, 19, 26, 29, 21, None, None, None, None, None, None, None, None, None, None, None, None]
n=5: 18824.5s, 32639205376 attempts, 138833110 affine nodes, 1 representatives; [0, 1, 2, 4, 3, 6, 8, 16, 9, 24, 14, 25, 21, 22, 12, 11, 30, 17, 20, 15, None, None, None, None, None, None, None, None, None, None, None, None]
n=5: 18844.5s, 32674103296 attempts, 138938188 affine nodes, 1 representatives; [0, 1, 2, 4, 3, 6, 8, 16, 9, 24, 15, 12, 27, 7, 19, 20, 25, 10, None, None, None, None, None, None, None, None, None, None, None, None, None, None]
n=5: 18864.5s, 32709033984 attempts, 139028585 affine nodes, 1 representatives; [0, 1, 2, 4, 3, 6, 8, 16, 9, 24, 15, 25, 12, 22, 19, 10, 21, 5, None, None, None, None, None, None, None, None, None, None, None, None, None, None]
n=5: 18884.5s, 32744144896 attempts, 139114327 affine nodes, 1 representatives; [0, 1, 2, 4, 3, 6, 8, 16, 9, 24, 15, 28, 23, 10, 13, 5, 30, 14, 20, None, None, None, None, None, None, None, None, None, None, None, None, None]
n=5: 18904.5s, 32779173888 attempts, 139268477 affine nodes, 1 representatives; [0, 1, 2, 4, 3, 6, 8, 16, 9, 24, 18, 15, 17, 25, 12, 7, 23, 20, 27, None, None, None, None, None, None, None, None, None, None, None, None, None]
n=5: 18924.5s, 32814153728 attempts, 139378732 affine nodes, 1 representatives; [0, 1, 2, 4, 3, 6, 8, 16, 9, 24, 18, 30, 17, 26, 5, 23, 22, 10, 28, None, None, None, None, None, None, None, None, None, None, None, None, None]
n=5: 18944.5s, 32849035264 attempts, 139517068 affine nodes, 1 representatives; [0, 1, 2, 4, 3, 6, 8, 16, 9, 24, 19, 20, 25, 7, 5, 28, 17, None, None, None, None, None, None, None, None, None, None, None, None, None, None, None]
n=5: 18964.5s, 32883900416 attempts, 139659739 affine nodes, 1 representatives; [0, 1, 2, 4, 3, 6, 8, 16, 9, 24, 20, 11, 18, 14, 5, 27, 31, 10, 30, None, None, None, None, None, None, None, None, None, None, None, None, None]
n=5: 18984.5s, 32918667264 attempts, 139766798 affine nodes, 1 representatives; [0, 1, 2, 4, 3, 6, 8, 16, 9, 24, 20, 25, 18, 14, 5, 23, 10, 29, 12, 21, None, None, None, None, None, None, None, None, None, None, None, None]
n=5: 19004.5s, 32953630720 attempts, 139866117 affine nodes, 1 representatives; [0, 1, 2, 4, 3, 6, 8, 16, 9, 24, 20, 30, 17, 10, 15, 7, 11, 5, 27, 23, None, None, None, None, None, None, None, None, None, None, None, None]
n=5: 19024.5s, 32988774400 attempts, 139986296 affine nodes, 1 representatives; [0, 1, 2, 4, 3, 6, 8, 16, 9, 24, 21, 27, 22, 13, 5, 31, 7, 20, 11, None, None, None, None, None, None, None, None, None, None, None, None, None]
n=5: 19044.5s, 33023574016 attempts, 140173433 affine nodes, 1 representatives; [0, 1, 2, 4, 3, 6, 8, 16, 9, 24, 23, 27, 17, 14, 21, 22, 7, 28, 26, 15, None, None, None, None, None, None, None, None, None, None, None, None]
n=5: 19064.5s, 33058603008 attempts, 140312402 affine nodes, 1 representatives; [0, 1, 2, 4, 3, 6, 8, 16, 9, 24, 25, 12, 31, 21, 7, 20, 23, 14, 30, 17, None, None, None, None, None, None, None, None, None, None, None, None]
n=5: 19084.5s, 33093779456 attempts, 140458361 affine nodes, 1 representatives; [0, 1, 2, 4, 3, 6, 8, 16, 9, 24, 25, 30, 28, 17, 5, 12, 18, 15, None, None, None, None, None, None, None, None, None, None, None, None, None, None]
n=5: 19104.5s, 33128579072 attempts, 140640225 affine nodes, 1 representatives; [0, 1, 2, 4, 3, 6, 8, 16, 9, 24, 26, 23, 25, 14, 7, 17, 19, 20, 11, 18, None, None, None, None, None, None, None, None, None, None, None, None]
n=5: 19124.5s, 33163444224 attempts, 140798864 affine nodes, 1 representatives; [0, 1, 2, 4, 3, 6, 8, 16, 9, 24, 29, 20, 25, 30, 12, 22, 19, 17, 28, None, None, None, None, None, None, None, None, None, None, None, None, None]
n=5: 19144.5s, 33198374912 attempts, 140968769 affine nodes, 1 representatives; [0, 1, 2, 4, 3, 6, 8, 16, 9, 24, 30, 12, 23, 21, 15, 27, 26, 22, 25, None, None, None, None, None, None, None, None, None, None, None, None, None]
n=5: 19164.5s, 33233354752 attempts, 141129597 affine nodes, 1 representatives; [0, 1, 2, 4, 3, 6, 8, 16, 9, 24, 30, 25, 13, 22, 14, 17, 15, 31, 5, 7, None, None, None, None, None, None, None, None, None, None, None, None]
n=5: 19184.5s, 33268482048 attempts, 141244302 affine nodes, 1 representatives; [0, 1, 2, 4, 3, 6, 8, 16, 9, 25, 14, 24, 22, 20, 15, 26, 13, 7, 31, 19, None, None, None, None, None, None, None, None, None, None, None, None]
n=5: 19204.6s, 33303429120 attempts, 141362563 affine nodes, 1 representatives; [0, 1, 2, 4, 3, 6, 8, 16, 9, 25, 15, 19, 18, 24, 13, 10, 7, 26, 27, None, None, None, None, None, None, None, None, None, None, None, None, None]
n=5: 19224.6s, 33338343424 attempts, 141500175 affine nodes, 1 representatives; [0, 1, 2, 4, 3, 6, 8, 16, 9, 25, 17, 30, 28, 23, 7, 22, 27, 24, None, None, None, None, None, None, None, None, None, None, None, None, None, None]
n=5: 19244.6s, 33373306880 attempts, 141657695 affine nodes, 1 representatives; [0, 1, 2, 4, 3, 6, 8, 16, 9, 25, 19, 20, 23, 14, 17, 26, 22, 30, 24, None, None, None, None, None, None, None, None, None, None, None, None, None]
n=5: 19264.6s, 33408139264 attempts, 141786280 affine nodes, 1 representatives; [0, 1, 2, 4, 3, 6, 8, 16, 9, 25, 19, 31, 28, 10, 22, 30, 27, 5, 12, None, None, None, None, None, None, None, None, None, None, None, None, None]
n=5: 19284.6s, 33443037184 attempts, 141877890 affine nodes, 1 representatives; [0, 1, 2, 4, 3, 6, 8, 16, 9, 25, 20, 23, 24, 18, 15, 7, 27, 5, 31, None, None, None, None, None, None, None, None, None, None, None, None, None]
n=5: 19304.6s, 33478066176 attempts, 141987954 affine nodes, 1 representatives; [0, 1, 2, 4, 3, 6, 8, 16, 9, 25, 21, 29, 12, 14, 19, 20, 11, 15, 7, None, None, None, None, None, None, None, None, 5, None, None, None, None]
n=5: 19324.6s, 33512947712 attempts, 142152193 affine nodes, 1 representatives; [0, 1, 2, 4, 3, 6, 8, 16, 9, 25, 24, 11, 30, 22, 26, 5, 19, 10, 29, None, None, None, None, None, None, None, None, None, None, None, None, None]
n=5: 19344.6s, 33547911168 attempts, 142319327 affine nodes, 1 representatives; [0, 1, 2, 4, 3, 6, 8, 16, 9, 25, 24, 31, 18, 7, 10, 29, 21, 15, None, None, None, None, None, None, None, None, None, None, None, None, None, None]
n=5: 19364.6s, 33582940160 attempts, 142426019 affine nodes, 1 representatives; [0, 1, 2, 4, 3, 6, 8, 16, 9, 25, 27, 19, 13, 22, 26, 21, 10, 28, 14, 17, None, None, None, None, None, None, None, None, None, None, None, None]
n=5: 19384.6s, 33618083840 attempts, 142546551 affine nodes, 1 representatives; [0, 1, 2, 4, 3, 6, 8, 16, 9, 25, 27, 23, 18, 29, 22, 7, 17, 5, 24, None, None, None, None, None, None, None, None, None, None, None, None, None]
n=5: 19404.6s, 33652965376 attempts, 142729240 affine nodes, 1 representatives; [0, 1, 2, 4, 3, 6, 8, 16, 9, 25, 28, 24, 22, 29, 13, 15, 17, 12, None, None, None, None, None, None, None, None, None, None, None, None, None, None]
n=5: 19424.6s, 33687961600 attempts, 142835634 affine nodes, 1 representatives; [0, 1, 2, 4, 3, 6, 8, 16, 9, 25, 30, 12, 23, 28, 26, 7, 14, 27, 18, None, None, None, None, None, None, None, None, None, None, None, None, None]
n=5: 19444.6s, 33723023360 attempts, 142967703 affine nodes, 1 representatives; [0, 1, 2, 4, 3, 6, 8, 16, 9, 25, 30, 29, 23, 10, 7, 5, 11, 31, 21, None, None, None, None, None, None, None, None, None, None, None, None, None]
n=5: 19464.6s, 33757986816 attempts, 143094752 affine nodes, 1 representatives; [0, 1, 2, 4, 3, 6, 8, 16, 9, 26, 10, 28, 31, 23, 15, 29, 27, 5, 19, None, None, None, None, None, None, None, None, None, None, None, None, None]
n=5: 19484.6s, 33792933888 attempts, 143222593 affine nodes, 1 representatives; [0, 1, 2, 4, 3, 6, 8, 16, 9, 26, 13, 28, 18, 22, 17, 10, 27, 19, 15, None, None, None, None, None, None, None, None, None, None, None, None, None]
n=5: 19504.6s, 33827749888 attempts, 143367484 affine nodes, 1 representatives; [0, 1, 2, 4, 3, 6, 8, 16, 9, 26, 15, 18, 12, 30, 17, 7, 10, 21, 20, None, None, None, None, None, None, None, None, None, None, None, None, None]
n=5: 19524.6s, 33862696960 attempts, 143494620 affine nodes, 1 representatives; [0, 1, 2, 4, 3, 6, 8, 16, 9, 26, 15, 25, 27, 12, 18, 22, 31, 23, 14, None, None, None, None, None, None, None, None, None, None, None, None, None]
n=5: 19544.6s, 33897594880 attempts, 143630076 affine nodes, 1 representatives; [0, 1, 2, 4, 3, 6, 8, 16, 9, 26, 18, 28, 13, 19, 31, 23, 15, 29, 22, None, None, None, None, None, None, None, None, None, None, None, None, None]
n=5: 19564.6s, 33932492800 attempts, 143779781 affine nodes, 1 representatives; [0, 1, 2, 4, 3, 6, 8, 16, 9, 26, 19, 20, 21, 24, 31, 10, 15, 29, 27, None, None, None, None, None, None, None, None, None, None, None, None, None]
n=5: 19584.6s, 33967325184 attempts, 143984389 affine nodes, 1 representatives; [0, 1, 2, 4, 3, 6, 8, 16, 9, 26, 22, 25, 21, 10, 5, 7, 19, 30, None, None, None, None, None, None, None, None, None, None, None, None, None, None]
n=5: 19604.7s, 34002157568 attempts, 144154512 affine nodes, 1 representatives; [0, 1, 2, 4, 3, 6, 8, 16, 9, 26, 23, 25, 15, 21, 28, 7, 10, 27, None, None, None, None, None, None, None, None, None, None, None, None, None, None]
n=5: 19624.7s, 34036989952 attempts, 144305213 affine nodes, 1 representatives; [0, 1, 2, 4, 3, 6, 8, 16, 9, 26, 24, 20, 30, 12, 5, 15, 7, 10, 11, 18, None, None, None, None, None, None, None, None, None, None, None, None]
n=5: 19644.7s, 34071707648 attempts, 144502374 affine nodes, 1 representatives; [0, 1, 2, 4, 3, 6, 8, 16, 9, 26, 28, 19, 18, 31, 20, 5, 25, 27, 22, 24, None, None, None, None, None, None, None, None, None, None, None, None]
n=5: 19664.7s, 34106392576 attempts, 144641288 affine nodes, 1 representatives; [0, 1, 2, 4, 3, 6, 8, 16, 9, 26, 29, 15, 23, 31, 14, 30, 7, 11, 27, None, None, None, None, None, None, None, None, None, None, None, None, None]
n=5: 19684.7s, 34141323264 attempts, 144751944 affine nodes, 1 representatives; [0, 1, 2, 4, 3, 6, 8, 16, 9, 26, 29, 20, 27, 23, 17, 10, 22, 30, 12, 19, None, None, None, None, None, None, None, None, None, None, None, None]
n=5: 19704.7s, 34176188416 attempts, 144892387 affine nodes, 1 representatives; [0, 1, 2, 4, 3, 6, 8, 16, 9, 26, 29, 30, 27, 12, 17, 19, 5, 11, None, None, None, None, None, None, None, None, None, None, None, None, None, None]
n=5: 19724.7s, 34211102720 attempts, 145025217 affine nodes, 1 representatives; [0, 1, 2, 4, 3, 6, 8, 16, 9, 27, 10, 28, 26, 7, 19, 23, 24, 18, 25, 20, 5, None, None, None, None, None, None, None, None, None, None, None]
n=5: 19744.7s, 34246033408 attempts, 145166950 affine nodes, 1 representatives; [0, 1, 2, 4, 3, 6, 8, 16, 9, 27, 13, 28, 19, 14, 21, 18, 7, 12, 11, 23, None, None, None, None, None, None, None, None, None, None, None, None]
n=5: 19764.7s, 34280980480 attempts, 145324917 affine nodes, 1 representatives; [0, 1, 2, 4, 3, 6, 8, 16, 9, 27, 14, 31, 28, 22, 12, 23, 30, 11, None, None, None, None, None, None, None, None, None, None, None, None, None, None]
n=5: 19784.7s, 34316075008 attempts, 145442416 affine nodes, 1 representatives; [0, 1, 2, 4, 3, 6, 8, 16, 9, 27, 15, 20, 12, 7, 25, 22, 19, 29, 13, None, None, None, None, None, None, None, None, None, None, None, None, None]
n=5: 19804.7s, 34351087616 attempts, 145572704 affine nodes, 1 representatives; [0, 1, 2, 4, 3, 6, 8, 16, 9, 27, 18, 12, 21, 25, 15, 5, 30, 13, 17, None, None, None, None, None, None, None, None, None, None, None, None, None]
n=5: 19824.7s, 34386083840 attempts, 145718980 affine nodes, 1 representatives; [0, 1, 2, 4, 3, 6, 8, 16, 9, 27, 18, 29, 24, 13, 20, 5, 28, 21, 15, None, None, None, None, None, None, None, None, None, None, None, None, None]
n=5: 19844.7s, 34421014528 attempts, 145866078 affine nodes, 1 representatives; [0, 1, 2, 4, 3, 6, 8, 16, 9, 27, 19, 23, 21, 18, 14, 12, 24, 20, 30, 29, None, None, None, None, None, None, None, None, None, None, None, None]
n=5: 19864.7s, 34455928832 attempts, 146011348 affine nodes, 1 representatives; [0, 1, 2, 4, 3, 6, 8, 16, 9, 27, 20, 11, 26, 25, 5, 7, 13, 24, 14, 23, None, None, None, None, None, None, None, None, None, None, None, None]
n=5: 19884.7s, 34490875904 attempts, 146144154 affine nodes, 1 representatives; [0, 1, 2, 4, 3, 6, 8, 16, 9, 27, 20, 24, 18, 31, 13, 5, 30, 14, 12, 23, None, None, None, None, None, None, None, None, None, None, None, None]
n=5: 19904.7s, 34525757440 attempts, 146272000 affine nodes, 1 representatives; [0, 1, 2, 4, 3, 6, 8, 16, 9, 27, 23, 11, 30, 29, 26, 15, None, None, None, None, None, None, None, None, None, None, None, None, None, None, None, None]
n=5: 19924.7s, 34560606208 attempts, 146416820 affine nodes, 1 representatives; [0, 1, 2, 4, 3, 6, 8, 16, 9, 27, 23, 24, 26, 13, 7, 28, 22, 31, 5, None, None, None, None, None, None, None, None, None, None, None, None, None]
n=5: 19944.8s, 34595618816 attempts, 146555617 affine nodes, 1 representatives; [0, 1, 2, 4, 3, 6, 8, 16, 9, 27, 25, 14, 15, 19, 22, 18, 13, 28, 5, None, None, None, None, None, None, None, None, None, None, None, None, None]
n=5: 19964.8s, 34630828032 attempts, 146682274 affine nodes, 1 representatives; [0, 1, 2, 4, 3, 6, 8, 16, 9, 27, 25, 20, 15, 12, 29, 17, 14, 10, 31, None, None, None, None, None, None, None, None, None, None, None, None, None]
n=5: 19984.8s, 34665857024 attempts, 146846644 affine nodes, 1 representatives; [0, 1, 2, 4, 3, 6, 8, 16, 9, 27, 28, 11, 17, 31, 15, 7, 23, 19, 25, None, None, None, None, None, None, None, None, None, None, None, None, None]
n=5: 20004.8s, 34700853248 attempts, 146941920 affine nodes, 1 representatives; [0, 1, 2, 4, 3, 6, 8, 16, 9, 27, 28, 18, 31, 23, 21, 15, 20, 24, 19, None, None, None, None, None, None, None, None, None, None, None, None, None]
n=5: 20024.8s, 34736029696 attempts, 147036966 affine nodes, 1 representatives; [0, 1, 2, 4, 3, 6, 8, 16, 9, 27, 28, 24, 18, 29, 15, 7, 10, 31, 5, 12, None, None, None, None, None, None, None, None, None, None, None, None]
n=5: 20044.8s, 34771058688 attempts, 147184850 affine nodes, 1 representatives; [0, 1, 2, 4, 3, 6, 8, 16, 9, 27, 29, 14, 20, 23, 15, 24, 22, 12, 17, 10, None, None, None, None, None, None, None, None, None, None, None, None]
n=5: 20064.8s, 34806071296 attempts, 147332885 affine nodes, 1 representatives; [0, 1, 2, 4, 3, 6, 8, 16, 9, 27, 29, 23, 24, 12, 7, 5, 17, 15, 30, None, None, None, None, None, None, None, None, None, None, None, None, None]
n=5: 20084.8s, 34840985600 attempts, 147536345 affine nodes, 1 representatives; [0, 1, 2, 4, 3, 6, 8, 16, 9, 28, 10, 24, 20, 19, 15, 21, 14, 18, 27, None, None, None, None, None, None, None, None, None, None, None, None, None]
n=5: 20104.8s, 34875981824 attempts, 147662660 affine nodes, 1 representatives; [0, 1, 2, 4, 3, 6, 8, 16, 9, 28, 13, 29, 21, 25, 19, 12, 18, 26, None, None, None, None, None, None, None, None, None, None, None, None, None, None]
n=5: 20124.8s, 34910846976 attempts, 147803051 affine nodes, 1 representatives; [0, 1, 2, 4, 3, 6, 8, 16, 9, 28, 17, 31, 11, 7, 30, 10, 12, 15, 23, None, None, None, None, None, None, None, None, None, None, None, None, None]
n=5: 20144.8s, 34945581056 attempts, 147962398 affine nodes, 1 representatives; [0, 1, 2, 4, 3, 6, 8, 16, 9, 28, 19, 24, 23, 21, 29, 11, 30, 5, 17, None, None, None, None, None, None, None, None, None, None, None, None, None]
n=5: 20164.8s, 34980347904 attempts, 148106259 affine nodes, 1 representatives; [0, 1, 2, 4, 3, 6, 8, 16, 9, 28, 20, 15, 27, 10, 22, 17, 26, 25, 21, 5, None, None, None, None, None, None, None, None, None, None, None, None]
n=5: 20184.8s, 35014934528 attempts, 148209798 affine nodes, 1 representatives; [0, 1, 2, 4, 3, 6, 8, 16, 9, 28, 20, 27, 24, 12, 13, 31, 19, 23, 7, 14, None, None, None, None, None, None, None, None, None, None, None, None]
n=5: 20204.8s, 35048701952 attempts, 148377773 affine nodes, 1 representatives; [0, 1, 2, 4, 3, 6, 8, 16, 9, 28, 23, 12, 24, 21, 13, 26, 31, 17, 22, None, None, None, None, None, None, None, None, None, None, None, None, None]
n=5: 20224.8s, 35082125312 attempts, 148528787 affine nodes, 1 representatives; [0, 1, 2, 4, 3, 6, 8, 16, 9, 28, 25, 14, 11, 26, 5, 23, 24, 31, 20, None, None, None, None, None, None, None, None, None, None, None, None, None]
n=5: 20244.8s, 35115253760 attempts, 148705887 affine nodes, 1 representatives; [0, 1, 2, 4, 3, 6, 8, 16, 9, 28, 25, 29, 12, 14, 23, 10, 18, 5, 30, 13, None, None, None, None, None, None, None, None, None, None, None, None]
n=5: 20264.8s, 35148398592 attempts, 148840234 affine nodes, 1 representatives; [0, 1, 2, 4, 3, 6, 8, 16, 9, 28, 26, 19, 12, 24, 20, 27, 11, 7, None, None, None, None, None, None, None, None, None, None, None, None, None, None]
n=5: 20284.8s, 35181674496 attempts, 148974073 affine nodes, 1 representatives; [0, 1, 2, 4, 3, 6, 8, 16, 9, 28, 27, 11, 13, 30, 18, 24, 26, None, None, None, None, None, None, None, None, None, None, None, None, None, None, None]
n=5: 20304.8s, 35215048704 attempts, 149061046 affine nodes, 1 representatives; [0, 1, 2, 4, 3, 6, 8, 16, 9, 28, 27, 18, 15, 21, 19, 5, 10, 29, 13, None, None, None, None, None, None, None, None, None, None, None, None, None]
n=5: 20324.8s, 35248390144 attempts, 149135849 affine nodes, 1 representatives; [0, 1, 2, 4, 3, 6, 8, 16, 9, 28, 27, 20, 15, 13, 19, 10, 11, 29, 31, None, None, None, None, None, None, None, None, None, None, None, None, None]
n=5: 20344.8s, 35281846272 attempts, 149222727 affine nodes, 1 representatives; [0, 1, 2, 4, 3, 6, 8, 16, 9, 28, 27, 24, 21, 17, 25, 11, 29, None, None, None, None, None, None, None, None, None, None, None, None, None, None, None]
n=5: 20364.8s, 35315400704 attempts, 149356729 affine nodes, 1 representatives; [0, 1, 2, 4, 3, 6, 8, 16, 9, 28, 29, 14, 15, 19, 7, 23, 18, 25, 31, None, None, None, None, None, None, None, None, None, None, None, None, None]
n=5: 20384.8s, 35348856832 attempts, 149491120 affine nodes, 1 representatives; [0, 1, 2, 4, 3, 6, 8, 16, 9, 28, 29, 19, 24, 21, 5, 18, 25, 7, 17, 27, None, None, None, None, None, None, None, None, None, None, None, None]
n=5: 20404.9s, 35382378496 attempts, 149659274 affine nodes, 1 representatives; [0, 1, 2, 4, 3, 6, 8, 16, 9, 28, 30, 20, 11, 7, 23, 26, 18, 21, 10, 25, None, None, None, None, None, None, None, None, None, None, None, None]
n=5: 20424.9s, 35415965696 attempts, 149806307 affine nodes, 1 representatives; [0, 1, 2, 4, 3, 6, 8, 16, 9, 29, 10, 23, 24, 7, 12, 30, 19, 28, 21, None, None, None, None, None, None, None, None, None, None, None, None, None]
n=5: 20444.9s, 35450159104 attempts, 149913936 affine nodes, 1 representatives; [0, 1, 2, 4, 3, 6, 8, 16, 9, 29, 10, 28, 18, 24, 5, 23, 11, 27, 19, None, None, None, None, None, None, None, None, None, None, None, None, None]
n=5: 20464.9s, 35484762112 attempts, 150038615 affine nodes, 1 representatives; [0, 1, 2, 4, 3, 6, 8, 16, 9, 29, 15, 19, 24, 28, 7, 5, 12, 31, 20, 11, None, None, None, None, None, None, None, None, None, None, None, None]
n=5: 20484.9s, 35519315968 attempts, 150161679 affine nodes, 1 representatives; [0, 1, 2, 4, 3, 6, 8, 16, 9, 29, 15, 28, 26, 25, 22, 7, 5, 30, 10, None, None, None, None, None, None, None, None, None, None, None, None, None]
n=5: 20504.9s, 35552968704 attempts, 150305570 affine nodes, 1 representatives; [0, 1, 2, 4, 3, 6, 8, 16, 9, 29, 18, 27, 22, 12, 10, 19, 24, 23, 21, 7, None, None, None, None, None, None, None, None, None, None, None, None]
n=5: 20524.9s, 35587506176 attempts, 150453504 affine nodes, 1 representatives; [0, 1, 2, 4, 3, 6, 8, 16, 9, 29, 20, 23, 11, 24, 12, 7, 17, 14, 28, None, None, None, None, None, None, None, None, None, None, None, None, None]
n=5: 20544.9s, 35622207488 attempts, 150628175 affine nodes, 1 representatives; [0, 1, 2, 4, 3, 6, 8, 16, 9, 29, 23, 25, 11, 18, 5, 10, 22, 7, 28, None, None, None, None, None, None, None, None, None, None, None, None, None]
n=5: 20564.9s, 35656990720 attempts, 150792836 affine nodes, 1 representatives; [0, 1, 2, 4, 3, 6, 8, 16, 9, 29, 24, 19, 30, 12, 5, 18, 17, 31, 21, None, None, None, None, None, None, None, None, None, None, None, None, None]
n=5: 20584.9s, 35691905024 attempts, 150967559 affine nodes, 1 representatives; [0, 1, 2, 4, 3, 6, 8, 16, 9, 29, 26, 18, 25, 14, 12, 19, 24, 27, 30, 15, None, None, None, None, None, None, None, None, None, None, None, None]
n=5: 20604.9s, 35726786560 attempts, 151082806 affine nodes, 1 representatives; [0, 1, 2, 4, 3, 6, 8, 16, 9, 29, 26, 30, 19, 14, 21, 7, 10, 17, 27, None, None, None, None, None, None, None, None, None, None, None, None, None]
n=5: 20624.9s, 35761782784 attempts, 151228559 affine nodes, 1 representatives; [0, 1, 2, 4, 3, 6, 8, 16, 9, 29, 27, 20, 23, 19, 7, 18, 31, 21, 24, 22, None, None, None, None, None, None, None, None, None, None, None, None]
n=5: 20644.9s, 35796680704 attempts, 151387020 affine nodes, 1 representatives; [0, 1, 2, 4, 3, 6, 8, 16, 9, 29, 28, 18, 12, 17, 5, 27, 21, 26, 22, 13, None, None, None, None, None, None, None, None, None, None, None, None]
n=5: 20664.9s, 35831578624 attempts, 151575011 affine nodes, 1 representatives; [0, 1, 2, 4, 3, 6, 8, 16, 9, 30, 10, 24, 13, 23, 12, 26, 28, 18, 20, 5, None, None, None, None, None, None, None, None, None, None, None, None]
n=5: 20684.9s, 35866443776 attempts, 151743900 affine nodes, 1 representatives; [0, 1, 2, 4, 3, 6, 8, 16, 9, 30, 15, 18, 20, 14, 7, 10, 11, 24, 26, None, None, None, None, None, None, None, None, None, None, None, None, None]
n=5: 20704.9s, 35901210624 attempts, 151899511 affine nodes, 1 representatives; [0, 1, 2, 4, 3, 6, 8, 16, 9, 30, 18, 11, 25, 7, 31, 24, 13, None, None, None, None, None, None, None, None, None, None, None, None, None, None, None]
n=5: 20724.9s, 35936059392 attempts, 152036911 affine nodes, 1 representatives; [0, 1, 2, 4, 3, 6, 8, 16, 9, 30, 18, 25, 21, 7, 15, 11, 27, 28, 5, None, None, None, None, None, None, None, None, None, None, None, None, None]
n=5: 20744.9s, 35970908160 attempts, 152209830 affine nodes, 1 representatives; [0, 1, 2, 4, 3, 6, 8, 16, 9, 30, 19, 25, 31, 12, 13, 24, 5, 27, 10, 23, None, None, None, None, None, None, None, None, None, None, None, None]
n=5: 20765.0s, 36005822464 attempts, 152369963 affine nodes, 1 representatives; [0, 1, 2, 4, 3, 6, 8, 16, 9, 30, 20, 23, 31, 24, 13, 7, 10, 19, 22, None, None, None, None, None, None, None, None, None, None, None, None, None]
n=5: 20785.0s, 36040736768 attempts, 152516929 affine nodes, 1 representatives; [0, 1, 2, 4, 3, 6, 8, 16, 9, 30, 23, 12, 27, 28, 17, 7, 19, 15, 29, None, None, None, None, None, None, None, None, None, None, None, None, None]
n=5: 20805.0s, 36075520000 attempts, 152721909 affine nodes, 1 representatives; [0, 1, 2, 4, 3, 6, 8, 16, 9, 30, 24, 20, 15, 7, 19, 29, 25, 12, 26, None, None, None, None, None, None, None, None, None, None, None, None, None]
n=5: 20825.0s, 36110434304 attempts, 152861596 affine nodes, 1 representatives; [0, 1, 2, 4, 3, 6, 8, 16, 9, 30, 25, 12, 26, 22, 15, 17, 13, 29, 28, 19, None, None, None, None, None, None, None, None, None, None, None, None]
n=5: 20845.0s, 36145348608 attempts, 153007384 affine nodes, 1 representatives; [0, 1, 2, 4, 3, 6, 8, 16, 9, 30, 27, 11, 23, 13, 31, 17, 15, 18, None, None, None, None, None, None, None, None, None, None, None, None, None, None]
n=5: 20865.0s, 36180328448 attempts, 153236456 affine nodes, 1 representatives; [0, 1, 2, 4, 3, 6, 8, 16, 9, 30, 28, 20, 17, 18, 21, 5, 7, 11, 27, None, None, None, None, None, None, None, None, None, None, None, None, None]
n=5: 20885.0s, 36215259136 attempts, 153365150 affine nodes, 1 representatives; [0, 1, 2, 4, 3, 6, 8, 16, 9, 31, 10, 25, 21, 18, 29, 7, 19, 17, 28, None, None, None, None, None, None, None, None, None, None, None, None, None]
n=5: 20905.0s, 36250091520 attempts, 153533925 affine nodes, 1 representatives; [0, 1, 2, 4, 3, 6, 8, 16, 9, 31, 15, 24, 12, 7, 17, 21, 19, 10, 13, 22, None, None, None, None, None, None, None, None, None, None, None, None]
n=5: 20925.0s, 36285054976 attempts, 153667421 affine nodes, 1 representatives; [0, 1, 2, 4, 3, 6, 8, 16, 9, 31, 18, 12, 27, 10, 5, 26, 13, 30, 11, None, None, None, None, None, None, None, None, None, None, None, None, None]
n=5: 20945.0s, 36319854592 attempts, 153856734 affine nodes, 1 representatives; [0, 1, 2, 4, 3, 6, 8, 16, 9, 31, 19, 23, 26, 10, 28, 5, 12, 15, 29, None, None, None, None, None, None, None, None, None, None, None, None, None]
n=5: 20965.0s, 36354637824 attempts, 154004671 affine nodes, 1 representatives; [0, 1, 2, 4, 3, 6, 8, 16, 9, 31, 20, 19, 12, 30, 25, 10, 13, 24, 18, None, None, None, None, None, None, None, None, None, None, None, None, None]
n=5: 20985.0s, 36389421056 attempts, 154190709 affine nodes, 1 representatives; [0, 1, 2, 4, 3, 6, 8, 16, 9, 31, 23, 25, 15, 26, 7, 10, 24, 11, None, None, None, None, None, None, None, None, None, None, None, None, None, None]
n=5: 21005.0s, 36424253440 attempts, 154335521 affine nodes, 1 representatives; [0, 1, 2, 4, 3, 6, 8, 16, 9, 31, 24, 15, 22, 26, 21, 28, 12, 11, 27, 25, None, None, None, None, None, None, None, None, None, None, None, None]
n=5: 21025.0s, 36459134976 attempts, 154463032 affine nodes, 1 representatives; [0, 1, 2, 4, 3, 6, 8, 16, 9, 31, 24, 28, 11, 26, 10, 19, 25, 27, None, None, None, None, None, None, None, None, None, None, None, None, None, None]
n=5: 21045.0s, 36493918208 attempts, 154676115 affine nodes, 1 representatives; [0, 1, 2, 4, 3, 6, 8, 16, 9, 31, 26, 15, 30, 20, 12, 21, 7, 27, 10, None, None, None, None, None, None, None, None, None, None, None, None, None]
n=5: 21065.0s, 36528734208 attempts, 154940236 affine nodes, 1 representatives; [0, 1, 2, 4, 3, 6, 8, 16, 9, 31, 29, 23, 22, 7, 28, 11, 20, 24, None, None, None, None, None, None, None, None, None, None, None, None, None, None]
n=5: 21085.0s, 36563582976 attempts, 155153161 affine nodes, 1 representatives; [0, 1, 2, 4, 3, 6, 8, 16, 10, 19, 11, 20, 27, 14, 7, 29, 12, 18, 15, 24, None, None, None, None, None, None, None, None, None, None, None, None]
n=5: 21105.0s, 36598480896 attempts, 155284296 affine nodes, 1 representatives; [0, 1, 2, 4, 3, 6, 8, 16, 10, 19, 11, 31, 23, 9, 15, 30, 24, 13, 18, None, None, None, None, None, None, None, None, None, None, None, None, None]
n=5: 21125.1s, 36633280512 attempts, 155395406 affine nodes, 1 representatives; [0, 1, 2, 4, 3, 6, 8, 16, 10, 19, 12, 26, 15, 31, 7, 21, 20, 25, None, None, None, None, None, None, None, None, None, None, None, None, None, None]
n=5: 21145.1s, 36668096512 attempts, 155494684 affine nodes, 1 representatives; [0, 1, 2, 4, 3, 6, 8, 16, 10, 19, 12, 31, 20, 27, 5, 9, 15, 26, 14, None, None, None, None, None, None, None, None, None, None, None, None, None]
n=5: 21165.1s, 36702863360 attempts, 155641535 affine nodes, 1 representatives; [0, 1, 2, 4, 3, 6, 8, 16, 10, 19, 18, 29, 27, 9, 28, 15, 23, 12, None, None, None, None, None, None, None, None, None, None, None, None, None, None]
n=5: 21185.1s, 36737662976 attempts, 155758691 affine nodes, 1 representatives; [0, 1, 2, 4, 3, 6, 8, 16, 10, 19, 20, 23, 24, 5, 13, 25, 21, 18, 14, None, None, None, None, None, None, None, None, None, None, None, None, None]
n=5: 21205.1s, 36772691968 attempts, 155828409 affine nodes, 1 representatives; [0, 1, 2, 4, 3, 6, 8, 16, 10, 19, 20, 27, 25, 13, 5, 31, 18, 22, None, None, None, None, None, None, None, None, None, None, None, None, None, None]
n=5: 21225.1s, 36807573504 attempts, 155915050 affine nodes, 1 representatives; [0, 1, 2, 4, 3, 6, 8, 16, 10, 19, 20, 30, 24, 17, 9, 21, 11, 26, 27, None, None, None, None, None, None, None, None, None, None, None, None, None]
n=5: 21245.1s, 36842422272 attempts, 156031187 affine nodes, 1 representatives; [0, 1, 2, 4, 3, 6, 8, 16, 10, 19, 24, 23, 15, 27, 22, 7, 13, 5, 18, None, None, None, None, None, None, None, None, None, None, None, None, None]
n=5: 21265.1s, 36877254656 attempts, 156165960 affine nodes, 1 representatives; [0, 1, 2, 4, 3, 6, 8, 16, 10, 19, 25, 20, 26, 15, 14, 12, 5, 17, 24, None, None, None, None, None, None, None, None, None, None, None, None, None]
n=5: 21285.1s, 36912054272 attempts, 156302035 affine nodes, 1 representatives; [0, 1, 2, 4, 3, 6, 8, 16, 10, 19, 26, 18, 28, 21, 15, 11, 7, 25, None, None, None, None, None, None, None, None, None, None, None, None, None, None]
n=5: 21305.1s, 36946804736 attempts, 156455185 affine nodes, 1 representatives; [0, 1, 2, 4, 3, 6, 8, 16, 10, 19, 27, 20, 23, 13, 31, 11, 12, 26, 28, 21, None, None, None, None, None, None, None, None, None, None, None, None]
n=5: 21325.1s, 36981637120 attempts, 156600270 affine nodes, 1 representatives; [0, 1, 2, 4, 3, 6, 8, 16, 10, 19, 30, 12, 24, 27, 28, 23, 17, 11, 9, None, None, None, None, None, None, None, None, None, None, None, None, None]
n=5: 21345.1s, 37016436736 attempts, 156735200 affine nodes, 1 representatives; [0, 1, 2, 4, 3, 6, 8, 16, 10, 19, 30, 26, 12, 15, 17, 22, 5, 23, 29, None, None, None, None, None, None, None, None, None, None, None, None, None]
n=5: 21365.1s, 37051121664 attempts, 156867889 affine nodes, 1 representatives; [0, 1, 2, 4, 3, 6, 8, 16, 10, 19, 31, 18, 25, 13, 7, 5, 27, 28, 29, None, None, None, None, None, None, None, None, None, None, None, None, None]
n=5: 21385.1s, 37086019584 attempts, 156974720 affine nodes, 1 representatives; [0, 1, 2, 4, 3, 6, 8, 16, 10, 19, 31, 27, 25, 18, 7, 5, 23, 12, 30, None, None, None, None, None, None, None, None, None, None, None, None, None]
n=5: 21405.1s, 37120917504 attempts, 157082143 affine nodes, 1 representatives; [0, 1, 2, 4, 3, 6, 8, 16, 10, 24, 12, 27, 19, 23, 14, 5, 31, 11, 7, None, None, None, None, None, None, None, None, None, None, None, None, None]
n=5: 21425.1s, 37155815424 attempts, 157198074 affine nodes, 1 representatives; [0, 1, 2, 4, 3, 6, 8, 16, 10, 24, 19, 12, 23, 21, 13, 7, 30, 25, 22, None, None, None, None, None, None, None, None, None, None, None, None, None]
n=5: 21445.1s, 37190598656 attempts, 157352028 affine nodes, 1 representatives; [0, 1, 2, 4, 3, 6, 8, 16, 10, 24, 19, 31, 11, 15, 23, 29, 25, None, None, None, None, None, None, None, None, None, None, None, None, None, None, None]
n=5: 21465.1s, 37225398272 attempts, 157458637 affine nodes, 1 representatives; [0, 1, 2, 4, 3, 6, 8, 16, 10, 24, 20, 27, 25, 5, 12, 11, 23, 31, 30, None, None, None, None, None, None, None, None, None, None, None, None, None]
n=5: 21485.1s, 37260263424 attempts, 157576687 affine nodes, 1 representatives; [0, 1, 2, 4, 3, 6, 8, 16, 10, 24, 23, 12, 29, 25, 13, 20, 30, 14, 31, None, None, None, None, None, None, None, None, None, None, None, None, None]
n=5: 21505.1s, 37295079424 attempts, 157711418 affine nodes, 1 representatives; [0, 1, 2, 4, 3, 6, 8, 16, 10, 24, 23, 31, 25, 9, 12, 15, 21, 26, 11, None, None, None, None, None, None, None, None, None, None, None, None, None]
n=5: 21525.1s, 37329928192 attempts, 157871087 affine nodes, 1 representatives; [0, 1, 2, 4, 3, 6, 8, 16, 10, 24, 26, 11, 25, 13, 21, 17, 14, 9, 22, None, None, None, None, None, None, None, None, None, None, None, None, None]
n=5: 21545.1s, 37364809728 attempts, 158009242 affine nodes, 1 representatives; [0, 1, 2, 4, 3, 6, 8, 16, 10, 24, 29, 18, 11, 5, 15, 30, 19, 13, 26, None, None, None, None, None, None, None, None, None, None, None, None, None]
n=5: 21565.1s, 37399756800 attempts, 158162741 affine nodes, 1 representatives; [0, 1, 2, 4, 3, 6, 8, 16, 10, 24, 30, 20, 27, 11, 14, 17, 18, 31, 15, None, None, None, None, None, None, None, None, None, None, None, None, None]
n=5: 21585.1s, 37434654720 attempts, 158257061 affine nodes, 1 representatives; [0, 1, 2, 4, 3, 6, 8, 16, 10, 24, 31, 15, 25, 23, 22, 7, 29, 14, 12, 17, None, None, None, None, None, None, None, None, None, None, None, None]
n=5: 21605.1s, 37469585408 attempts, 158339649 affine nodes, 1 representatives; [0, 1, 2, 4, 3, 6, 8, 16, 10, 24, 31, 23, 18, 29, 15, 12, 7, 13, 28, None, None, None, None, None, None, None, None, None, None, None, None, None]
n=5: 21625.1s, 37504630784 attempts, 158435125 affine nodes, 1 representatives; [0, 1, 2, 4, 3, 6, 8, 16, 10, 25, 11, 20, 12, 18, 15, 21, 17, 30, 9, None, None, None, None, None, None, None, None, None, None, None, None, None]
n=5: 21645.2s, 37539594240 attempts, 158566572 affine nodes, 1 representatives; [0, 1, 2, 4, 3, 6, 8, 16, 10, 25, 11, 30, 19, 20, 13, 15, 27, 23, None, None, None, None, None, None, None, None, None, None, None, None, None, None]
n=5: 21665.2s, 37574508544 attempts, 158677595 affine nodes, 1 representatives; [0, 1, 2, 4, 3, 6, 8, 16, 10, 25, 12, 24, 19, 29, 13, 9, 18, 26, 5, None, None, None, None, None, None, None, None, None, None, None, None, None]
n=5: 21685.2s, 37609455616 attempts, 158788462 affine nodes, 1 representatives; [0, 1, 2, 4, 3, 6, 8, 16, 10, 25, 19, 12, 20, 27, 15, 29, 24, 28, None, None, None, None, None, None, None, None, None, None, None, None, None, None]
n=5: 21705.2s, 37644222464 attempts, 158908081 affine nodes, 1 representatives; [0, 1, 2, 4, 3, 6, 8, 16, 10, 25, 20, 11, 26, 22, 28, 7, 24, 13, 23, None, None, None, None, None, None, None, None, None, None, None, None, None]
n=5: 21725.2s, 37678989312 attempts, 159009004 affine nodes, 1 representatives; [0, 1, 2, 4, 3, 6, 8, 16, 10, 25, 20, 26, 23, 21, 14, 28, 24, 9, 12, None, None, None, None, None, None, None, None, None, None, None, None, None]
n=5: 21745.2s, 37713723392 attempts, 159127764 affine nodes, 1 representatives; [0, 1, 2, 4, 3, 6, 8, 16, 10, 25, 24, 23, 12, 27, 20, 11, 7, 13, 22, 17, None, None, None, None, None, None, None, None, None, None, None, None]
n=5: 21765.2s, 37748752384 attempts, 159245060 affine nodes, 1 representatives; [0, 1, 2, 4, 3, 6, 8, 16, 10, 25, 30, 12, 26, 5, 28, 23, 7, 29, None, None, None, None, None, None, None, None, None, None, None, None, None, None]
n=5: 21785.2s, 37783732224 attempts, 159364806 affine nodes, 1 representatives; [0, 1, 2, 4, 3, 6, 8, 16, 10, 25, 31, 11, 28, 14, 17, 7, 12, 5, 15, None, None, None, None, None, None, None, None, None, None, None, None, None]
n=5: 21805.2s, 37818548224 attempts, 159517685 affine nodes, 1 representatives; [0, 1, 2, 4, 3, 6, 8, 16, 10, 29, 11, 26, 18, 22, 15, 5, 24, 21, 7, None, None, None, None, None, None, None, None, None, None, None, None, None]
n=5: 21825.2s, 37853478912 attempts, 159629423 affine nodes, 1 representatives; [0, 1, 2, 4, 3, 6, 8, 16, 10, 29, 12, 26, 25, 22, 14, 5, 31, 28, 27, None, None, None, None, None, None, None, None, None, None, None, None, None]
n=5: 21845.2s, 37888212992 attempts, 159767553 affine nodes, 1 representatives; [0, 1, 2, 4, 3, 6, 8, 16, 10, 29, 20, 23, 25, 15, 14, 27, 17, 24, 12, None, None, None, None, None, None, None, None, None, None, None, None, None]
n=5: 21865.2s, 37923045376 attempts, 159897710 affine nodes, 1 representatives; [0, 1, 2, 4, 3, 6, 8, 16, 10, 29, 23, 12, 26, 15, 22, 7, 20, 13, 21, 31, None, None, None, None, None, None, None, None, None, None, None, None]
n=5: 21885.2s, 37957877760 attempts, 160048294 affine nodes, 1 representatives; [0, 1, 2, 4, 3, 6, 8, 16, 10, 29, 24, 23, 11, 7, 15, 27, 14, 9, 30, None, None, None, None, None, None, None, None, None, None, None, None, None]
n=5: 21905.2s, 37992775680 attempts, 160188259 affine nodes, 1 representatives; [0, 1, 2, 4, 3, 6, 8, 16, 10, 29, 26, 20, 23, 31, 19, 5, 9, 13, 22, 11, None, None, None, None, None, None, None, None, None, None, None, None]
n=5: 21925.2s, 38027542528 attempts, 160373002 affine nodes, 1 representatives; [0, 1, 2, 4, 3, 6, 8, 16, 10, 29, 31, 12, 26, 11, 19, 23, 20, 25, 30, 17, None, None, None, None, None, None, None, None, None, None, None, None]
n=5: 21945.2s, 38062424064 attempts, 160511473 affine nodes, 1 representatives; [0, 1, 2, 4, 3, 6, 8, 16, 10, 31, 11, 24, 18, 22, 14, 5, 20, 19, None, None, None, None, None, None, None, None, None, None, None, None, None, None]
n=5: 21965.2s, 38097289216 attempts, 160658986 affine nodes, 1 representatives; [0, 1, 2, 4, 3, 6, 8, 16, 10, 31, 19, 24, 23, 7, 5, 11, 20, 27, 28, None, None, None, None, None, None, None, None, None, None, None, None, None]
n=5: 21985.2s, 38132121600 attempts, 160804449 affine nodes, 1 representatives; [0, 1, 2, 4, 3, 6, 8, 16, 10, 31, 23, 11, 26, 18, 21, 22, 13, 7, 30, None, None, None, None, None, None, None, None, None, None, None, None, None]
n=5: 22005.2s, 38167003136 attempts, 160943194 affine nodes, 1 representatives; [0, 1, 2, 4, 3, 6, 8, 16, 10, 31, 24, 11, 23, 25, 14, 5, 13, 18, 26, None, None, None, None, None, None, None, None, None, None, None, None, None]
n=5: 22025.2s, 38201982976 attempts, 161044084 affine nodes, 1 representatives; [0, 1, 2, 4, 3, 6, 8, 16, 10, 31, 24, 23, 15, 30, 9, 7, 27, 11, None, None, None, None, None, None, None, None, None, None, None, None, None, None]
n=5: 22045.2s, 38237011968 attempts, 161166880 affine nodes, 1 representatives; [0, 1, 2, 4, 3, 6, 8, 16, 10, 31, 25, 30, 11, 5, 21, 9, 22, 18, 15, 29, None, None, None, None, None, None, None, None, None, None, None, None]
n=5: 22065.2s, 38271860736 attempts, 161318871 affine nodes, 1 representatives; [0, 1, 2, 4, 3, 6, 8, 16, 10, 31, 29, 15, 18, 5, 21, 25, 20, 26, 12, None, None, None, None, None, None, None, None, None, None, None, None, None]
n=5: 22085.2s, 38306775040 attempts, 161493864 affine nodes, 1 representatives; [0, 1, 2, 4, 3, 6, 8, 16, 11, 12, 19, 25, 26, 10, 23, 24, 31, 29, 22, None, None, None, None, None, None, None, None, None, None, None, None, None]
n=5: 22105.2s, 38341558272 attempts, 161666565 affine nodes, 1 representatives; [0, 1, 2, 4, 3, 6, 8, 16, 11, 12, 23, 25, 20, 29, 24, 10, 5, 31, 15, None, None, None, None, None, None, None, None, None, None, None, None, None]
n=5: 22125.2s, 38376439808 attempts, 161824546 affine nodes, 1 representatives; [0, 1, 2, 4, 3, 6, 8, 16, 11, 12, 24, 28, 29, 10, 23, 21, 14, 17, 15, None, None, None, None, None, None, None, None, None, None, None, None, None]
n=5: 22145.2s, 38411272192 attempts, 162017201 affine nodes, 1 representatives; [0, 1, 2, 4, 3, 6, 8, 16, 11, 12, 27, 23, 20, 14, 7, 19, 15, 24, 9, None, None, None, None, None, None, None, None, None, None, None, None, None]
n=5: 22165.2s, 38446153728 attempts, 162153588 affine nodes, 1 representatives; [0, 1, 2, 4, 3, 6, 8, 16, 11, 12, 28, 30, 27, 10, 15, 18, 19, 24, 31, None, None, None, None, None, None, None, None, None, None, None, None, None]
n=5: 22185.2s, 38480953344 attempts, 162357329 affine nodes, 1 representatives; [0, 1, 2, 4, 3, 6, 8, 16, 11, 20, 12, 29, 28, 18, 14, 13, 25, 9, 19, None, None, None, None, None, None, None, None, None, None, None, None, None]
n=5: 22205.2s, 38515769344 attempts, 162553681 affine nodes, 1 representatives; [0, 1, 2, 4, 3, 6, 8, 16, 11, 20, 25, 27, 30, 14, 31, 9, 7, 13, 15, 26, None, None, None, None, None, None, None, None, None, None, None, None]
n=5: 22225.3s, 38550634496 attempts, 162762054 affine nodes, 1 representatives; [0, 1, 2, 4, 3, 6, 8, 16, 11, 23, 15, 29, 19, 30, 20, 24, 12, 25, 21, 14, None, None, None, None, None, None, None, None, None, None, None, None]
n=5: 22245.3s, 38585401344 attempts, 162983542 affine nodes, 1 representatives; [0, 1, 2, 4, 3, 6, 8, 16, 11, 23, 27, 31, 30, 12, 20, 5, 19, 9, 21, None, None, None, None, None, None, None, None, None, None, None, None, None]
n=5: 22265.3s, 38620299264 attempts, 163185659 affine nodes, 1 representatives; [0, 1, 2, 4, 3, 6, 8, 16, 11, 24, 12, 28, 19, 17, 13, 18, 15, 5, 14, 10, None, None, None, None, None, None, None, None, None, None, None, None]
n=5: 22285.3s, 38655148032 attempts, 163379773 affine nodes, 1 representatives; [0, 1, 2, 4, 3, 6, 8, 16, 11, 24, 23, 25, 27, 10, 12, 14, 21, 17, 19, None, None, None, None, None, None, None, None, None, None, None, None, None]
n=5: 22305.3s, 38689996800 attempts, 163613599 affine nodes, 1 representatives; [0, 1, 2, 4, 3, 6, 8, 16, 11, 24, 31, 20, 25, 19, 30, 14, 15, 13, 7, 18, None, None, None, None, None, None, None, None, None, None, None, None]
n=5: 22325.3s, 38724845568 attempts, 163761555 affine nodes, 1 representatives; [0, 1, 2, 4, 3, 6, 8, 16, 11, 25, 15, 31, 23, 20, 22, 5, 21, 29, 27, None, None, None, None, None, None, None, None, None, None, None, None, None]
n=5: 22345.3s, 38760431616 attempts, 163926251 affine nodes, 1 representatives; [0, 1, 2, 4, 3, 6, 8, 16, 11, 25, 24, 23, 28, 27, 14, 5, 10, 22, 19, None, None, None, None, None, None, None, None, None, None, None, None, None]
n=5: 22365.3s, 38796394496 attempts, 164139222 affine nodes, 1 representatives; [0, 1, 2, 4, 3, 6, 8, 16, 11, 25, 31, 12, 24, 23, 5, 7, 9, 13, None, None, None, None, None, None, None, None, None, None, None, None, None, None]
n=5: 22385.3s, 38831652864 attempts, 164303892 affine nodes, 1 representatives; [0, 1, 2, 4, 3, 6, 8, 16, 11, 26, 15, 28, 23, 12, 24, 5, 7, 9, 21, 10, None, None, None, None, None, None, None, None, None, None, None, None]
n=5: 22405.3s, 38866812928 attempts, 164565213 affine nodes, 1 representatives; [0, 1, 2, 4, 3, 6, 8, 16, 11, 27, 12, 29, 19, 10, 23, 24, 31, None, None, None, None, None, None, None, None, None, None, None, None, None, None, None]
n=5: 22425.3s, 38901874688 attempts, 164761857 affine nodes, 1 representatives; [0, 1, 2, 4, 3, 6, 8, 16, 11, 27, 25, 20, 26, 19, 5, 7, 29, 17, 23, None, None, None, None, None, None, None, None, None, None, None, None, None]
n=5: 22445.3s, 38936772608 attempts, 165031599 affine nodes, 1 representatives; [0, 1, 2, 4, 3, 6, 8, 16, 11, 28, 25, 12, 20, 23, 5, 9, 31, 13, 19, None, None, None, None, None, None, None, None, None, None, None, None, None]
n=5: 22465.3s, 38971768832 attempts, 165336519 affine nodes, 1 representatives; [0, 1, 2, 4, 3, 6, 8, 16, 11, 29, 28, 27, 24, 5, 17, 10, 21, 22, 12, None, None, None, None, None, None, None, None, None, None, None, None, None]
n=5: 22485.3s, 39006748672 attempts, 165643332 affine nodes, 1 representatives; [0, 1, 2, 4, 3, 6, 8, 16, 11, 31, 24, 28, 23, 27, 25, 17, 18, 15, None, None, None, None, None, None, None, None, None, None, None, None, None, None]
n=5: 22505.3s, 39041728512 attempts, 165950191 affine nodes, 1 representatives; [0, 1, 2, 4, 3, 8, 13, 16, 5, 10, 19, 29, 22, 6, 12, 25, 24, 27, 21, 9, None, None, None, None, None, None, None, None, None, None, None, None]
n=5: 22525.3s, 39076528128 attempts, 166207950 affine nodes, 1 representatives; [0, 1, 2, 4, 3, 8, 13, 16, 5, 10, 24, 17, 30, 6, 22, 28, 18, 12, 25, 26, None, None, None, None, None, None, None, None, None, None, None, None]
n=5: 22545.3s, 39111360512 attempts, 166442964 affine nodes, 1 representatives; [0, 1, 2, 4, 3, 8, 13, 16, 5, 10, 30, 20, 27, 19, 12, 26, 14, 17, 31, None, None, None, None, None, None, None, None, None, None, None, None, None]
n=5: 22565.3s, 39146160128 attempts, 166686462 affine nodes, 1 representatives; [0, 1, 2, 4, 3, 8, 13, 16, 5, 11, 9, 29, 21, 22, 17, 25, 12, 6, 31, None, None, None, None, None, None, None, None, None, None, None, None, None]
n=5: 22585.4s, 39181074432 attempts, 166856399 affine nodes, 1 representatives; [0, 1, 2, 4, 3, 8, 13, 16, 5, 11, 17, 18, 15, 25, 19, 20, 14, 23, 27, 7, None, None, None, None, None, None, None, None, None, None, None, None]
n=5: 22605.4s, 39216037888 attempts, 167013221 affine nodes, 1 representatives; [0, 1, 2, 4, 3, 8, 13, 16, 5, 11, 19, 17, 15, 24, 14, 31, 25, 21, 18, None, None, None, None, None, None, None, None, None, None, None, None, None]
n=5: 22625.4s, 39251050496 attempts, 167124884 affine nodes, 1 representatives; [0, 1, 2, 4, 3, 8, 13, 16, 5, 11, 19, 28, 24, 15, 17, 20, 22, 18, 25, None, None, None, None, None, None, None, None, None, None, None, 27, None]
n=5: 22645.4s, 39285997568 attempts, 167277088 affine nodes, 1 representatives; [0, 1, 2, 4, 3, 8, 13, 16, 5, 11, 21, 23, 15, 28, 18, 14, 25, 17, None, None, None, None, None, None, None, None, None, None, None, None, None, None]
n=5: 22665.4s, 39320879104 attempts, 167546585 affine nodes, 2 representatives; [0, 1, 2, 4, 3, 8, 13, 16, 5, 11, 23, 20, 28, 30, 10, 14, 29, 24, 6, None, None, None, None, None, None, None, None, None, None, None, None, None]
n=5: 22685.4s, 39355809792 attempts, 167670843 affine nodes, 2 representatives; [0, 1, 2, 4, 3, 8, 13, 16, 5, 11, 25, 20, 15, 10, 18, 14, 12, 23, None, None, None, None, None, None, None, None, None, None, None, None, None, None]
n=5: 22705.4s, 39390658560 attempts, 167833294 affine nodes, 2 representatives; [0, 1, 2, 4, 3, 8, 13, 16, 5, 11, 26, 29, 21, 15, 17, 27, 28, 20, 31, 6, None, None, None, None, None, None, None, None, None, None, None, None]
n=5: 22725.4s, 39425572864 attempts, 167986638 affine nodes, 2 representatives; [0, 1, 2, 4, 3, 8, 13, 16, 5, 11, 27, 28, 21, 14, 17, 29, 9, 25, 22, None, None, None, None, None, None, None, None, None, None, None, None, None]
n=5: 22745.4s, 39460503552 attempts, 168125123 affine nodes, 2 representatives; [0, 1, 2, 4, 3, 8, 13, 16, 5, 11, 31, 21, 24, 6, 14, 25, 27, 18, 7, None, None, None, None, None, None, None, None, None, None, None, None, None]
n=5: 22765.4s, 39495368704 attempts, 168264186 affine nodes, 2 representatives; [0, 1, 2, 4, 3, 8, 13, 16, 5, 12, 10, 19, 28, 9, 7, 20, 6, 29, 23, None, None, None, None, None, None, None, None, None, None, None, None, None]
n=5: 22785.4s, 39530348544 attempts, 168357978 affine nodes, 2 representatives; [0, 1, 2, 4, 3, 8, 13, 16, 5, 12, 10, 27, 22, 30, 21, 23, 26, 20, None, None, None, None, None, None, None, None, None, None, None, None, None, None]
n=5: 22805.4s, 39565410304 attempts, 168470615 affine nodes, 2 representatives; [0, 1, 2, 4, 3, 8, 13, 16, 5, 12, 17, 10, 23, 25, 7, 22, 28, 15, 27, 14, None, None, None, None, None, None, None, None, None, None, None, None]
n=5: 22825.4s, 39600259072 attempts, 168608014 affine nodes, 2 representatives; [0, 1, 2, 4, 3, 8, 13, 16, 5, 12, 18, 17, 15, 19, 14, 20, 22, 28, 30, 7, None, None, None, None, None, None, None, None, None, None, None, None]
n=5: 22845.4s, 39635173376 attempts, 168745908 affine nodes, 2 representatives; [0, 1, 2, 4, 3, 8, 13, 16, 5, 12, 18, 31, 27, 9, 15, 19, 30, 22, 17, None, None, None, None, None, None, None, None, None, None, None, None, None]
n=5: 22865.4s, 39670153216 attempts, 168865625 affine nodes, 2 representatives; [0, 1, 2, 4, 3, 8, 13, 16, 5, 12, 19, 28, 21, 9, 31, 24, 15, 17, 26, 18, None, None, None, None, None, None, None, None, None, None, None, None]
n=5: 22885.4s, 39705214976 attempts, 168998299 affine nodes, 2 representatives; [0, 1, 2, 4, 3, 8, 13, 16, 5, 12, 20, 23, 15, 17, 22, 7, 31, 21, 10, 19, None, None, None, None, None, None, None, None, None, None, None, None]
n=5: 22905.4s, 39740211200 attempts, 169131378 affine nodes, 2 representatives; [0, 1, 2, 4, 3, 8, 13, 16, 5, 12, 21, 10, 27, 22, 7, 11, 15, 25, 17, None, None, None, None, None, None, None, None, None, None, None, None, None]
n=5: 22925.4s, 39775272960 attempts, 169249178 affine nodes, 2 representatives; [0, 1, 2, 4, 3, 8, 13, 16, 5, 12, 21, 26, 23, 6, 14, 17, 10, 18, 27, 7, None, None, None, None, None, None, None, None, None, None, None, None]
n=5: 22945.4s, 39810138112 attempts, 169385701 affine nodes, 2 representatives; [0, 1, 2, 4, 3, 8, 13, 16, 5, 12, 23, 11, 28, 25, 22, 20, 17, 31, 29, None, None, None, None, None, None, None, None, None, None, None, None, None]
n=5: 22965.4s, 39845249024 attempts, 169496794 affine nodes, 2 representatives; [0, 1, 2, 4, 3, 8, 13, 16, 5, 12, 23, 29, 15, 10, 7, 22, 6, 26, 17, None, None, None, None, None, None, None, None, None, None, None, None, None]
n=5: 22985.4s, 39880081408 attempts, 169592672 affine nodes, 2 representatives; [0, 1, 2, 4, 3, 8, 13, 16, 5, 12, 24, 23, 26, 14, 15, 7, 20, 11, None, None, None, None, None, None, None, None, None, None, None, None, None, None]
n=5: 23005.4s, 39914881024 attempts, 169736761 affine nodes, 2 representatives; [0, 1, 2, 4, 3, 8, 13, 16, 5, 12, 25, 26, 27, 10, 17, 7, 24, 18, 11, None, None, None, None, None, None, None, None, None, None, None, None, None]
n=5: 23025.4s, 39949778944 attempts, 169880469 affine nodes, 2 representatives; [0, 1, 2, 4, 3, 8, 13, 16, 5, 12, 26, 21, 28, 14, 17, 27, 31, 9, 23, None, None, None, None, None, None, None, None, None, None, None, None, None]
n=5: 23045.4s, 39984742400 attempts, 170007997 affine nodes, 2 representatives; [0, 1, 2, 4, 3, 8, 13, 16, 5, 12, 27, 11, 21, 18, 14, 24, 6, 26, 19, None, None, None, None, None, None, None, None, None, None, None, None, None]
n=5: 23065.4s, 40019722240 attempts, 170143638 affine nodes, 2 representatives; [0, 1, 2, 4, 3, 8, 13, 16, 5, 12, 28, 10, 31, 26, 27, 7, 20, 23, 14, None, None, None, None, None, None, None, None, None, None, None, None, None]
n=5: 23085.5s, 40054620160 attempts, 170259637 affine nodes, 2 representatives; [0, 1, 2, 4, 3, 8, 13, 16, 5, 12, 28, 30, 31, 21, 27, 11, 18, 14, 19, None, None, None, None, None, None, None, None, None, None, None, None, None]
n=5: 23105.5s, 40089518080 attempts, 170433006 affine nodes, 2 representatives; [0, 1, 2, 4, 3, 8, 13, 16, 5, 17, 9, 23, 30, 28, 12, 19, 21, 26, 24, 15, None, None, None, None, None, None, None, None, None, None, None, None]
n=5: 23125.5s, 40124481536 attempts, 170560867 affine nodes, 2 representatives; [0, 1, 2, 4, 3, 8, 13, 16, 5, 17, 10, 25, 20, 22, 23, 18, 30, 19, 9, 21, None, None, None, None, None, None, None, None, None, None, None, None]
n=5: 23145.5s, 40159543296 attempts, 170650252 affine nodes, 2 representatives; [0, 1, 2, 4, 3, 8, 13, 16, 5, 17, 10, 28, 20, 15, 31, 18, 6, 26, 14, None, None, None, None, None, None, None, None, None, None, None, None, None]
n=5: 23165.5s, 40194457600 attempts, 170788889 affine nodes, 2 representatives; [0, 1, 2, 4, 3, 8, 13, 16, 5, 17, 14, 18, 7, 10, 19, 23, 25, 11, 29, None, None, None, None, None, None, None, None, None, None, None, None, None]
n=5: 23185.5s, 40229322752 attempts, 170922184 affine nodes, 2 representatives; [0, 1, 2, 4, 3, 8, 13, 16, 5, 17, 15, 25, 26, 6, 14, 20, 31, 23, 22, 19, None, None, None, None, None, None, None, None, None, None, None, None]
n=5: 23205.5s, 40264269824 attempts, 171046064 affine nodes, 2 representatives; [0, 1, 2, 4, 3, 8, 13, 16, 5, 17, 22, 15, 30, 27, 12, 14, 28, 10, 20, 19, None, None, None, None, None, None, None, None, None, None, None, None]
n=5: 23225.5s, 40299233280 attempts, 171194006 affine nodes, 2 representatives; [0, 1, 2, 4, 3, 8, 13, 16, 5, 17, 23, 30, 15, 28, 18, 26, 31, 7, 22, None, None, None, None, None, None, None, None, None, None, None, None, None]
n=5: 23245.5s, 40334065664 attempts, 171310084 affine nodes, 2 representatives; [0, 1, 2, 4, 3, 8, 13, 16, 5, 17, 24, 23, 30, 29, 19, 6, 18, 21, 11, None, None, None, None, None, None, None, None, None, None, None, None, None]
n=5: 23265.5s, 40369029120 attempts, 171453922 affine nodes, 2 representatives; [0, 1, 2, 4, 3, 8, 13, 16, 5, 17, 25, 27, 14, 11, 10, 7, 23, 9, 30, None, None, None, None, None, None, None, None, None, None, None, None, None]
n=5: 23285.5s, 40403976192 attempts, 171602117 affine nodes, 2 representatives; [0, 1, 2, 4, 3, 8, 13, 16, 5, 17, 26, 24, 7, 27, 12, 6, 20, 25, 15, None, None, None, None, None, None, None, None, None, None, None, None, None]
n=5: 23305.5s, 40438939648 attempts, 171725763 affine nodes, 2 representatives; [0, 1, 2, 4, 3, 8, 13, 16, 5, 17, 27, 18, 7, 10, 11, 26, 25, 23, 24, None, None, None, None, None, None, None, None, None, None, None, None, None]
n=5: 23325.5s, 40473804800 attempts, 171830444 affine nodes, 2 representatives; [0, 1, 2, 4, 3, 8, 13, 16, 5, 17, 27, 25, 20, 15, 14, 31, 12, 26, 24, 21, None, None, None, None, None, None, None, None, None, None, None, None]
n=5: 23345.5s, 40508899328 attempts, 171953057 affine nodes, 2 representatives; [0, 1, 2, 4, 3, 8, 13, 16, 5, 17, 28, 27, 7, 31, 24, 11, 22, 10, 30, None, None, None, None, None, None, None, None, None, None, None, None, None]
n=5: 23365.5s, 40543879168 attempts, 172226197 affine nodes, 3 representatives; [0, 1, 2, 4, 3, 8, 13, 16, 5, 17, 30, 25, 7, 31, 24, 18, 6, 11, 20, None, None, None, None, None, None, None, None, None, None, None, None, None]
n=5: 23385.5s, 40578957312 attempts, 172327616 affine nodes, 3 representatives; [0, 1, 2, 4, 3, 8, 13, 16, 5, 17, 31, 14, 26, 20, 25, 27, 10, 9, 22, None, None, None, None, None, None, None, None, None, None, None, None, None]
n=5: 23405.5s, 40613822464 attempts, 172431702 affine nodes, 3 representatives; [0, 1, 2, 4, 3, 8, 13, 16, 5, 17, 31, 29, 9, 25, 24, 14, 6, 30, 20, None, None, None, None, None, None, None, None, None, None, None, None, None]
n=5: 23425.5s, 40648671232 attempts, 172587408 affine nodes, 3 representatives; [0, 1, 2, 4, 3, 8, 13, 16, 5, 18, 12, 11, 21, 24, 17, 25, 28, 10, 22, 20, None, None, None, None, None, None, None, None, None, None, None, None]
n=5: 23445.5s, 40683470848 attempts, 172794225 affine nodes, 3 representatives; [0, 1, 2, 4, 3, 8, 13, 16, 5, 18, 15, 29, 20, 10, 19, 22, 21, 23, 28, None, None, None, None, None, None, None, None, None, None, None, None, None]
n=5: 23465.5s, 40718401536 attempts, 173004327 affine nodes, 3 representatives; [0, 1, 2, 4, 3, 8, 13, 16, 5, 18, 24, 27, 7, 28, 6, 22, 10, 31, 25, None, None, None, None, None, None, None, None, None, None, None, None, None]
n=5: 23485.5s, 40753266688 attempts, 173208220 affine nodes, 3 representatives; [0, 1, 2, 4, 3, 8, 13, 16, 5, 18, 26, 29, 20, 11, 23, 25, 19, 28, 6, 21, None, None, None, None, None, None, None, None, None, None, None, None]
n=5: 23505.5s, 40788262912 attempts, 173371169 affine nodes, 3 representatives; [0, 1, 2, 4, 3, 8, 13, 16, 5, 18, 30, 14, 25, 10, 11, 20, 15, 6, 27, 9, None, None, None, None, None, None, None, None, None, None, None, None]
n=5: 23525.5s, 40823193600 attempts, 173547647 affine nodes, 3 representatives; [0, 1, 2, 4, 3, 8, 13, 16, 5, 19, 9, 26, 7, 24, 22, 10, 18, 30, 31, 11, None, None, None, None, None, None, None, None, None, None, None, None]
n=5: 23545.5s, 40858337280 attempts, 173666159 affine nodes, 3 representatives; [0, 1, 2, 4, 3, 8, 13, 16, 5, 19, 10, 21, 28, 22, 17, 11, 24, 29, 9, 25, None, None, None, None, None, None, None, None, None, None, None, None]
n=5: 23565.5s, 40893497344 attempts, 173760536 affine nodes, 3 representatives; [0, 1, 2, 4, 3, 8, 13, 16, 5, 19, 10, 26, 30, 9, 15, 23, 24, 21, None, None, None, None, None, None, None, None, None, None, None, None, None, None]
n=5: 23585.6s, 40928788480 attempts, 173842421 affine nodes, 3 representatives; [0, 1, 2, 4, 3, 8, 13, 16, 5, 19, 10, 31, 28, 22, 24, 27, 25, 6, 30, None, None, None, None, None, None, None, None, None, None, None, None, None]
n=5: 23605.6s, 40964014080 attempts, 173976714 affine nodes, 3 representatives; [0, 1, 2, 4, 3, 8, 13, 16, 5, 19, 14, 20, 25, 11, 21, 22, 17, 30, 18, None, None, None, None, None, None, None, None, None, None, None, None, None]
n=5: 23625.6s, 40999010304 attempts, 174115894 affine nodes, 3 representatives; [0, 1, 2, 4, 3, 8, 13, 16, 5, 19, 15, 21, 23, 27, 26, 14, 11, 12, None, None, None, None, None, None, None, None, None, None, None, None, None, None]
n=5: 23645.6s, 41033908224 attempts, 174257752 affine nodes, 3 representatives; [0, 1, 2, 4, 3, 8, 13, 16, 5, 19, 15, 31, 28, 6, 10, 20, 18, 7, 9, 12, None, None, None, None, None, None, None, None, None, None, None, None]
n=5: 23665.6s, 41068888064 attempts, 174434993 affine nodes, 3 representatives; [0, 1, 2, 4, 3, 8, 13, 16, 5, 19, 24, 15, 30, 6, 22, 28, 27, 21, 14, 20, None, None, None, None, None, None, None, None, None, None, None, None]
n=5: 23685.6s, 41103835136 attempts, 174585241 affine nodes, 3 representatives; [0, 1, 2, 4, 3, 8, 13, 16, 5, 19, 25, 26, 7, 20, 6, 28, 27, 14, None, None, None, None, None, None, None, None, None, None, None, None, None, None]
n=5: 23705.6s, 41138814976 attempts, 174695110 affine nodes, 3 representatives; [0, 1, 2, 4, 3, 8, 13, 16, 5, 19, 26, 14, 29, 24, 30, 17, 7, 20, 15, None, None, None, None, None, None, None, None, None, None, None, None, None]
n=5: 23725.6s, 41173729280 attempts, 174813589 affine nodes, 3 representatives; [0, 1, 2, 4, 3, 8, 13, 16, 5, 19, 26, 25, 29, 6, 28, 11, 30, 15, 22, None, None, None, None, None, None, None, None, None, None, None, None, None]
n=5: 23745.6s, 41208856576 attempts, 174992975 affine nodes, 3 representatives; [0, 1, 2, 4, 3, 8, 13, 16, 5, 19, 28, 21, 23, 9, 22, 27, 26, 14, 18, None, None, None, None, None, None, None, None, None, None, None, None, None]
n=5: 23765.6s, 41244000256 attempts, 175122713 affine nodes, 3 representatives; [0, 1, 2, 4, 3, 8, 13, 16, 5, 19, 30, 20, 25, 10, 26, 6, 17, 14, 27, 31, None, None, None, None, None, None, None, None, None, None, None, None]
n=5: 23785.6s, 41279062016 attempts, 175274377 affine nodes, 3 representatives; [0, 1, 2, 4, 3, 8, 13, 16, 5, 19, 31, 24, 29, 6, 23, 11, 12, 18, 28, 14, None, None, None, None, None, None, None, None, None, None, None, None]
n=5: 23805.6s, 41314107392 attempts, 175369391 affine nodes, 3 representatives; [0, 1, 2, 4, 3, 8, 13, 16, 5, 20, 9, 31, 26, 21, 14, 18, 17, None, None, None, None, None, None, None, None, None, None, None, None, None, None, None]
n=5: 23825.6s, 41349185536 attempts, 175458456 affine nodes, 3 representatives; [0, 1, 2, 4, 3, 8, 13, 16, 5, 20, 10, 24, 30, 18, 11, 31, 21, 26, 28, None, None, None, None, None, None, None, None, None, None, None, None, None]
n=5: 23845.6s, 41384378368 attempts, 175551059 affine nodes, 3 representatives; [0, 1, 2, 4, 3, 8, 13, 16, 5, 20, 10, 30, 19, 9, 21, 27, 7, 11, None, None, None, None, None, None, None, None, None, None, None, None, None, None]
n=5: 23865.6s, 41419571200 attempts, 175649042 affine nodes, 3 representatives; [0, 1, 2, 4, 3, 8, 13, 16, 5, 20, 12, 14, 23, 25, 17, 29, 18, 26, None, None, None, None, None, None, None, None, None, None, None, None, None, None]
n=5: 23885.6s, 41454632960 attempts, 175785493 affine nodes, 3 representatives; [0, 1, 2, 4, 3, 8, 13, 16, 5, 20, 14, 23, 25, 19, 10, 18, 30, 26, None, None, None, None, None, None, None, None, None, None, None, None, None, None]
n=5: 23905.6s, 41489629184 attempts, 175909281 affine nodes, 3 representatives; [0, 1, 2, 4, 3, 8, 13, 16, 5, 20, 15, 23, 24, 14, 7, 19, 28, None, None, None, None, None, None, None, None, None, None, None, None, None, None, None]
n=5: 23925.6s, 41524641792 attempts, 176002521 affine nodes, 3 representatives; [0, 1, 2, 4, 3, 8, 13, 16, 5, 20, 15, 28, 25, 11, 26, 23, 19, 29, 10, 17, None, None, None, None, None, None, None, None, None, None, None, None]
n=5: 23945.6s, 41559572480 attempts, 176114692 affine nodes, 3 representatives; [0, 1, 2, 4, 3, 8, 13, 16, 5, 20, 18, 27, 9, 14, 22, 19, 7, 31, 10, None, None, None, None, None, None, None, None, None, None, None, None, None]
n=5: 23965.6s, 41594535936 attempts, 176256696 affine nodes, 3 representatives; [0, 1, 2, 4, 3, 8, 13, 16, 5, 20, 24, 10, 31, 28, 18, 11, 9, 12, 26, None, None, None, None, None, None, None, None, None, None, None, None, None]
n=5: 23985.6s, 41629548544 attempts, 176371550 affine nodes, 3 representatives; [0, 1, 2, 4, 3, 8, 13, 16, 5, 20, 24, 27, 14, 11, 31, 6, 18, None, None, None, None, None, None, None, None, None, None, None, None, None, None, None]
n=5: 24005.7s, 41664626688 attempts, 176491906 affine nodes, 3 representatives; [0, 1, 2, 4, 3, 8, 13, 16, 5, 20, 25, 19, 30, 6, 12, 31, 15, 27, 14, 24, None, None, None, None, None, None, None, None, None, None, None, None]
n=5: 24025.7s, 41699770368 attempts, 176601511 affine nodes, 3 representatives; [0, 1, 2, 4, 3, 8, 13, 16, 5, 20, 26, 10, 31, 21, 15, 7, 17, 24, None, None, None, None, None, None, None, None, None, None, None, None, None, None]
n=5: 24045.7s, 41734668288 attempts, 176729128 affine nodes, 3 representatives; [0, 1, 2, 4, 3, 8, 13, 16, 5, 20, 26, 24, 21, 17, 29, 30, 6, 11, 18, None, None, None, None, None, None, None, None, None, None, None, None, None]
n=5: 24065.7s, 41769746432 attempts, 176852779 affine nodes, 3 representatives; [0, 1, 2, 4, 3, 8, 13, 16, 5, 20, 27, 15, 30, 26, 10, 28, 21, 14, 17, None, None, None, None, None, None, None, None, None, None, None, None, None]
n=5: 24085.7s, 41804890112 attempts, 176959997 affine nodes, 3 representatives; [0, 1, 2, 4, 3, 8, 13, 16, 5, 20, 27, 24, 7, 15, 21, 14, 29, 19, None, None, None, None, None, None, None, None, None, None, None, None, None, None]
n=5: 24105.7s, 41840230400 attempts, 177074364 affine nodes, 3 representatives; [0, 1, 2, 4, 3, 8, 13, 16, 5, 20, 28, 14, 18, 11, 17, 6, 31, 27, 21, 29, None, None, None, None, None, None, None, None, None, None, None, None]
n=5: 24125.7s, 41875521536 attempts, 177227813 affine nodes, 3 representatives; [0, 1, 2, 4, 3, 8, 13, 16, 5, 20, 30, 10, 21, 15, 22, 27, 17, 6, 28, None, None, None, None, None, None, None, None, None, None, None, None, None]
n=5: 24145.7s, 41910550528 attempts, 177359572 affine nodes, 3 representatives; [0, 1, 2, 4, 3, 8, 13, 16, 5, 20, 30, 28, 7, 24, 6, 14, 26, 10, 21, 22, None, None, None, None, None, None, None, None, None, None, None, None]
n=5: 24165.7s, 41945595904 attempts, 177491329 affine nodes, 3 representatives; [0, 1, 2, 4, 3, 8, 13, 16, 5, 20, 31, 23, 15, 11, 17, 7, 25, 6, 19, None, None, None, None, None, None, None, None, None, None, None, None, None]
n=5: 24185.7s, 41980592128 attempts, 177611639 affine nodes, 3 representatives; [0, 1, 2, 4, 3, 8, 13, 16, 5, 21, 9, 31, 18, 11, 7, 29, 20, 17, None, None, None, None, None, None, None, None, None, None, None, None, None, None]
n=5: 24205.7s, 42015703040 attempts, 177736945 affine nodes, 3 representatives; [0, 1, 2, 4, 3, 8, 13, 16, 5, 21, 12, 14, 22, 19, 27, 23, 17, 9, None, None, None, None, None, None, None, None, None, None, None, None, None, None]
n=5: 24225.7s, 42050650112 attempts, 177894704 affine nodes, 3 representatives; [0, 1, 2, 4, 3, 8, 13, 16, 5, 21, 14, 31, 22, 25, 6, 29, 19, 10, 12, None, None, None, None, None, None, None, None, None, None, None, None, None]
n=5: 24245.7s, 42085695488 attempts, 178044751 affine nodes, 3 representatives; [0, 1, 2, 4, 3, 8, 13, 16, 5, 21, 18, 31, 11, 29, 15, 30, 14, 7, 17, None, None, None, None, None, None, None, None, None, None, None, None, None]
n=5: 24265.7s, 42120724480 attempts, 178232379 affine nodes, 3 representatives; [0, 1, 2, 4, 3, 8, 13, 16, 5, 21, 25, 10, 11, 14, 6, 19, 26, 23, None, None, None, None, None, None, None, None, None, None, None, None, None, None]
n=5: 24285.7s, 42155638784 attempts, 178362418 affine nodes, 3 representatives; [0, 1, 2, 4, 3, 8, 13, 16, 5, 21, 26, 11, 19, 9, 30, 10, 27, 7, 6, None, None, None, None, None, None, None, None, None, None, None, None, None]
n=5: 24305.7s, 42190602240 attempts, 178493818 affine nodes, 3 representatives; [0, 1, 2, 4, 3, 8, 13, 16, 5, 21, 28, 10, 11, 17, 26, 22, 27, 14, 24, None, None, None, None, None, None, None, None, None, None, None, None, None]
n=5: 24325.7s, 42225713152 attempts, 178613563 affine nodes, 3 representatives; [0, 1, 2, 4, 3, 8, 13, 16, 5, 21, 28, 19, 11, 24, 10, 17, 9, 14, 23, 29, None, None, None, None, None, None, None, None, None, None, None, None]
n=5: 24345.7s, 42260709376 attempts, 178742182 affine nodes, 3 representatives; [0, 1, 2, 4, 3, 8, 13, 16, 5, 21, 31, 19, 9, 17, 23, 14, 20, 6, 30, 10, None, None, None, None, None, None, None, None, None, None, None, None]
n=5: 24365.8s, 42295574528 attempts, 178938654 affine nodes, 3 representatives; [0, 1, 2, 4, 3, 8, 13, 16, 5, 22, 15, 25, 27, 9, 31, 14, 11, 19, 17, None, None, None, None, None, None, None, None, None, None, None, None, None]
n=5: 24385.8s, 42330390528 attempts, 179191070 affine nodes, 3 representatives; [0, 1, 2, 4, 3, 8, 13, 16, 5, 22, 26, 21, 9, 18, 31, 14, 12, 19, 27, None, None, None, None, None, None, None, None, None, None, None, None, None]
n=5: 24405.8s, 42365239296 attempts, 179389835 affine nodes, 3 representatives; [0, 1, 2, 4, 3, 8, 13, 16, 5, 23, 9, 28, 25, 6, 17, 18, 20, None, None, None, None, None, None, None, None, None, None, None, None, None, None, None]
n=5: 24425.8s, 42400169984 attempts, 179542002 affine nodes, 3 representatives; [0, 1, 2, 4, 3, 8, 13, 16, 5, 23, 10, 28, 20, 27, 18, 11, 29, 30, None, None, None, None, None, None, None, None, None, None, None, None, None, None]
n=5: 24445.8s, 42435084288 attempts, 179732343 affine nodes, 3 representatives; [0, 1, 2, 4, 3, 8, 13, 16, 5, 23, 15, 20, 25, 28, 30, 11, 6, 22, 10, None, None, None, None, None, None, None, None, None, None, None, None, None]
n=5: 24465.8s, 42470031360 attempts, 179955548 affine nodes, 3 representatives; [0, 1, 2, 4, 3, 8, 13, 16, 5, 23, 24, 17, 19, 9, 28, 31, 14, 30, 20, 25, None, None, None, None, None, None, None, None, None, None, None, None]
n=5: 24485.8s, 42505011200 attempts, 180113453 affine nodes, 3 representatives; [0, 1, 2, 4, 3, 8, 13, 16, 5, 23, 25, 27, 7, 11, 28, 12, 17, 30, 24, 14, None, None, None, None, None, None, None, None, None, None, None, None]
n=5: 24505.8s, 42539876352 attempts, 180290908 affine nodes, 3 representatives; [0, 1, 2, 4, 3, 8, 13, 16, 5, 23, 27, 20, 25, 15, 14, 30, 11, 19, 24, None, None, None, None, None, None, None, None, None, None, None, None, None]
n=5: 24525.8s, 42574823424 attempts, 180488492 affine nodes, 3 representatives; [0, 1, 2, 4, 3, 8, 13, 16, 5, 23, 30, 20, 28, 15, 19, 7, 10, 14, 26, None, None, None, None, None, None, None, None, None, None, None, None, None]
n=5: 24545.8s, 42609803264 attempts, 180648131 affine nodes, 3 representatives; [0, 1, 2, 4, 3, 8, 13, 16, 5, 25, 12, 11, 30, 20, 18, 7, 14, 24, 6, 9, None, None, None, None, None, None, None, None, None, None, None, None]
n=5: 24565.8s, 42644750336 attempts, 180871034 affine nodes, 3 representatives; [0, 1, 2, 4, 3, 8, 13, 16, 5, 25, 17, 19, 30, 6, 12, 23, 15, 11, 7, 29, None, None, None, None, None, None, None, None, None, None, None, None]
n=5: 24585.8s, 42679795712 attempts, 181018642 affine nodes, 3 representatives; [0, 1, 2, 4, 3, 8, 13, 16, 5, 25, 19, 11, 29, 14, 17, 10, 26, 15, 9, None, None, None, None, None, None, None, None, None, None, None, None, None]
n=5: 24605.8s, 42714710016 attempts, 181124392 affine nodes, 3 representatives; [0, 1, 2, 4, 3, 8, 13, 16, 5, 25, 19, 31, 23, 6, 10, 14, 28, 15, 29, 26, None, None, None, None, None, None, None, None, None, None, None, None]
n=5: 24625.8s, 42749624320 attempts, 181325490 affine nodes, 3 representatives; [0, 1, 2, 4, 3, 8, 13, 16, 5, 25, 21, 31, 18, 29, 12, 26, 27, 28, 7, 11, None, None, None, None, None, None, None, None, None, None, None, None]
n=5: 24645.8s, 42784620544 attempts, 181495464 affine nodes, 3 representatives; [0, 1, 2, 4, 3, 8, 13, 16, 5, 25, 23, 26, 28, 30, 17, 11, 20, 15, 14, None, None, None, None, None, None, None, None, None, None, None, None, None]
n=5: 24665.8s, 42819633152 attempts, 181739708 affine nodes, 3 representatives; [0, 1, 2, 4, 3, 8, 13, 16, 5, 26, 10, 19, 30, 9, 21, 31, 17, 15, 29, None, None, None, None, None, None, None, None, None, None, None, None, None]
n=5: 24685.8s, 42854514688 attempts, 181933887 affine nodes, 3 representatives; [0, 1, 2, 4, 3, 8, 13, 16, 5, 26, 15, 21, 23, 11, 31, 12, 7, 9, 14, None, None, None, None, None, None, None, None, None, None, None, None, None]
n=5: 24705.8s, 42889445376 attempts, 182137076 affine nodes, 3 representatives; [0, 1, 2, 4, 3, 8, 13, 16, 5, 26, 19, 28, 21, 11, 31, 18, 15, 10, 29, None, None, None, None, None, None, None, None, None, None, None, None, None]
n=5: 24725.8s, 42924392448 attempts, 182315222 affine nodes, 3 representatives; [0, 1, 2, 4, 3, 8, 13, 16, 5, 26, 21, 11, 23, 20, 12, 6, 22, 17, 10, None, None, None, None, None, None, None, None, None, None, None, None, None]
n=5: 24745.8s, 42959241216 attempts, 182514352 affine nodes, 3 representatives; [0, 1, 2, 4, 3, 8, 13, 16, 5, 26, 23, 21, 28, 6, 12, 18, 30, 11, 25, 17, None, None, None, None, None, None, None, None, None, None, None, None]
n=5: 24765.8s, 42994221056 attempts, 182742026 affine nodes, 3 representatives; [0, 1, 2, 4, 3, 8, 13, 16, 5, 27, 12, 15, 24, 9, 21, 31, 10, 6, 11, None, None, None, None, None, None, None, None, None, None, None, None, None]
n=5: 24785.9s, 43029118976 attempts, 182935249 affine nodes, 3 representatives; [0, 1, 2, 4, 3, 8, 13, 16, 5, 27, 18, 17, 24, 9, 14, 25, 7, 19, None, None, None, None, None, None, None, None, None, None, None, None, None, None]
n=5: 24805.9s, 43064115200 attempts, 183167263 affine nodes, 3 representatives; [0, 1, 2, 4, 3, 8, 13, 16, 5, 27, 20, 28, 26, 10, 7, 11, 15, 22, None, None, None, None, None, None, None, None, None, None, None, None, None, None]
n=5: 24825.9s, 43099176960 attempts, 183304338 affine nodes, 3 representatives; [0, 1, 2, 4, 3, 8, 13, 16, 5, 27, 28, 10, 31, 14, 30, 25, 19, 15, 7, None, None, None, None, None, None, None, None, None, None, None, None, None]
n=5: 24845.9s, 43134238720 attempts, 183432742 affine nodes, 3 representatives; [0, 1, 2, 4, 3, 8, 13, 16, 5, 28, 10, 20, 29, 30, 7, 18, 17, 24, 26, None, None, None, None, None, None, None, None, None, None, None, None, None]
n=5: 24865.9s, 43169267712 attempts, 183567373 affine nodes, 3 representatives; [0, 1, 2, 4, 3, 8, 13, 16, 5, 28, 12, 20, 26, 10, 21, 22, 27, 15, 24, None, None, None, None, None, None, None, None, None, None, None, None, None]
n=5: 24885.9s, 43204149248 attempts, 183744725 affine nodes, 3 representatives; [0, 1, 2, 4, 3, 8, 13, 16, 5, 28, 18, 10, 29, 15, 23, 6, 14, 7, 21, None, None, None, None, None, None, None, None, None, None, None, None, None]
n=5: 24905.9s, 43239096320 attempts, 183882086 affine nodes, 3 representatives; [0, 1, 2, 4, 3, 8, 13, 16, 5, 28, 19, 15, 29, 6, 25, 7, 26, 30, 22, None, None, None, None, None, None, None, None, None, None, None, None, None]
n=5: 24925.9s, 43274059776 attempts, 183966251 affine nodes, 3 representatives; [0, 1, 2, 4, 3, 8, 13, 16, 5, 28, 19, 26, 27, 24, 6, 12, 14, None, None, None, None, None, None, None, None, None, None, None, None, None, None, None]
n=5: 24945.9s, 43309088768 attempts, 184123859 affine nodes, 3 representatives; [0, 1, 2, 4, 3, 8, 13, 16, 5, 28, 20, 27, 19, 6, 15, 25, 26, 24, 21, 14, None, None, None, None, None, None, None, None, None, None, None, None]
n=5: 24965.9s, 43344117760 attempts, 184245402 affine nodes, 3 representatives; [0, 1, 2, 4, 3, 8, 13, 16, 5, 28, 21, 23, 26, 9, 6, 14, 27, 12, 18, None, None, None, None, None, None, None, None, None, None, None, None, None]
n=5: 24985.9s, 43379097600 attempts, 184377571 affine nodes, 3 representatives; [0, 1, 2, 4, 3, 8, 13, 16, 5, 28, 23, 20, 29, 9, 14, 6, 18, 31, 25, None, None, None, None, None, None, None, None, None, None, None, None, None]
n=5: 25005.9s, 43414175744 attempts, 184517444 affine nodes, 3 representatives; [0, 1, 2, 4, 3, 8, 13, 16, 5, 28, 27, 19, 29, 6, 11, 20, 15, 10, 26, 22, None, None, None, None, None, None, None, None, None, None, None, None]
n=5: 25025.9s, 43449188352 attempts, 184679276 affine nodes, 3 representatives; [0, 1, 2, 4, 3, 8, 13, 16, 5, 29, 12, 11, 23, 14, 22, 26, 21, 7, 6, 28, None, None, None, None, None, None, None, None, None, None, None, None]
n=5: 25045.9s, 43484020736 attempts, 184864455 affine nodes, 3 representatives; [0, 1, 2, 4, 3, 8, 13, 16, 5, 29, 18, 11, 26, 19, 14, 24, 23, 20, None, None, None, None, None, None, None, None, None, None, None, None, None, None]
n=5: 25065.9s, 43518935040 attempts, 185019190 affine nodes, 3 representatives; [0, 1, 2, 4, 3, 8, 13, 16, 5, 29, 19, 17, 25, 21, 18, 7, 9, 30, 28, None, None, None, None, None, None, None, None, None, None, None, None, None]
n=5: 25085.9s, 43553964032 attempts, 185135299 affine nodes, 3 representatives; [0, 1, 2, 4, 3, 8, 13, 16, 5, 29, 20, 11, 26, 25, 22, 7, 18, 14, 27, None, None, None, None, None, None, None, None, None, None, None, None, None]
n=5: 25105.9s, 43588927488 attempts, 185269373 affine nodes, 3 representatives; [0, 1, 2, 4, 3, 8, 13, 16, 5, 29, 23, 20, 28, 22, 11, 7, 19, 12, 10, None, None, None, None, None, None, None, None, None, None, None, None, None]
n=5: 25125.9s, 43623809024 attempts, 185425107 affine nodes, 3 representatives; [0, 1, 2, 4, 3, 8, 13, 16, 5, 30, 10, 20, 18, 27, 19, 7, 6, 14, 22, None, None, None, None, None, None, None, None, None, None, None, None, None]
n=5: 25146.0s, 43658723328 attempts, 185644504 affine nodes, 3 representatives; [0, 1, 2, 4, 3, 8, 13, 16, 5, 30, 15, 19, 27, 25, 7, 22, 14, 17, None, None, None, None, None, None, None, None, None, None, None, None, None, None]
n=5: 25166.0s, 43693752320 attempts, 185811338 affine nodes, 3 representatives; [0, 1, 2, 4, 3, 8, 13, 16, 5, 30, 18, 17, 7, 14, 15, 10, 11, 24, 23, None, None, None, None, None, None, None, None, None, None, None, None, None]
n=5: 25186.0s, 43728715776 attempts, 185989533 affine nodes, 3 representatives; [0, 1, 2, 4, 3, 8, 13, 16, 5, 30, 20, 25, 7, 18, 10, 14, 19, 11, 27, 28, None, None, None, None, None, None, None, None, None, None, None, None]
n=5: 25206.0s, 43763826688 attempts, 186173990 affine nodes, 3 representatives; [0, 1, 2, 4, 3, 8, 13, 16, 5, 31, 10, 19, 9, 25, 23, 20, 27, 30, 15, None, None, None, None, None, None, None, None, None, None, None, None, None]
n=5: 25226.0s, 43798528000 attempts, 186454656 affine nodes, 3 representatives; [0, 1, 2, 4, 3, 8, 13, 16, 5, 31, 19, 10, 20, 15, 30, 22, 17, 9, 28, None, None, None, None, None, None, None, None, None, None, None, None, None]
n=5: 25246.0s, 43833294848 attempts, 186735356 affine nodes, 3 representatives; [0, 1, 2, 4, 3, 8, 13, 16, 5, 31, 22, 21, 28, 14, 17, 10, 30, 9, 18, None, None, None, None, None, None, None, None, None, None, None, None, None]
n=5: 25266.0s, 43868258304 attempts, 187136596 affine nodes, 3 representatives; [0, 1, 2, 4, 3, 8, 13, 16, 6, 11, 18, 12, 27, 23, 22, 19, 20, 5, 10, 26, None, None, None, None, None, None, None, None, None, None, None, None]
n=5: 25286.0s, 43903254528 attempts, 187356391 affine nodes, 3 representatives; [0, 1, 2, 4, 3, 8, 13, 16, 6, 11, 25, 17, 7, 18, 30, 15, 27, 28, 5, None, None, None, None, None, None, None, None, None, None, None, None, None]
n=5: 25306.0s, 43938168832 attempts, 187577690 affine nodes, 3 representatives; [0, 1, 2, 4, 3, 8, 13, 16, 6, 12, 17, 24, 27, 23, 31, 28, 7, 21, 25, 5, None, None, None, None, None, None, None, None, None, None, None, None]
n=5: 25326.0s, 43973263360 attempts, 187715645 affine nodes, 3 representatives; [0, 1, 2, 4, 3, 8, 13, 16, 6, 12, 19, 11, 26, 23, 22, 24, 17, 5, 27, 25, None, None, None, None, None, None, None, None, None, None, None, None]
n=5: 25346.0s, 44008439808 attempts, 187834605 affine nodes, 3 representatives; [0, 1, 2, 4, 3, 8, 13, 16, 6, 12, 20, 29, 10, 25, 9, 31, 18, 17, 27, None, None, None, None, None, None, None, None, None, 15, None, None, None]
n=5: 25366.0s, 44043436032 attempts, 187973621 affine nodes, 3 representatives; [0, 1, 2, 4, 3, 8, 13, 16, 6, 12, 24, 23, 31, 19, 20, 25, 15, 7, 14, 18, None, None, None, None, None, None, None, None, None, None, None, None]
n=5: 25386.0s, 44078448640 attempts, 188145118 affine nodes, 3 representatives; [0, 1, 2, 4, 3, 8, 13, 16, 6, 17, 11, 24, 12, 19, 25, 21, 22, 20, 9, 23, None, None, None, None, None, None, None, None, None, None, None, None]
n=5: 25406.0s, 44113264640 attempts, 188632190 affine nodes, 3 representatives; [0, 1, 2, 4, 3, 8, 13, 16, 6, 20, 24, 23, 11, 28, 29, 19, 15, 26, 21, 17, None, None, None, None, None, None, None, None, None, None, None, None]
n=5: 25426.0s, 44148113408 attempts, 189010397 affine nodes, 3 representatives; [0, 1, 2, 4, 3, 8, 13, 16, 6, 23, 24, 10, 22, 21, 30, 7, 5, 17, 19, 28, None, None, None, None, None, None, None, None, None, None, None, None]
n=5: 25446.0s, 44183060480 attempts, 189301351 affine nodes, 3 representatives; [0, 1, 2, 4, 3, 8, 13, 16, 6, 24, 20, 25, 11, 29, 12, 30, 31, 28, None, None, None, None, None, None, None, None, None, None, None, None, None, None]
n=5: 25466.0s, 44218073088 attempts, 189539775 affine nodes, 3 representatives; [0, 1, 2, 4, 3, 8, 13, 16, 6, 25, 20, 24, 7, 5, 12, 31, 15, 26, 22, None, None, None, None, None, None, None, None, None, None, None, None, None]
n=5: 25486.0s, 44252987392 attempts, 189921906 affine nodes, 3 representatives; [0, 1, 2, 4, 3, 8, 13, 16, 6, 29, 18, 26, 11, 19, 21, 31, 25, 30, 12, 9, None, None, None, None, None, None, None, None, None, None, None, None]
n=5: 25506.1s, 44287950848 attempts, 190215071 affine nodes, 3 representatives; [0, 1, 2, 4, 3, 8, 13, 16, 12, 18, 25, 17, 30, 10, 7, 14, 22, 20, 11, None, None, None, None, None, None, None, None, None, None, None, None, None]
n=5: 25526.1s, 44322832384 attempts, 190530052 affine nodes, 3 representatives; [0, 1, 2, 4, 3, 8, 13, 16, 12, 21, 28, 19, 26, 6, 23, 27, 9, 11, 30, None, None, None, None, None, None, None, None, None, None, None, None, None]
n=5: 25546.1s, 44357599232 attempts, 190861545 affine nodes, 3 representatives; [0, 1, 2, 4, 3, 8, 13, 16, 12, 23, 29, 30, 22, 10, 21, 24, 11, 5, 20, None, None, None, None, None, None, None, None, None, None, None, None, None]
n=5: 25566.1s, 44392431616 attempts, 191223998 affine nodes, 3 representatives; [0, 1, 2, 4, 3, 8, 13, 16, 17, 22, 25, 27, 19, 5, 24, 12, 30, 9, 31, None, None, None, None, None, None, None, None, None, None, None, None, None]
n=5: 25586.1s, 44427313152 attempts, 191462297 affine nodes, 3 representatives; [0, 1, 2, 4, 3, 8, 13, 16, 18, 22, 29, 26, 21, 10, 12, 28, 20, 25, 11, None, None, None, None, None, None, None, None, None, None, None, None, None]
n=5: 25606.1s, 44462112768 attempts, 192507102 affine nodes, 5 representatives; [0, 1, 2, 4, 3, 8, 16, 28, 5, 10, 29, 21, 26, 14, 18, 24, 27, 25, 12, None, None, None, None, None, None, None, None, None, None, None, None, None]
5 representatives, 10 checked witnesses; search 25615.522s
