sage sage/ea_candidates.sage --dimension 5 --cutoff 20 --output build/ea-candidates-5.json
Verifying prefix search, propagation, and sparse affine filtering...
Compiled refinement, sparse propagation, rollback, and complete n<=4 comparisons passed
n=5: 20.0s, 41451520 attempts, 19581988 affine nodes, 0 candidates; branch position 22, decisions 17, defined 22; template [0, 0, 0, 1, 0, 2, 4, 7, 0, 4, 6, 3, 8, 16, 27, 12, 0, 10, 16, 9, 12, 11, None, None, None, None, None, None, None, None, None, None]
n=5: 40.0s, 82296832 attempts, 36035238 affine nodes, 0 candidates; branch position 22, decisions 17, defined 22; template [0, 0, 0, 1, 0, 2, 4, 7, 0, 4, 6, 8, 7, 14, 16, 27, 0, 24, 27, 5, 21, 10, None, None, None, None, None, None, None, None, None, None]
n=5: 60.0s, 122519552 attempts, 50750980 affine nodes, 0 candidates; branch position 22, decisions 17, defined 22; template [0, 0, 0, 1, 0, 2, 4, 7, 0, 4, 6, 8, 7, 16, 19, 26, 0, 26, 30, 12, 12, 1, None, None, None, None, None, None, None, None, None, None]
n=5: 80.0s, 162955264 attempts, 65119672 affine nodes, 0 candidates; branch position 21, decisions 16, defined 21; template [0, 0, 0, 1, 0, 2, 4, 7, 0, 4, 6, 8, 7, 16, 27, 9, 0, 7, 30, 20, 12, None, None, None, None, None, None, None, None, None, None, None]
n=5: 100.0s, 203079680 attempts, 79679152 affine nodes, 0 candidates; branch position 23, decisions 18, defined 23; template [0, 0, 0, 1, 0, 2, 4, 7, 0, 4, 6, 8, 7, 16, 31, 26, 0, 10, 15, 20, 1, 31, 10, None, None, None, None, None, None, None, None, None]
n=5: 120.0s, 243073024 attempts, 95599252 affine nodes, 0 candidates; branch position 22, decisions 17, defined 22; template [0, 0, 0, 1, 0, 2, 4, 7, 0, 4, 6, 8, 8, 16, 1, 27, 0, 6, 16, 23, 31, 3, None, None, None, None, None, None, None, None, None, None]
n=5: 140.0s, 282066944 attempts, 109551725 affine nodes, 0 candidates; branch position 22, decisions 17, defined 22; template [0, 0, 0, 1, 0, 2, 4, 7, 0, 4, 6, 8, 8, 16, 21, 26, 0, 13, 7, 15, 5, 27, None, None, None, None, None, None, None, None, None, None]
n=5: 160.0s, 320929792 attempts, 122285625 affine nodes, 0 candidates; branch position 22, decisions 17, defined 22; template [0, 0, 0, 1, 0, 2, 4, 7, 0, 4, 6, 8, 8, 16, 29, 11, 0, 9, 23, 11, 21, 31, None, None, None, None, None, None, None, None, None, None]
n=5: 180.0s, 360022016 attempts, 136821694 affine nodes, 0 candidates; branch position 22, decisions 17, defined 22; template [0, 0, 0, 1, 0, 2, 4, 7, 0, 4, 6, 8, 11, 13, 16, 21, 0, 28, 15, 5, 23, 3, None, None, None, None, None, None, None, None, None, None]
n=5: 200.0s, 399654912 attempts, 152143590 affine nodes, 0 candidates; branch position 22, decisions 17, defined 22; template [0, 0, 0, 1, 0, 2, 4, 7, 0, 4, 6, 8, 11, 16, 12, 27, 0, 7, 16, 31, 12, 9, None, None, None, None, None, None, None, None, None, None]
n=5: 220.0s, 438796288 attempts, 165863984 affine nodes, 0 candidates; branch position 22, decisions 17, defined 22; template [0, 0, 0, 1, 0, 2, 4, 7, 0, 4, 6, 8, 11, 16, 26, 5, 0, 28, 10, 15, 5, 22, None, None, None, None, None, None, None, None, None, None]
n=5: 240.1s, 477708288 attempts, 178486519 affine nodes, 0 candidates; branch position 22, decisions 17, defined 22; template [0, 0, 0, 1, 0, 2, 4, 7, 0, 4, 6, 8, 11, 16, 31, 5, 0, 19, 3, 26, 5, 8, None, None, None, None, None, None, None, None, None, None]
n=5: 260.1s, 517095424 attempts, 192199068 affine nodes, 0 candidates; branch position 21, decisions 16, defined 21; template [0, 0, 0, 1, 0, 2, 4, 7, 0, 4, 6, 8, 13, 16, 20, 19, 0, 24, 10, 17, 15, None, None, None, None, None, None, None, None, None, None, None]
n=5: 280.1s, 555827200 attempts, 204599132 affine nodes, 0 candidates; branch position 23, decisions 18, defined 23; template [0, 0, 0, 1, 0, 2, 4, 7, 0, 4, 6, 8, 13, 16, 28, 19, 0, 27, 31, 14, 17, 23, 2, None, None, None, None, None, None, None, None, None]
n=5: 300.1s, 594837504 attempts, 218410074 affine nodes, 0 candidates; branch position 22, decisions 17, defined 22; template [0, 0, 0, 1, 0, 2, 4, 7, 0, 4, 6, 8, 14, 3, 16, 31, 0, 30, 8, 29, 13, 31, None, None, None, None, None, None, None, None, None, None]
n=5: 320.1s, 634355712 attempts, 233057167 affine nodes, 0 candidates; branch position 20, decisions 15, defined 20; template [0, 0, 0, 1, 0, 2, 4, 7, 0, 4, 6, 8, 14, 16, 19, 24, 0, 7, 10, 29, None, None, None, None, None, None, None, None, None, None, None, None]
n=5: 340.1s, 673529856 attempts, 246806963 affine nodes, 0 candidates; branch position 21, decisions 16, defined 21; template [0, 0, 0, 1, 0, 2, 4, 7, 0, 4, 6, 8, 14, 16, 26, 18, 0, 31, 15, 23, 27, None, None, None, None, None, None, None, None, None, None, None]
n=5: 360.1s, 712261632 attempts, 259567557 affine nodes, 0 candidates; branch position 23, decisions 18, defined 23; template [0, 0, 0, 1, 0, 2, 4, 7, 0, 4, 6, 8, 14, 16, 30, 27, 0, 7, 13, 5, 15, 30, 26, None, None, None, None, None, None, None, None, None]
n=5: 380.1s, 751976448 attempts, 275017743 affine nodes, 0 candidates; branch position 23, decisions 18, defined 23; template [0, 0, 0, 1, 0, 2, 4, 7, 0, 4, 6, 8, 16, 3, 14, 31, 0, 24, 9, 19, 21, 10, 23, None, None, None, None, None, None, None, None, None]
n=5: 400.1s, 791265280 attempts, 289225653 affine nodes, 0 candidates; branch position 22, decisions 17, defined 22; template [0, 0, 0, 1, 0, 2, 4, 7, 0, 4, 6, 8, 16, 3, 26, 13, 0, 27, 3, 28, 26, 8, None, None, None, None, None, None, None, None, None, None]
n=5: 420.1s, 830881792 attempts, 302459163 affine nodes, 0 candidates; branch position 22, decisions 17, defined 22; template [0, 0, 0, 1, 0, 2, 4, 7, 0, 4, 6, 8, 16, 9, 12, 19, 0, 7, 19, 30, 15, 19, None, None, None, None, None, None, None, None, None, None]
n=5: 440.1s, 870072320 attempts, 315511124 affine nodes, 0 candidates; branch position 22, decisions 17, defined 22; template [0, 0, 0, 1, 0, 2, 4, 7, 0, 4, 6, 8, 16, 9, 24, 20, 0, 15, 17, 26, 25, 8, None, None, None, None, None, None, None, None, None, None]
n=5: 460.1s, 908918784 attempts, 327801444 affine nodes, 0 candidates; branch position 20, decisions 15, defined 20; template [0, 0, 0, 1, 0, 2, 4, 7, 0, 4, 6, 8, 16, 9, 30, 27, 0, 10, 22, 30, None, None, None, None, None, None, None, None, None, None, None, None]
n=5: 480.1s, 948731904 attempts, 341791270 affine nodes, 0 candidates; branch position 23, decisions 18, defined 23; template [0, 0, 0, 1, 0, 2, 4, 7, 0, 4, 6, 8, 16, 10, 14, 31, 0, 19, 9, 12, 1, 9, 29, None, None, None, None, None, None, None, None, None]
n=5: 500.1s, 988135424 attempts, 356037843 affine nodes, 0 candidates; branch position 23, decisions 18, defined 23; template [0, 0, 0, 1, 0, 2, 4, 7, 0, 4, 6, 8, 16, 10, 24, 31, 0, 25, 14, 30, 20, 1, 23, None, None, None, None, None, None, None, None, None]
n=5: 520.1s, 1026932736 attempts, 369272003 affine nodes, 0 candidates; branch position 23, decisions 18, defined 23; template [0, 0, 0, 1, 0, 2, 4, 7, 0, 4, 6, 8, 16, 10, 30, 20, 0, 7, 26, 19, 3, 11, 27, None, None, None, None, None, None, None, None, None]
n=5: 540.1s, 1066598400 attempts, 383346308 affine nodes, 0 candidates; branch position 23, decisions 18, defined 23; template [0, 0, 0, 1, 0, 2, 4, 7, 0, 4, 6, 8, 16, 13, 14, 29, 0, 23, 24, 10, 15, 8, 20, None, None, None, None, None, None, None, None, None]
n=5: 560.1s, 1105231872 attempts, 397588257 affine nodes, 0 candidates; branch position 23, decisions 18, defined 23; template [0, 0, 0, 1, 0, 2, 4, 7, 0, 4, 6, 8, 16, 13, 25, 19, 0, 7, 29, 4, 21, 11, 14, None, None, None, None, None, None, None, None, None]
n=5: 580.1s, 1144160256 attempts, 410594591 affine nodes, 0 candidates; branch position 23, decisions 18, defined 23; template [0, 0, 0, 1, 0, 2, 4, 7, 0, 4, 6, 8, 16, 13, 31, 19, 0, 28, 16, 31, 31, 22, 6, None, None, None, None, None, None, None, None, None]
n=5: 600.1s, 1183137792 attempts, 423283656 affine nodes, 0 candidates; branch position 24, decisions 19, defined 24; template [0, 0, 0, 1, 0, 2, 4, 7, 0, 4, 6, 8, 16, 14, 24, 13, 0, 27, 2, 13, 14, 18, 1, 10, None, None, None, None, None, None, None, None]
n=5: 620.1s, 1222148096 attempts, 436849518 affine nodes, 0 candidates; branch position 21, decisions 16, defined 21; template [0, 0, 0, 1, 0, 2, 4, 7, 0, 4, 6, 8, 16, 14, 30, 5, 0, 8, 16, 29, 9, None, None, None, None, None, None, None, None, None, None, None]
n=5: 640.1s, 1260847104 attempts, 448966450 affine nodes, 0 candidates; branch position 23, decisions 18, defined 23; template [0, 0, 0, 1, 0, 2, 4, 7, 0, 4, 6, 8, 16, 21, 12, 26, 0, 16, 21, 19, 1, 8, 28, None, None, None, None, None, None, None, None, None]
n=5: 660.2s, 1299808256 attempts, 461224706 affine nodes, 0 candidates; branch position 22, decisions 17, defined 22; template [0, 0, 0, 1, 0, 2, 4, 7, 0, 4, 6, 8, 16, 21, 26, 28, 0, 23, 28, 9, 15, 25, None, None, None, None, None, None, None, None, None, None]
n=5: 680.2s, 1338130432 attempts, 474208368 affine nodes, 0 candidates; branch position 21, decisions 16, defined 21; template [0, 0, 0, 1, 0, 2, 4, 7, 0, 4, 6, 8, 16, 22, 11, 30, 0, 28, 19, 13, 3, None, None, None, None, None, None, None, None, None, None, None]
n=5: 700.2s, 1377075200 attempts, 490696563 affine nodes, 0 candidates; branch position 22, decisions 17, defined 22; template [0, 0, 0, 1, 0, 2, 4, 7, 0, 4, 6, 8, 16, 23, 9, 30, 0, 19, 10, 27, 30, 22, None, None, None, None, None, None, None, None, None, None]
n=5: 720.2s, 1415806976 attempts, 504501151 affine nodes, 0 candidates; branch position 22, decisions 17, defined 22; template [0, 0, 0, 1, 0, 2, 4, 7, 0, 4, 6, 8, 16, 23, 19, 26, 0, 27, 2, 21, 3, 12, None, None, None, None, None, None, None, None, None, None]
n=5: 740.2s, 1454817280 attempts, 518569325 affine nodes, 0 candidates; branch position 22, decisions 17, defined 22; template [0, 0, 0, 1, 0, 2, 4, 7, 0, 4, 6, 8, 16, 23, 29, 9, 0, 9, 29, 17, 20, 1, None, None, None, None, None, None, None, None, None, None]
n=5: 760.2s, 1493762048 attempts, 531208109 affine nodes, 0 candidates; branch position 22, decisions 17, defined 22; template [0, 0, 0, 1, 0, 2, 4, 7, 0, 4, 6, 8, 16, 24, 12, 21, 0, 30, 2, 23, 23, 17, None, None, None, None, None, None, None, None, None, None]
n=5: 780.2s, 1532755968 attempts, 543570308 affine nodes, 0 candidates; branch position 24, decisions 19, defined 24; template [0, 0, 0, 1, 0, 2, 4, 7, 0, 4, 6, 8, 16, 24, 29, 11, 0, 15, 11, 24, 9, 30, 18, 23, None, None, None, None, None, None, None, None]
n=5: 800.2s, 1571749888 attempts, 555960500 affine nodes, 0 candidates; branch position 22, decisions 17, defined 22; template [0, 0, 0, 1, 0, 2, 4, 7, 0, 4, 6, 8, 16, 25, 14, 9, 0, 16, 28, 13, 11, 23, None, None, None, None, None, None, None, None, None, None]
n=5: 820.2s, 1610399744 attempts, 568413620 affine nodes, 0 candidates; branch position 22, decisions 17, defined 22; template [0, 0, 0, 1, 0, 2, 4, 7, 0, 4, 6, 8, 16, 25, 29, 11, 0, 10, 26, 3, 9, 19, None, None, None, None, None, None, None, None, None, None]
n=5: 840.2s, 1649311744 attempts, 581081516 affine nodes, 0 candidates; branch position 21, decisions 16, defined 21; template [0, 0, 0, 1, 0, 2, 4, 7, 0, 4, 6, 8, 16, 26, 14, 9, 0, 31, 20, 24, 27, None, None, None, None, None, None, None, None, None, None, None]
n=5: 860.2s, 1688174592 attempts, 593618985 affine nodes, 0 candidates; branch position 23, decisions 18, defined 23; template [0, 0, 0, 1, 0, 2, 4, 7, 0, 4, 6, 8, 16, 26, 31, 9, 0, 20, 8, 15, 18, 14, 28, None, None, None, None, None, None, None, None, None]
n=5: 880.2s, 1727332352 attempts, 605980176 affine nodes, 0 candidates; branch position 22, decisions 17, defined 22; template [0, 0, 0, 1, 0, 2, 4, 7, 0, 4, 6, 8, 16, 27, 14, 19, 0, 19, 2, 14, 30, 15, None, None, None, None, None, None, None, None, None, None]
n=5: 900.2s, 1766195200 attempts, 618486632 affine nodes, 0 candidates; branch position 22, decisions 17, defined 22; template [0, 0, 0, 1, 0, 2, 4, 7, 0, 4, 6, 8, 16, 27, 31, 11, 0, 15, 18, 13, 5, 28, None, None, None, None, None, None, None, None, None, None]
n=5: 920.2s, 1805156352 attempts, 632082190 affine nodes, 0 candidates; branch position 21, decisions 16, defined 21; template [0, 0, 0, 1, 0, 2, 4, 7, 0, 4, 6, 8, 16, 28, 14, 31, 0, 29, 17, 5, 11, None, None, None, None, None, None, None, None, None, None, None]
n=5: 940.2s, 1843937280 attempts, 646460197 affine nodes, 0 candidates; branch position 22, decisions 17, defined 22; template [0, 0, 0, 1, 0, 2, 4, 7, 0, 4, 6, 8, 16, 28, 31, 20, 0, 6, 18, 29, 14, 27, None, None, None, None, None, None, None, None, None, None]
n=5: 960.2s, 1882800128 attempts, 661447118 affine nodes, 0 candidates; branch position 21, decisions 16, defined 21; template [0, 0, 0, 1, 0, 2, 4, 7, 0, 4, 6, 8, 16, 29, 18, 9, 0, 7, 23, 31, 14, None, None, None, None, None, None, None, None, None, None, None]
n=5: 980.2s, 1922088960 attempts, 677429002 affine nodes, 0 candidates; branch position 22, decisions 17, defined 22; template [0, 0, 0, 1, 0, 2, 4, 7, 0, 4, 6, 8, 16, 29, 30, 13, 0, 18, 3, 12, 12, 19, None, None, None, None, None, None, None, None, None, None]
n=5: 1000.2s, 1960951808 attempts, 690114989 affine nodes, 0 candidates; branch position 22, decisions 17, defined 22; template [0, 0, 0, 1, 0, 2, 4, 7, 0, 4, 6, 8, 16, 31, 19, 21, 0, 13, 26, 10, 1, 6, None, None, None, None, None, None, None, None, None, None]
n=5: 1020.2s, 2000175104 attempts, 706655299 affine nodes, 0 candidates; branch position 22, decisions 17, defined 22; template [0, 0, 0, 1, 0, 2, 4, 7, 0, 4, 7, 8, 8, 1, 16, 22, 0, 25, 21, 10, 16, 30, None, None, None, None, None, None, None, None, None, None]
n=5: 1040.2s, 2039545856 attempts, 722457035 affine nodes, 0 candidates; branch position 23, decisions 18, defined 23; template [0, 0, 0, 1, 0, 2, 4, 7, 0, 4, 7, 8, 8, 16, 14, 6, 0, 14, 10, 12, 22, 27, 6, None, None, None, None, None, None, None, None, None]
n=5: 1060.2s, 2078130176 attempts, 736304415 affine nodes, 0 candidates; branch position 23, decisions 18, defined 23; template [0, 0, 0, 1, 0, 2, 4, 7, 0, 4, 7, 8, 8, 16, 25, 13, 0, 10, 20, 2, 7, 28, 1, None, None, None, None, None, None, None, None, None]
n=5: 1080.2s, 2116927488 attempts, 748850945 affine nodes, 0 candidates; branch position 22, decisions 17, defined 22; template [0, 0, 0, 1, 0, 2, 4, 7, 0, 4, 7, 8, 8, 16, 30, 18, 0, 18, 16, 15, 9, 29, None, None, None, None, None, None, None, None, None, None]
n=5: 1100.2s, 2156216320 attempts, 764258001 affine nodes, 0 candidates; branch position 22, decisions 17, defined 22; template [0, 0, 0, 1, 0, 2, 4, 7, 0, 4, 7, 8, 11, 14, 16, 26, 0, 31, 26, 13, 5, 22, None, None, None, None, None, None, None, None, None, None]
n=5: 1120.2s, 2195079168 attempts, 778039003 affine nodes, 0 candidates; branch position 21, decisions 16, defined 21; template [0, 0, 0, 1, 0, 2, 4, 7, 0, 4, 7, 8, 11, 16, 20, 24, 0, 22, 26, 20, 31, None, None, None, None, None, None, None, None, None, None, None]
n=5: 1140.2s, 2233712640 attempts, 791498015 affine nodes, 0 candidates; branch position 22, decisions 17, defined 22; template [0, 0, 0, 1, 0, 2, 4, 7, 0, 4, 7, 8, 11, 16, 27, 22, 0, 19, 30, 25, 23, 27, None, None, None, None, None, None, None, None, None, None]
n=5: 1160.2s, 2272559104 attempts, 805589177 affine nodes, 0 candidates; branch position 22, decisions 17, defined 22; template [0, 0, 0, 1, 0, 2, 4, 7, 0, 4, 7, 8, 13, 10, 16, 21, 0, 14, 3, 5, 20, 30, None, None, None, None, None, None, None, None, None, None]
n=5: 1180.2s, 2311733248 attempts, 819650351 affine nodes, 0 candidates; branch position 21, decisions 16, defined 21; template [0, 0, 0, 1, 0, 2, 4, 7, 0, 4, 7, 8, 13, 16, 18, 31, 0, 26, 13, 25, 1, None, None, None, None, None, None, None, None, None, None, None]
n=5: 1200.3s, 2350579712 attempts, 833672271 affine nodes, 0 candidates; branch position 22, decisions 17, defined 22; template [0, 0, 0, 1, 0, 2, 4, 7, 0, 4, 7, 8, 13, 16, 27, 18, 0, 12, 9, 27, 15, 20, None, None, None, None, None, None, None, None, None, None]
n=5: 1220.3s, 2389262336 attempts, 846919058 affine nodes, 0 candidates; branch position 22, decisions 17, defined 22; template [0, 0, 0, 1, 0, 2, 4, 7, 0, 4, 7, 8, 13, 16, 31, 24, 0, 5, 26, 18, 3, 26, None, None, None, None, None, None, None, None, None, None]
n=5: 1240.3s, 2428174336 attempts, 860261717 affine nodes, 0 candidates; branch position 22, decisions 17, defined 22; template [0, 0, 0, 1, 0, 2, 4, 7, 0, 4, 7, 8, 14, 16, 20, 26, 0, 16, 18, 15, 5, 25, None, None, None, None, None, None, None, None, None, None]
n=5: 1260.3s, 2466562048 attempts, 872309827 affine nodes, 0 candidates; branch position 23, decisions 18, defined 23; template [0, 0, 0, 1, 0, 2, 4, 7, 0, 4, 7, 8, 14, 16, 28, 26, 0, 17, 24, 10, 15, 4, 31, None, None, None, None, None, None, None, None, None]
n=5: 1280.3s, 2505834496 attempts, 885855929 affine nodes, 0 candidates; branch position 23, decisions 18, defined 23; template [0, 0, 0, 1, 0, 2, 4, 7, 0, 4, 7, 8, 16, 1, 12, 25, 0, 27, 25, 20, 9, 14, 30, None, None, None, None, None, None, None, None, None]
n=5: 1300.3s, 2545336320 attempts, 900660409 affine nodes, 0 candidates; branch position 23, decisions 18, defined 23; template [0, 0, 0, 1, 0, 2, 4, 7, 0, 4, 7, 8, 16, 1, 24, 20, 0, 6, 24, 16, 14, 17, 20, None, None, None, None, None, None, None, None, None]
n=5: 1320.3s, 2584772608 attempts, 914730060 affine nodes, 0 candidates; branch position 22, decisions 17, defined 22; template [0, 0, 0, 1, 0, 2, 4, 7, 0, 4, 7, 8, 16, 1, 30, 18, 0, 11, 15, 23, 23, 26, None, None, None, None, None, None, None, None, None, None]
n=5: 1340.3s, 2623672754 attempts, 928776192 affine nodes, 0 candidates; branch position 18, decisions 13, defined 19; template [0, 0, 0, 1, 0, 2, 4, 7, 0, 4, 7, 8, 16, 9, 18, 25, 0, 22, 26, None, None, None, None, None, None, None, None, None, None, None, None, None]
n=5: 1360.3s, 2661957632 attempts, 942741076 affine nodes, 0 candidates; branch position 23, decisions 18, defined 23; template [0, 0, 0, 1, 0, 2, 4, 7, 0, 4, 7, 8, 16, 9, 25, 18, 0, 31, 16, 10, 25, 4, 19, None, None, None, None, None, None, None, None, None]
n=5: 1380.3s, 2700378112 attempts, 955859681 affine nodes, 0 candidates; branch position 22, decisions 17, defined 22; template [0, 0, 0, 1, 0, 2, 4, 7, 0, 4, 7, 8, 16, 9, 30, 27, 0, 29, 6, 10, 12, 6, None, None, None, None, None, None, None, None, None, None]
n=5: 1400.3s, 2738700288 attempts, 969169924 affine nodes, 0 candidates; branch position 22, decisions 17, defined 22; template [0, 0, 0, 1, 0, 2, 4, 7, 0, 4, 7, 8, 16, 10, 22, 26, 0, 23, 26, 14, 5, 3, None, None, None, None, None, None, None, None, None, None]
n=5: 1420.3s, 2776940544 attempts, 981078086 affine nodes, 0 candidates; branch position 22, decisions 17, defined 22; template [0, 0, 0, 1, 0, 2, 4, 7, 0, 4, 7, 8, 16, 10, 29, 20, 0, 14, 22, 5, 3, 26, None, None, None, None, None, None, None, None, None, None]
n=5: 1440.3s, 2815459328 attempts, 993430673 affine nodes, 0 candidates; branch position 22, decisions 17, defined 22; template [0, 0, 0, 1, 0, 2, 4, 7, 0, 4, 7, 8, 16, 13, 18, 30, 0, 10, 26, 29, 27, 21, None, None, None, None, None, None, None, None, None, None]
n=5: 1460.3s, 2853781504 attempts, 1007809667 affine nodes, 0 candidates; branch position 22, decisions 17, defined 22; template [0, 0, 0, 1, 0, 2, 4, 7, 0, 4, 7, 8, 16, 13, 25, 31, 0, 24, 3, 13, 28, 21, None, None, None, None, None, None, None, None, None, None]
n=5: 1480.3s, 2892316672 attempts, 1020589588 affine nodes, 0 candidates; branch position 21, decisions 16, defined 21; template [0, 0, 0, 1, 0, 2, 4, 7, 0, 4, 7, 8, 16, 13, 31, 20, 0, 23, 3, 5, 13, None, None, None, None, None, None, None, None, None, None, None]
n=5: 1500.3s, 2931261440 attempts, 1035134220 affine nodes, 0 candidates; branch position 23, decisions 18, defined 23; template [0, 0, 0, 1, 0, 2, 4, 7, 0, 4, 7, 8, 16, 14, 19, 27, 0, 7, 30, 16, 12, 30, 17, None, None, None, None, None, None, None, None, None]
n=5: 1520.3s, 2970173440 attempts, 1048979731 affine nodes, 0 candidates; branch position 21, decisions 16, defined 21; template [0, 0, 0, 1, 0, 2, 4, 7, 0, 4, 7, 8, 16, 14, 27, 21, 0, 25, 8, 26, 17, None, None, None, None, None, None, None, None, None, None, None]
n=5: 1540.3s, 3008610304 attempts, 1061049101 affine nodes, 0 candidates; branch position 22, decisions 17, defined 22; template [0, 0, 0, 1, 0, 2, 4, 7, 0, 4, 7, 8, 16, 21, 11, 26, 0, 27, 10, 24, 8, 30, None, None, None, None, None, None, None, None, None, None]
n=5: 1560.3s, 3047047168 attempts, 1072998003 affine nodes, 0 candidates; branch position 20, decisions 15, defined 20; template [0, 0, 0, 1, 0, 2, 4, 7, 0, 4, 7, 8, 16, 21, 25, 15, 0, 20, 10, 13, None, None, None, None, None, None, None, None, None, None, None, None]
n=5: 1580.3s, 3084877824 attempts, 1085191281 affine nodes, 0 candidates; branch position 22, decisions 17, defined 22; template [0, 0, 0, 1, 0, 2, 4, 7, 0, 4, 7, 8, 16, 22, 9, 29, 0, 29, 22, 10, 20, 24, None, None, None, None, None, None, None, None, None, None]
n=5: 1600.3s, 3122593792 attempts, 1101630636 affine nodes, 0 candidates; branch position 21, decisions 16, defined 21; template [0, 0, 0, 1, 0, 2, 4, 7, 0, 4, 7, 8, 16, 22, 18, 28, 0, 18, 31, 26, 22, None, None, None, None, None, None, None, None, None, None, None]
n=5: 1620.3s, 3160506368 attempts, 1119383625 affine nodes, 0 candidates; branch position 23, decisions 18, defined 23; template [0, 0, 0, 1, 0, 2, 4, 7, 0, 4, 7, 8, 16, 22, 27, 15, 0, 5, 16, 15, 1, 16, 14, None, None, None, None, None, None, None, None, None]
n=5: 1640.4s, 3198255104 attempts, 1133258540 affine nodes, 0 candidates; branch position 22, decisions 17, defined 22; template [0, 0, 0, 1, 0, 2, 4, 7, 0, 4, 7, 8, 16, 23, 11, 31, 0, 22, 29, 14, 18, 30, None, None, None, None, None, None, None, None, None, None]
n=5: 1660.4s, 3236233216 attempts, 1147774054 affine nodes, 0 candidates; branch position 22, decisions 17, defined 22; template [0, 0, 0, 1, 0, 2, 4, 7, 0, 4, 7, 8, 16, 23, 19, 29, 0, 9, 17, 26, 1, 18, None, None, None, None, None, None, None, None, None, None]
n=5: 1680.4s, 3274145792 attempts, 1161663635 affine nodes, 0 candidates; branch position 23, decisions 18, defined 23; template [0, 0, 0, 1, 0, 2, 4, 7, 0, 4, 7, 8, 16, 23, 29, 6, 0, 21, 16, 27, 30, 13, 21, None, None, None, None, None, None, None, None, None]
n=5: 1700.4s, 3312025600 attempts, 1173542440 affine nodes, 0 candidates; branch position 22, decisions 17, defined 22; template [0, 0, 0, 1, 0, 2, 4, 7, 0, 4, 7, 8, 16, 24, 12, 27, 0, 11, 15, 9, 10, 19, None, None, None, None, None, None, None, None, None, None]
n=5: 1720.4s, 3349495808 attempts, 1185931537 affine nodes, 0 candidates; branch position 22, decisions 17, defined 22; template [0, 0, 0, 1, 0, 2, 4, 7, 0, 4, 7, 8, 16, 24, 26, 9, 0, 21, 15, 23, 14, 30, None, None, None, None, None, None, None, None, None, None]
n=5: 1740.4s, 3387146240 attempts, 1198137353 affine nodes, 0 candidates; branch position 22, decisions 17, defined 22; template [0, 0, 0, 1, 0, 2, 4, 7, 0, 4, 7, 8, 16, 25, 14, 11, 0, 6, 20, 4, 22, 28, None, None, None, None, None, None, None, None, None, None]
n=5: 1760.4s, 3424960512 attempts, 1210902503 affine nodes, 0 candidates; branch position 21, decisions 16, defined 21; template [0, 0, 0, 1, 0, 2, 4, 7, 0, 4, 7, 8, 16, 25, 27, 15, 0, 25, 29, 23, 23, None, None, None, None, None, None, None, None, None, None, None]
n=5: 1780.4s, 3462397952 attempts, 1222704928 affine nodes, 0 candidates; branch position 22, decisions 17, defined 22; template [0, 0, 0, 1, 0, 2, 4, 7, 0, 4, 7, 8, 16, 26, 14, 21, 0, 7, 9, 31, 22, 29, None, None, None, None, None, None, None, None, None, None]
n=5: 1800.4s, 3500212224 attempts, 1234977189 affine nodes, 0 candidates; branch position 22, decisions 17, defined 22; template [0, 0, 0, 1, 0, 2, 4, 7, 0, 4, 7, 8, 16, 26, 31, 13, 0, 9, 2, 31, 13, 1, None, None, None, None, None, None, None, None, None, None]
n=5: 1820.4s, 3537600512 attempts, 1247303148 affine nodes, 0 candidates; branch position 23, decisions 18, defined 23; template [0, 0, 0, 1, 0, 2, 4, 7, 0, 4, 7, 8, 16, 27, 14, 29, 0, 31, 15, 5, 20, 12, 8, None, None, None, None, None, None, None, None, None]
n=5: 1840.4s, 3575185408 attempts, 1259336883 affine nodes, 0 candidates; branch position 22, decisions 17, defined 22; template [0, 0, 0, 1, 0, 2, 4, 7, 0, 4, 7, 8, 16, 27, 31, 21, 0, 6, 20, 11, 22, 17, None, None, None, None, None, None, None, None, None, None]
n=5: 1860.4s, 3613212672 attempts, 1273746237 affine nodes, 0 candidates; branch position 22, decisions 17, defined 22; template [0, 0, 0, 1, 0, 2, 4, 7, 0, 4, 7, 8, 16, 28, 18, 15, 0, 23, 13, 29, 15, 4, None, None, None, None, None, None, None, None, None, None]
n=5: 1880.4s, 3650945024 attempts, 1289627578 affine nodes, 0 candidates; branch position 22, decisions 17, defined 22; template [0, 0, 0, 1, 0, 2, 4, 7, 0, 4, 7, 8, 16, 28, 30, 15, 0, 6, 24, 12, 9, 16, None, None, None, None, None, None, None, None, None, None]
n=5: 1900.4s, 3688693760 attempts, 1302822214 affine nodes, 0 candidates; branch position 21, decisions 16, defined 21; template [0, 0, 0, 1, 0, 2, 4, 7, 0, 4, 7, 8, 16, 29, 18, 9, 0, 10, 17, 9, 29, None, None, None, None, None, None, None, None, None, None, None]
n=5: 1920.4s, 3726442496 attempts, 1317695294 affine nodes, 0 candidates; branch position 23, decisions 18, defined 23; template [0, 0, 0, 1, 0, 2, 4, 7, 0, 4, 7, 8, 16, 29, 25, 21, 0, 30, 15, 16, 19, 10, 24, None, None, None, None, None, None, None, None, None]
n=5: 1940.4s, 3764748288 attempts, 1330434111 affine nodes, 0 candidates; branch position 23, decisions 18, defined 23; template [0, 0, 0, 1, 0, 2, 4, 7, 0, 4, 7, 8, 16, 30, 18, 6, 0, 28, 15, 10, 10, 27, 25, None, None, None, None, None, None, None, None, None]
n=5: 1960.4s, 3803136000 attempts, 1343888010 affine nodes, 0 candidates; branch position 23, decisions 18, defined 23; template [0, 0, 0, 1, 0, 2, 4, 7, 0, 4, 8, 3, 9, 14, 16, 30, 0, 13, 23, 17, 18, 26, 24, None, None, None, None, None, None, None, None, None]
n=5: 1980.4s, 3842015232 attempts, 1357935851 affine nodes, 0 candidates; branch position 22, decisions 17, defined 22; template [0, 0, 0, 1, 0, 2, 4, 7, 0, 4, 8, 3, 9, 16, 18, 28, 0, 27, 15, 8, 1, 22, None, None, None, None, None, None, None, None, None, None]
n=5: 2000.4s, 3880321024 attempts, 1371644736 affine nodes, 0 candidates; branch position 22, decisions 17, defined 22; template [0, 0, 0, 1, 0, 2, 4, 7, 0, 4, 8, 3, 9, 16, 25, 22, 0, 22, 27, 21, 29, 27, None, None, None, None, None, None, None, None, None, None]
n=5: 2020.4s, 3918774272 attempts, 1385091168 affine nodes, 0 candidates; branch position 22, decisions 17, defined 22; template [0, 0, 0, 1, 0, 2, 4, 7, 0, 4, 8, 3, 9, 16, 31, 11, 0, 23, 31, 9, 22, 11, None, None, None, None, None, None, None, None, None, None]
n=5: 2040.4s, 3957374976 attempts, 1397799809 affine nodes, 0 candidates; branch position 22, decisions 17, defined 22; template [0, 0, 0, 1, 0, 2, 4, 7, 0, 4, 8, 3, 10, 16, 20, 18, 0, 22, 10, 26, 23, 6, None, None, None, None, None, None, None, None, None, None]
n=5: 2060.4s, 3995631616 attempts, 1410568493 affine nodes, 0 candidates; branch position 23, decisions 18, defined 23; template [0, 0, 0, 1, 0, 2, 4, 7, 0, 4, 8, 3, 10, 16, 26, 31, 0, 12, 29, 19, 1, 21, 12, None, None, None, None, None, None, None, None, None]
n=5: 2080.5s, 4034035712 attempts, 1423040064 affine nodes, 0 candidates; branch position 22, decisions 17, defined 22; template [0, 0, 0, 1, 0, 2, 4, 7, 0, 4, 8, 3, 13, 8, 16, 30, 0, 21, 24, 5, 30, 18, None, None, None, None, None, None, None, None, None, None]
n=5: 2100.5s, 4073193472 attempts, 1438098544 affine nodes, 0 candidates; branch position 21, decisions 16, defined 21; template [0, 0, 0, 1, 0, 2, 4, 7, 0, 4, 8, 3, 13, 16, 15, 28, 0, 20, 10, 4, 1, None, None, None, None, None, None, None, None, None, None, None]
n=5: 2120.5s, 4111646720 attempts, 1451919257 affine nodes, 0 candidates; branch position 22, decisions 17, defined 22; template [0, 0, 0, 1, 0, 2, 4, 7, 0, 4, 8, 3, 13, 16, 24, 31, 0, 28, 23, 15, 31, 4, None, None, None, None, None, None, None, None, None, None]
n=5: 2140.5s, 4150050816 attempts, 1465308249 affine nodes, 0 candidates; branch position 22, decisions 17, defined 22; template [0, 0, 0, 1, 0, 2, 4, 7, 0, 4, 8, 3, 13, 16, 31, 9, 0, 26, 14, 28, 1, 18, None, None, None, None, None, None, None, None, None, None]
n=5: 2160.5s, 4188684288 attempts, 1478220247 affine nodes, 0 candidates; branch position 22, decisions 17, defined 22; template [0, 0, 0, 1, 0, 2, 4, 7, 0, 4, 8, 3, 14, 16, 20, 12, 0, 9, 12, 24, 5, 19, None, None, None, None, None, None, None, None, None, None]
n=5: 2180.5s, 4227104768 attempts, 1492202970 affine nodes, 0 candidates; branch position 21, decisions 16, defined 21; template [0, 0, 0, 1, 0, 2, 4, 7, 0, 4, 8, 3, 14, 16, 26, 19, 0, 5, 10, 26, 1, None, None, None, None, None, None, None, None, None, None, None]
n=5: 2200.5s, 4265361408 attempts, 1505185715 affine nodes, 0 candidates; branch position 23, decisions 18, defined 23; template [0, 0, 0, 1, 0, 2, 4, 7, 0, 4, 8, 3, 14, 16, 31, 25, 0, 25, 3, 31, 10, 21, 28, None, None, None, None, None, None, None, None, None]
n=5: 2220.5s, 4303912960 attempts, 1519757816 affine nodes, 0 candidates; branch position 21, decisions 16, defined 21; template [0, 0, 0, 1, 0, 2, 4, 7, 0, 4, 8, 3, 16, 8, 19, 30, 0, 25, 27, 19, 5, None, None, None, None, None, None, None, None, None, None, None]
n=5: 2240.5s, 4342333440 attempts, 1532155161 affine nodes, 0 candidates; branch position 21, decisions 16, defined 21; template [0, 0, 0, 1, 0, 2, 4, 7, 0, 4, 8, 3, 16, 8, 29, 11, 0, 26, 16, 13, 7, None, None, None, None, None, None, None, None, None, None, None]
n=5: 2260.5s, 4380819456 attempts, 1545410515 affine nodes, 0 candidates; branch position 22, decisions 17, defined 22; template [0, 0, 0, 1, 0, 2, 4, 7, 0, 4, 8, 3, 16, 11, 9, 31, 0, 7, 27, 9, 17, 15, None, None, None, None, None, None, None, None, None, None]
n=5: 2280.5s, 4419354624 attempts, 1560113427 affine nodes, 0 candidates; branch position 22, decisions 17, defined 23; template [0, 0, 0, 1, 0, 2, 4, 7, 0, 4, 8, 3, 16, 11, 25, 6, 0, 23, 28, 17, 29, 12, None, 24, None, None, None, None, None, None, None, None]
n=5: 2300.5s, 4457709568 attempts, 1573467892 affine nodes, 0 candidates; branch position 24, decisions 18, defined 24; template [0, 0, 0, 1, 0, 2, 4, 7, 0, 4, 8, 3, 16, 11, 30, 9, 0, 26, 18, 11, 13, 4, 6, 8, None, None, None, None, None, None, None, None]
n=5: 2320.5s, 4496343040 attempts, 1587572564 affine nodes, 0 candidates; branch position 21, decisions 16, defined 21; template [0, 0, 0, 1, 0, 2, 4, 7, 0, 4, 8, 3, 16, 13, 15, 30, 0, 20, 25, 30, 18, None, None, None, None, None, None, None, None, None, None, None]
n=5: 2340.5s, 4534157312 attempts, 1600883652 affine nodes, 0 candidates; branch position 21, decisions 16, defined 21; template [0, 0, 0, 1, 0, 2, 4, 7, 0, 4, 8, 3, 16, 13, 25, 31, 0, 14, 10, 13, 7, None, None, None, None, None, None, None, None, None, None, None]
n=5: 2360.5s, 4571725824 attempts, 1614349692 affine nodes, 0 candidates; branch position 21, decisions 16, defined 21; template [0, 0, 0, 1, 0, 2, 4, 7, 0, 4, 8, 3, 16, 13, 30, 14, 0, 21, 2, 26, 17, None, None, None, None, None, None, None, None, None, None, None]
n=5: 2380.5s, 4609261568 attempts, 1627030595 affine nodes, 0 candidates; branch position 22, decisions 17, defined 22; template [0, 0, 0, 1, 0, 2, 4, 7, 0, 4, 8, 3, 16, 14, 19, 25, 0, 20, 28, 18, 7, 8, None, None, None, None, None, None, None, None, None, None]
n=5: 2400.5s, 4646518784 attempts, 1638393788 affine nodes, 0 candidates; branch position 22, decisions 17, defined 22; template [0, 0, 0, 1, 0, 2, 4, 7, 0, 4, 8, 3, 16, 14, 28, 18, 0, 24, 15, 21, 30, 15, None, None, None, None, None, None, None, None, None, None]
n=5: 2420.5s, 4684005376 attempts, 1650349891 affine nodes, 0 candidates; branch position 22, decisions 17, defined 22; template [0, 0, 0, 1, 0, 2, 4, 7, 0, 4, 8, 3, 16, 21, 11, 6, 0, 12, 2, 18, 13, 27, None, None, None, None, None, None, None, None, None, None]
n=5: 2440.5s, 4721410048 attempts, 1661604898 affine nodes, 0 candidates; branch position 22, decisions 17, defined 22; template [0, 0, 0, 1, 0, 2, 4, 7, 0, 4, 8, 3, 16, 21, 27, 12, 0, 10, 23, 8, 11, 17, None, None, None, None, None, None, None, None, None, None]
n=5: 2460.5s, 4758978560 attempts, 1674058888 affine nodes, 0 candidates; branch position 24, decisions 19, defined 24; template [0, 0, 0, 1, 0, 2, 4, 7, 0, 4, 8, 3, 16, 22, 9, 20, 0, 23, 3, 17, 24, 3, 6, 18, None, None, None, None, None, None, None, None]
n=5: 2480.5s, 4796497920 attempts, 1690706049 affine nodes, 0 candidates; branch position 22, decisions 17, defined 22; template [0, 0, 0, 1, 0, 2, 4, 7, 0, 4, 8, 3, 16, 22, 18, 27, 0, 15, 6, 23, 3, 28, None, None, None, None, None, None, None, None, None, None]
n=5: 2500.5s, 4834230272 attempts, 1707360551 affine nodes, 0 candidates; branch position 22, decisions 17, defined 22; template [0, 0, 0, 1, 0, 2, 4, 7, 0, 4, 8, 3, 16, 22, 29, 14, 0, 26, 11, 28, 17, 29, None, None, None, None, None, None, None, None, None, None]
n=5: 2520.5s, 4871864320 attempts, 1721161134 affine nodes, 0 candidates; branch position 22, decisions 17, defined 22; template [0, 0, 0, 1, 0, 2, 4, 7, 0, 4, 8, 3, 16, 23, 11, 26, 0, 9, 29, 15, 24, 22, None, None, None, None, None, None, None, None, None, None]
n=5: 2540.5s, 4909481984 attempts, 1735590000 affine nodes, 0 candidates; branch position 21, decisions 16, defined 21; template [0, 0, 0, 1, 0, 2, 4, 7, 0, 4, 8, 3, 16, 23, 19, 21, 0, 27, 13, 23, 20, None, None, None, None, None, None, None, None, None, None, None]
n=5: 2560.5s, 4946870272 attempts, 1749550651 affine nodes, 0 candidates; branch position 23, decisions 18, defined 23; template [0, 0, 0, 1, 0, 2, 4, 7, 0, 4, 8, 3, 16, 23, 30, 6, 0, 16, 9, 31, 20, 30, 6, None, None, None, None, None, None, None, None, None]
n=5: 2580.5s, 4984471552 attempts, 1763043245 affine nodes, 0 candidates; branch position 21, decisions 16, defined 21; template [0, 0, 0, 1, 0, 2, 4, 7, 0, 4, 8, 3, 16, 24, 11, 27, 0, 23, 9, 5, 19, None, None, None, None, None, None, None, None, None, None, None]
n=5: 2600.5s, 5022138368 attempts, 1777595108 affine nodes, 0 candidates; branch position 22, decisions 17, defined 22; template [0, 0, 0, 1, 0, 2, 4, 7, 0, 4, 8, 3, 16, 24, 22, 27, 0, 5, 27, 8, 11, 4, None, None, None, None, None, None, None, None, None, None]
n=5: 2620.6s, 5060214784 attempts, 1792169877 affine nodes, 0 candidates; branch position 23, decisions 18, defined 23; template [0, 0, 0, 1, 0, 2, 4, 7, 0, 4, 8, 3, 16, 25, 9, 31, 0, 12, 30, 25, 15, 9, 18, None, None, None, None, None, None, None, None, None]
n=5: 2640.6s, 5098192896 attempts, 1806056577 affine nodes, 0 candidates; branch position 22, decisions 17, defined 22; template [0, 0, 0, 1, 0, 2, 4, 7, 0, 4, 8, 3, 16, 25, 19, 20, 0, 25, 27, 11, 19, 1, None, None, None, None, None, None, None, None, None, None]
n=5: 2660.6s, 5136318464 attempts, 1820165078 affine nodes, 0 candidates; branch position 22, decisions 17, defined 22; template [0, 0, 0, 1, 0, 2, 4, 7, 0, 4, 8, 3, 16, 26, 2, 14, 0, 16, 2, 22, 12, 19, None, None, None, None, None, None, None, None, None, None]
n=5: 2680.6s, 5174689792 attempts, 1833022081 affine nodes, 0 candidates; branch position 22, decisions 17, defined 22; template [0, 0, 0, 1, 0, 2, 4, 7, 0, 4, 8, 3, 16, 26, 18, 20, 0, 22, 19, 27, 21, 10, None, None, None, None, None, None, None, None, None, None]
n=5: 2700.6s, 5213421568 attempts, 1846077648 affine nodes, 0 candidates; branch position 22, decisions 17, defined 22; template [0, 0, 0, 1, 0, 2, 4, 7, 0, 4, 8, 3, 16, 28, 11, 26, 0, 6, 22, 27, 30, 11, None, None, None, None, None, None, None, None, None, None]
n=5: 2720.6s, 5252546560 attempts, 1858787797 affine nodes, 0 candidates; branch position 21, decisions 16, defined 21; template [0, 0, 0, 1, 0, 2, 4, 7, 0, 4, 8, 3, 16, 28, 22, 12, 0, 9, 11, 16, 7, None, None, None, None, None, None, None, None, None, None, None]
n=5: 2740.6s, 5291655168 attempts, 1871429445 affine nodes, 0 candidates; branch position 23, decisions 18, defined 23; template [0, 0, 0, 1, 0, 2, 4, 7, 0, 4, 8, 3, 16, 29, 11, 31, 0, 31, 14, 16, 1, 24, 22, None, None, None, None, None, None, None, None, None]
n=5: 2760.6s, 5330534400 attempts, 1883654353 affine nodes, 0 candidates; branch position 23, decisions 18, defined 23; template [0, 0, 0, 1, 0, 2, 4, 7, 0, 4, 8, 3, 16, 29, 22, 14, 0, 25, 28, 22, 21, 19, 14, None, None, None, None, None, None, None, None, None]
n=5: 2780.6s, 5369921536 attempts, 1896662798 affine nodes, 0 candidates; branch position 22, decisions 17, defined 22; template [0, 0, 0, 1, 0, 2, 4, 7, 0, 4, 8, 3, 16, 30, 13, 11, 0, 30, 16, 10, 7, 16, None, None, None, None, None, None, None, None, None, None]
n=5: 2800.6s, 5408718848 attempts, 1909302808 affine nodes, 0 candidates; branch position 22, decisions 17, defined 22; template [0, 0, 0, 1, 0, 2, 4, 7, 0, 4, 8, 3, 16, 30, 27, 11, 0, 7, 31, 19, 15, 6, None, None, None, None, None, None, None, None, None, None]
n=5: 2820.6s, 5448253440 attempts, 1922183259 affine nodes, 0 candidates; branch position 21, decisions 16, defined 21; template [0, 0, 0, 1, 0, 2, 4, 7, 0, 4, 8, 3, 16, 31, 15, 9, 0, 5, 19, 20, 12, None, None, None, None, None, None, None, None, None, None, None]
n=5: 2840.6s, 5487558656 attempts, 1935131528 affine nodes, 0 candidates; branch position 22, decisions 17, defined 22; template [0, 0, 0, 1, 0, 2, 4, 7, 0, 4, 8, 3, 16, 31, 29, 9, 0, 7, 10, 31, 15, 6, None, None, None, None, None, None, None, None, None, None]
n=5: 2860.6s, 5527207936 attempts, 1951747377 affine nodes, 0 candidates; branch position 22, decisions 17, defined 22; template [0, 0, 0, 1, 0, 2, 4, 7, 0, 4, 8, 13, 14, 16, 27, 22, 0, 25, 26, 19, 24, 9, None, None, None, None, None, None, None, None, None, None]
n=5: 2880.6s, 5566562304 attempts, 1969848443 affine nodes, 0 candidates; branch position 21, decisions 16, defined 21; template [0, 0, 0, 1, 0, 2, 4, 7, 0, 4, 8, 13, 16, 8, 19, 30, 0, 16, 7, 18, 8, None, None, None, None, None, None, None, None, None, None, None]
n=5: 2900.6s, 5605376000 attempts, 1985375687 affine nodes, 0 candidates; branch position 23, decisions 18, defined 23; template [0, 0, 0, 1, 0, 2, 4, 7, 0, 4, 8, 13, 16, 8, 29, 26, 0, 10, 15, 29, 27, 23, 6, None, None, None, None, None, None, None, None, None]
n=5: 2920.6s, 5644386304 attempts, 2002062780 affine nodes, 0 candidates; branch position 21, decisions 16, defined 21; template [0, 0, 0, 1, 0, 2, 4, 7, 0, 4, 8, 13, 16, 11, 22, 6, 0, 6, 14, 31, 23, None, None, None, None, None, None, None, None, None, None, None]
n=5: 2940.6s, 5683396608 attempts, 2018754840 affine nodes, 0 candidates; branch position 23, decisions 18, defined 23; template [0, 0, 0, 1, 0, 2, 4, 7, 0, 4, 8, 13, 16, 11, 29, 18, 0, 8, 24, 20, 25, 3, 18, None, None, None, None, None, None, None, None, None]
n=5: 2960.6s, 5721571328 attempts, 2039543973 affine nodes, 1660 candidates; branch position 21, decisions 16, defined 21; template [0, 0, 0, 1, 0, 2, 4, 7, 0, 4, 8, 13, 16, 23, 18, 24, 0, 6, 18, 29, 15, None, None, None, None, None, None, None, None, None, None, None]
n=5: 2980.6s, 5759795200 attempts, 2055975240 affine nodes, 1922 candidates; branch position 22, decisions 17, defined 22; template [0, 0, 0, 1, 0, 2, 4, 7, 0, 4, 8, 13, 16, 24, 19, 14, 0, 9, 19, 28, 10, 26, None, None, None, None, None, None, None, None, None, None]
n=5: 3000.6s, 5797625856 attempts, 2071178848 affine nodes, 1922 candidates; branch position 23, decisions 18, defined 23; template [0, 0, 0, 1, 0, 2, 4, 7, 0, 4, 8, 13, 16, 25, 19, 30, 0, 20, 28, 4, 14, 6, 31, None, None, None, None, None, None, None, None, None]
n=5: 3020.6s, 5835522048 attempts, 2085466436 affine nodes, 1922 candidates; branch position 21, decisions 16, defined 21; template [0, 0, 0, 1, 0, 2, 4, 7, 0, 4, 8, 13, 16, 26, 31, 5, 0, 16, 12, 30, 7, None, None, None, None, None, None, None, None, None, None, None]
n=5: 3040.7s, 5873467392 attempts, 2100370780 affine nodes, 2091 candidates; branch position 22, decisions 17, defined 22; template [0, 0, 0, 1, 0, 2, 4, 7, 0, 4, 8, 13, 16, 28, 30, 19, 0, 7, 23, 17, 14, 29, None, None, None, None, None, None, None, None, None, None]
n=5: 3060.7s, 5912199168 attempts, 2116767781 affine nodes, 2247 candidates; branch position 21, decisions 16, defined 21; template [0, 0, 0, 1, 0, 2, 4, 7, 0, 4, 8, 14, 13, 16, 2, 28, 0, 24, 21, 5, 5, None, None, None, None, None, None, None, None, None, None, None]
n=5: 3080.7s, 5950734336 attempts, 2130529492 affine nodes, 2247 candidates; branch position 21, decisions 16, defined 21; template [0, 0, 0, 1, 0, 2, 4, 7, 0, 4, 8, 14, 13, 16, 20, 27, 0, 18, 14, 17, 31, None, None, None, None, None, None, None, None, None, None, None]
n=5: 3100.7s, 5989253120 attempts, 2144798099 affine nodes, 2247 candidates; branch position 22, decisions 17, defined 22; template [0, 0, 0, 1, 0, 2, 4, 7, 0, 4, 8, 14, 13, 16, 26, 23, 0, 27, 6, 16, 29, 26, None, None, None, None, None, None, None, None, None, None]
n=5: 3120.7s, 6027575296 attempts, 2158477072 affine nodes, 2247 candidates; branch position 21, decisions 16, defined 21; template [0, 0, 0, 1, 0, 2, 4, 7, 0, 4, 8, 14, 14, 16, 13, 23, 0, 8, 19, 24, 3, None, None, None, None, None, None, None, None, None, None, None]
n=5: 3140.7s, 6065750016 attempts, 2171805674 affine nodes, 2247 candidates; branch position 23, decisions 18, defined 23; template [0, 0, 0, 1, 0, 2, 4, 7, 0, 4, 8, 14, 14, 16, 20, 31, 0, 20, 2, 24, 16, 13, 14, None, None, None, None, None, None, None, None, None]
n=5: 3160.7s, 6103924736 attempts, 2185940902 affine nodes, 2247 candidates; branch position 22, decisions 17, defined 22; template [0, 0, 0, 1, 0, 2, 4, 7, 0, 4, 8, 14, 14, 16, 27, 18, 0, 15, 6, 23, 3, 8, None, None, None, None, None, None, None, None, None, None]
n=5: 3180.7s, 6142050304 attempts, 2199504707 affine nodes, 2247 candidates; branch position 22, decisions 17, defined 22; template [0, 0, 0, 1, 0, 2, 4, 7, 0, 4, 8, 14, 16, 8, 13, 27, 0, 11, 2, 8, 18, 1, None, None, None, None, None, None, None, None, None, None]
n=5: 3200.7s, 6180306944 attempts, 2213039832 affine nodes, 2247 candidates; branch position 21, decisions 16, defined 21; template [0, 0, 0, 1, 0, 2, 4, 7, 0, 4, 8, 14, 16, 8, 23, 25, 0, 11, 23, 8, 7, None, None, None, None, None, None, None, None, None, None, None]
n=5: 3220.7s, 6218498048 attempts, 2225303638 affine nodes, 2247 candidates; branch position 22, decisions 17, defined 22; template [0, 0, 0, 1, 0, 2, 4, 7, 0, 4, 8, 14, 16, 8, 30, 25, 0, 25, 18, 5, 24, 4, None, None, None, None, None, None, None, None, None, None]
n=5: 3240.7s, 6257049600 attempts, 2239482123 affine nodes, 2247 candidates; branch position 22, decisions 17, defined 22; template [0, 0, 0, 1, 0, 2, 4, 7, 0, 4, 8, 14, 16, 11, 19, 29, 0, 20, 28, 5, 21, 9, None, None, None, None, None, None, None, None, None, None]
n=5: 3260.7s, 6295322624 attempts, 2252266215 affine nodes, 2247 candidates; branch position 22, decisions 17, defined 22; template [0, 0, 0, 1, 0, 2, 4, 7, 0, 4, 8, 14, 16, 11, 27, 21, 0, 21, 6, 15, 10, 27, None, None, None, None, None, None, None, None, None, None]
n=5: 3280.7s, 6333743104 attempts, 2266395155 affine nodes, 2247 candidates; branch position 19, decisions 14, defined 19; template [0, 0, 0, 1, 0, 2, 4, 7, 0, 4, 8, 14, 16, 21, 1, 18, 0, 17, 24, None, None, None, None, None, None, None, None, None, None, None, None, None]
n=5: 3300.7s, 6371901440 attempts, 2281556812 affine nodes, 2842 candidates; branch position 23, decisions 18, defined 23; template [0, 0, 0, 1, 0, 2, 4, 7, 0, 4, 8, 14, 16, 23, 1, 9, 0, 24, 16, 21, 21, 9, 30, None, None, None, None, None, None, None, None, None]
n=5: 3320.7s, 6410207232 attempts, 2293734609 affine nodes, 2842 candidates; branch position 22, decisions 17, defined 22; template [0, 0, 0, 1, 0, 2, 4, 7, 0, 4, 8, 14, 16, 23, 18, 6, 0, 30, 26, 19, 7, 18, None, None, None, None, None, None, None, None, None, None]
n=5: 3340.7s, 6448381952 attempts, 2305778747 affine nodes, 2842 candidates; branch position 22, decisions 17, defined 22; template [0, 0, 0, 1, 0, 2, 4, 7, 0, 4, 8, 14, 16, 23, 30, 20, 0, 12, 17, 10, 31, 1, None, None, None, None, None, None, None, None, None, None]
n=5: 3360.7s, 6486720512 attempts, 2317871557 affine nodes, 2842 candidates; branch position 22, decisions 17, defined 22; template [0, 0, 0, 1, 0, 2, 4, 7, 0, 4, 8, 14, 16, 24, 13, 31, 0, 7, 23, 28, 25, 12, None, None, None, None, None, None, None, None, None, None]
n=5: 3380.7s, 6524747776 attempts, 2329569320 affine nodes, 2842 candidates; branch position 23, decisions 18, defined 23; template [0, 0, 0, 1, 0, 2, 4, 7, 0, 4, 8, 14, 16, 24, 27, 11, 0, 13, 7, 20, 1, 10, 21, None, None, None, None, None, None, None, None, None]
n=5: 3400.7s, 6563037184 attempts, 2341887647 affine nodes, 2842 candidates; branch position 22, decisions 17, defined 22; template [0, 0, 0, 1, 0, 2, 4, 7, 0, 4, 8, 14, 16, 25, 13, 27, 0, 31, 28, 25, 13, 16, None, None, None, None, None, None, None, None, None, None]
n=5: 3420.7s, 6601228288 attempts, 2353333098 affine nodes, 2842 candidates; branch position 23, decisions 18, defined 23; template [0, 0, 0, 1, 0, 2, 4, 7, 0, 4, 8, 14, 16, 25, 27, 11, 0, 19, 23, 26, 26, 15, 6, None, None, None, None, None, None, None, None, None]
n=5: 3440.7s, 6639665152 attempts, 2365948222 affine nodes, 2842 candidates; branch position 23, decisions 18, defined 23; template [0, 0, 0, 1, 0, 2, 4, 7, 0, 4, 8, 14, 16, 26, 13, 5, 0, 18, 22, 2, 19, 30, 10, None, None, None, None, None, None, None, None, None]
n=5: 3460.7s, 6677856256 attempts, 2377954394 affine nodes, 2842 candidates; branch position 21, decisions 16, defined 21; template [0, 0, 0, 1, 0, 2, 4, 7, 0, 4, 8, 14, 16, 26, 23, 11, 0, 27, 30, 8, 19, None, None, None, None, None, None, None, None, None, None, None]
n=5: 3480.8s, 6716080128 attempts, 2389965030 affine nodes, 2842 candidates; branch position 21, decisions 16, defined 21; template [0, 0, 0, 1, 0, 2, 4, 7, 0, 4, 8, 14, 16, 27, 2, 11, 0, 28, 25, 15, 23, None, None, None, None, None, None, None, None, None, None, None]
n=5: 3500.8s, 6754418688 attempts, 2402265565 affine nodes, 2842 candidates; branch position 21, decisions 16, defined 21; template [0, 0, 0, 1, 0, 2, 4, 7, 0, 4, 8, 14, 16, 27, 19, 25, 0, 5, 22, 31, 19, None, None, None, None, None, None, None, None, None, None, None]
n=5: 3520.8s, 6792675328 attempts, 2413917140 affine nodes, 2842 candidates; branch position 22, decisions 17, defined 22; template [0, 0, 0, 1, 0, 2, 4, 7, 0, 4, 8, 14, 16, 28, 1, 19, 0, 8, 26, 15, 23, 3, None, None, None, None, None, None, None, None, None, None]
n=5: 3540.8s, 6831046656 attempts, 2425936801 affine nodes, 2842 candidates; branch position 22, decisions 17, defined 22; template [0, 0, 0, 1, 0, 2, 4, 7, 0, 4, 8, 14, 16, 28, 19, 9, 0, 31, 11, 22, 21, 13, None, None, None, None, None, None, None, None, None, None]
n=5: 3560.8s, 6869303296 attempts, 2437452142 affine nodes, 2842 candidates; branch position 21, decisions 16, defined 21; template [0, 0, 0, 1, 0, 2, 4, 7, 0, 4, 8, 14, 16, 28, 31, 6, 0, 26, 18, 24, 9, None, None, None, None, None, None, None, None, None, None, None]
n=5: 3580.8s, 6907985920 attempts, 2449969593 affine nodes, 2842 candidates; branch position 23, decisions 18, defined 23; template [0, 0, 0, 1, 0, 2, 4, 7, 0, 4, 8, 14, 16, 29, 15, 19, 0, 5, 18, 2, 27, 18, 10, None, None, None, None, None, None, None, None, None]
n=5: 3600.8s, 6946209792 attempts, 2461249932 affine nodes, 2842 candidates; branch position 23, decisions 18, defined 23; template [0, 0, 0, 1, 0, 2, 4, 7, 0, 4, 8, 14, 16, 29, 30, 5, 0, 8, 22, 10, 26, 31, 11, None, None, None, None, None, None, None, None, None]
n=5: 3620.8s, 6984613888 attempts, 2473650139 affine nodes, 2842 candidates; branch position 21, decisions 16, defined 21; template [0, 0, 0, 1, 0, 2, 4, 7, 0, 4, 8, 14, 16, 30, 13, 18, 0, 8, 11, 27, 23, None, None, None, None, None, None, None, None, None, None, None]
n=5: 3640.8s, 7022936064 attempts, 2485373920 affine nodes, 2842 candidates; branch position 22, decisions 17, defined 22; template [0, 0, 0, 1, 0, 2, 4, 7, 0, 4, 8, 14, 16, 30, 23, 18, 0, 30, 15, 3, 18, 31, None, None, None, None, None, None, None, None, None, None]
n=5: 3660.8s, 7061291008 attempts, 2497701430 affine nodes, 2842 candidates; branch position 21, decisions 16, defined 21; template [0, 0, 0, 1, 0, 2, 4, 7, 0, 4, 8, 14, 16, 31, 2, 9, 0, 31, 27, 2, 23, None, None, None, None, None, None, None, None, None, None, None]
n=5: 3680.8s, 7099695104 attempts, 2509641276 affine nodes, 2842 candidates; branch position 22, decisions 17, defined 22; template [0, 0, 0, 1, 0, 2, 4, 7, 0, 4, 8, 14, 16, 31, 22, 11, 0, 16, 12, 19, 22, 17, None, None, None, None, None, None, None, None, None, None]
n=5: 3700.8s, 7137968128 attempts, 2521732743 affine nodes, 2842 candidates; branch position 23, decisions 18, defined 23; template [0, 0, 0, 1, 0, 2, 4, 7, 0, 4, 8, 15, 9, 16, 11, 22, 0, 27, 24, 4, 1, 10, 2, None, None, None, None, None, None, None, None, None]
n=5: 3720.8s, 7176716288 attempts, 2533932689 affine nodes, 2842 candidates; branch position 22, decisions 17, defined 22; template [0, 0, 0, 1, 0, 2, 4, 7, 0, 4, 8, 15, 9, 16, 21, 26, 0, 13, 19, 27, 24, 29, None, None, None, None, None, None, None, None, None, None]
n=5: 3740.8s, 7215300608 attempts, 2546124574 affine nodes, 2842 candidates; branch position 22, decisions 17, defined 22; template [0, 0, 0, 1, 0, 2, 4, 7, 0, 4, 8, 15, 9, 16, 29, 12, 0, 10, 21, 25, 16, 11, None, None, None, None, None, None, None, None, None, None]
n=5: 3760.8s, 7253803008 attempts, 2558005616 affine nodes, 2842 candidates; branch position 23, decisions 18, defined 23; template [0, 0, 0, 1, 0, 2, 4, 7, 0, 4, 8, 15, 10, 16, 19, 29, 0, 25, 2, 22, 13, 8, 23, None, None, None, None, None, None, None, None, None]
n=5: 3780.8s, 7292190720 attempts, 2570248746 affine nodes, 2842 candidates; branch position 23, decisions 18, defined 23; template [0, 0, 0, 1, 0, 2, 4, 7, 0, 4, 8, 15, 10, 16, 26, 18, 0, 24, 27, 21, 15, 27, 8, None, None, None, None, None, None, None, None, None]
n=5: 3800.8s, 7330758656 attempts, 2582300888 affine nodes, 2842 candidates; branch position 22, decisions 17, defined 22; template [0, 0, 0, 1, 0, 2, 4, 7, 0, 4, 8, 15, 16, 13, 18, 20, 0, 25, 3, 23, 15, 10, None, None, None, None, None, None, None, None, None, None]
n=5: 3820.8s, 7369048064 attempts, 2593863708 affine nodes, 2842 candidates; branch position 21, decisions 16, defined 21; template [0, 0, 0, 1, 0, 2, 4, 7, 0, 4, 8, 15, 16, 13, 25, 19, 0, 18, 22, 13, 27, None, None, None, None, None, None, None, None, None, None, None]
n=5: 3840.8s, 7407337472 attempts, 2605901706 affine nodes, 2842 candidates; branch position 21, decisions 16, defined 21; template [0, 0, 0, 1, 0, 2, 4, 7, 0, 4, 8, 15, 16, 13, 31, 20, 0, 28, 2, 10, 22, None, None, None, None, None, None, None, None, None, None, None]
n=5: 3860.8s, 7445790720 attempts, 2618063602 affine nodes, 2842 candidates; branch position 23, decisions 18, defined 23; template [0, 0, 0, 1, 0, 2, 4, 7, 0, 4, 8, 15, 16, 14, 22, 29, 0, 12, 24, 2, 15, 9, 16, None, None, None, None, None, None, None, None, None]
n=5: 3880.8s, 7484047360 attempts, 2629577349 affine nodes, 2842 candidates; branch position 22, decisions 17, defined 22; template [0, 0, 0, 1, 0, 2, 4, 7, 0, 4, 8, 15, 16, 14, 30, 21, 0, 26, 20, 2, 25, 9, None, None, None, None, None, None, None, None, None, None]
n=5: 3900.8s, 7522467840 attempts, 2641528164 affine nodes, 2842 candidates; branch position 22, decisions 17, defined 22; template [0, 0, 0, 1, 0, 2, 4, 7, 0, 4, 8, 15, 16, 24, 9, 27, 0, 19, 7, 29, 8, 16, None, None, None, None, None, None, None, None, None, None]
n=5: 3920.9s, 7560691712 attempts, 2653360598 affine nodes, 2842 candidates; branch position 22, decisions 17, defined 22; template [0, 0, 0, 1, 0, 2, 4, 7, 0, 4, 8, 15, 16, 24, 26, 12, 0, 6, 18, 25, 23, 11, None, None, None, None, None, None, None, None, None, None]
n=5: 3940.9s, 7598604288 attempts, 2664888266 affine nodes, 2842 candidates; branch position 22, decisions 17, defined 22; template [0, 0, 0, 1, 0, 2, 4, 7, 0, 4, 8, 15, 16, 25, 9, 20, 0, 21, 28, 13, 11, 31, None, None, None, None, None, None, None, None, None, None]
n=5: 3960.9s, 7635910656 attempts, 2676614892 affine nodes, 2842 candidates; branch position 22, decisions 17, defined 22; template [0, 0, 0, 1, 0, 2, 4, 7, 0, 4, 8, 15, 16, 25, 23, 26, 0, 29, 30, 17, 3, 11, None, None, None, None, None, None, None, None, None, None]
n=5: 3980.9s, 7673020416 attempts, 2688202099 affine nodes, 2842 candidates; branch position 22, decisions 17, defined 22; template [0, 0, 0, 1, 0, 2, 4, 7, 0, 4, 8, 15, 16, 26, 2, 19, 0, 8, 19, 31, 14, 16, None, None, None, None, None, None, None, None, None, None]
n=5: 4000.9s, 7710113792 attempts, 2700277455 affine nodes, 2842 candidates; branch position 21, decisions 16, defined 21; template [0, 0, 0, 1, 0, 2, 4, 7, 0, 4, 8, 15, 16, 26, 19, 6, 0, 22, 19, 24, 18, None, None, None, None, None, None, None, None, None, None, None]
n=5: 4020.9s, 7747141632 attempts, 2711301137 affine nodes, 2842 candidates; branch position 22, decisions 17, defined 22; template [0, 0, 0, 1, 0, 2, 4, 7, 0, 4, 8, 15, 16, 26, 31, 25, 0, 8, 2, 28, 19, 15, None, None, None, None, None, None, None, None, None, None]
n=5: 4040.9s, 7784448000 attempts, 2723089159 affine nodes, 2842 candidates; branch position 22, decisions 17, defined 22; template [0, 0, 0, 1, 0, 2, 4, 7, 0, 4, 8, 15, 16, 27, 11, 24, 0, 12, 31, 22, 29, 1, None, None, None, None, None, None, None, None, None, None]
n=5: 4060.9s, 7821557760 attempts, 2734535008 affine nodes, 2842 candidates; branch position 22, decisions 17, defined 22; template [0, 0, 0, 1, 0, 2, 4, 7, 0, 4, 8, 15, 16, 27, 30, 12, 0, 10, 26, 22, 24, 13, None, None, None, None, None, None, None, None, None, None]
n=5: 4080.9s, 7858765824 attempts, 2746167206 affine nodes, 2842 candidates; branch position 21, decisions 16, defined 21; template [0, 0, 0, 1, 0, 2, 4, 7, 0, 4, 8, 15, 16, 28, 9, 26, 0, 8, 19, 22, 30, None, None, None, None, None, None, None, None, None, None, None]
n=5: 4100.9s, 7895957504 attempts, 2757915666 affine nodes, 2842 candidates; branch position 22, decisions 17, defined 22; template [0, 0, 0, 1, 0, 2, 4, 7, 0, 4, 8, 15, 16, 28, 25, 5, 0, 17, 18, 2, 9, 31, None, None, None, None, None, None, None, None, None, None]
n=5: 4120.9s, 7933034496 attempts, 2769268907 affine nodes, 2842 candidates; branch position 21, decisions 16, defined 21; template [0, 0, 0, 1, 0, 2, 4, 7, 0, 4, 8, 15, 16, 29, 2, 20, 0, 23, 25, 17, 24, None, None, None, None, None, None, None, None, None, None, None]
n=5: 4140.9s, 7970127872 attempts, 2781073740 affine nodes, 2842 candidates; branch position 22, decisions 17, defined 22; template [0, 0, 0, 1, 0, 2, 4, 7, 0, 4, 8, 15, 16, 29, 22, 30, 0, 9, 10, 28, 15, 18, None, None, None, None, None, None, None, None, None, None]
n=5: 4160.9s, 8007155712 attempts, 2792708979 affine nodes, 2842 candidates; branch position 22, decisions 17, defined 22; template [0, 0, 0, 1, 0, 2, 4, 7, 0, 4, 8, 15, 16, 30, 1, 20, 0, 10, 9, 16, 19, 15, None, None, None, None, None, None, None, None, None, None]
n=5: 4180.9s, 8044298240 attempts, 2804444405 affine nodes, 2842 candidates; branch position 21, decisions 16, defined 21; template [0, 0, 0, 1, 0, 2, 4, 7, 0, 4, 8, 15, 16, 30, 19, 24, 0, 13, 14, 30, 20, None, None, None, None, None, None, None, None, None, None, None]
n=5: 4200.9s, 8081358848 attempts, 2816168257 affine nodes, 2842 candidates; branch position 22, decisions 17, defined 22; template [0, 0, 0, 1, 0, 2, 4, 7, 0, 4, 8, 15, 16, 30, 29, 20, 0, 23, 21, 16, 19, 27, None, None, None, None, None, None, None, None, None, None]
n=5: 4220.9s, 8118681600 attempts, 2828166796 affine nodes, 2842 candidates; branch position 22, decisions 17, defined 22; template [0, 0, 0, 1, 0, 2, 4, 7, 0, 4, 8, 15, 16, 31, 11, 29, 0, 18, 15, 31, 14, 23, None, None, None, None, None, None, None, None, None, None]
n=5: 4240.9s, 8155660288 attempts, 2839914162 affine nodes, 2842 candidates; branch position 22, decisions 17, defined 22; template [0, 0, 0, 1, 0, 2, 4, 7, 0, 4, 8, 15, 16, 31, 28, 18, 0, 28, 3, 10, 22, 16, None, None, None, None, None, None, None, None, None, None]
n=5: 4260.9s, 8193736704 attempts, 2853329489 affine nodes, 2842 candidates; branch position 22, decisions 17, defined 22; template [0, 0, 0, 1, 0, 2, 4, 7, 0, 4, 8, 16, 9, 18, 22, 17, 0, 16, 7, 18, 13, 31, None, None, None, None, None, None, None, None, None, None]
n=5: 4280.9s, 8232009728 attempts, 2868592316 affine nodes, 3944 candidates; branch position 21, decisions 16, defined 22; template [0, 0, 0, 1, 0, 2, 4, 7, 0, 4, 8, 16, 9, 18, 28, 12, 0, 25, 15, 27, 10, None, None, None, None, None, None, 21, None, None, None, None]
n=5: 4300.9s, 8270200832 attempts, 2881151399 affine nodes, 3944 candidates; branch position 23, decisions 18, defined 23; template [0, 0, 0, 1, 0, 2, 4, 7, 0, 4, 8, 16, 9, 21, 22, 6, 0, 31, 29, 24, 15, 30, 9, None, None, None, None, None, None, None, None, None]
n=5: 4320.9s, 8308424704 attempts, 2893321711 affine nodes, 3944 candidates; branch position 23, decisions 18, defined 23; template [0, 0, 0, 1, 0, 2, 4, 7, 0, 4, 8, 16, 9, 21, 28, 23, 0, 8, 16, 2, 11, 16, 24, None, None, None, None, None, None, None, None, None]
n=5: 4340.9s, 8346763264 attempts, 2906128029 affine nodes, 3944 candidates; branch position 23, decisions 18, defined 23; template [0, 0, 0, 1, 0, 2, 4, 7, 0, 4, 8, 16, 9, 22, 19, 6, 0, 6, 15, 19, 24, 12, 21, None, None, None, None, None, None, None, None, None]
n=5: 4361.0s, 8385167360 attempts, 2918113242 affine nodes, 3944 candidates; branch position 21, decisions 16, defined 21; template [0, 0, 0, 1, 0, 2, 4, 7, 0, 4, 8, 16, 9, 22, 27, 17, 0, 22, 30, 25, 12, None, None, None, None, None, None, None, None, None, None, None]
n=5: 4381.0s, 8423948288 attempts, 2930634786 affine nodes, 3944 candidates; branch position 20, decisions 15, defined 20; template [0, 0, 0, 1, 0, 2, 4, 7, 0, 4, 8, 16, 9, 24, 15, 21, 0, 18, 17, 29, None, None, None, None, None, None, None, None, None, None, None, None]
n=5: 4401.0s, 8463056896 attempts, 2943215831 affine nodes, 3944 candidates; branch position 22, decisions 17, defined 22; template [0, 0, 0, 1, 0, 2, 4, 7, 0, 4, 8, 16, 9, 24, 27, 19, 0, 21, 17, 14, 1, 12, None, None, None, None, None, None, None, None, None, None]
n=5: 4421.0s, 8501936128 attempts, 2955236814 affine nodes, 3944 candidates; branch position 21, decisions 16, defined 21; template [0, 0, 0, 1, 0, 2, 4, 7, 0, 4, 8, 16, 9, 25, 19, 6, 0, 17, 13, 19, 25, None, None, None, None, None, None, None, None, None, None, None]
n=5: 4441.0s, 8541339648 attempts, 2967220759 affine nodes, 3944 candidates; branch position 20, decisions 15, defined 20; template [0, 0, 0, 1, 0, 2, 4, 7, 0, 4, 8, 16, 9, 25, 27, 30, 0, 11, 3, 17, None, None, None, None, None, None, None, None, None, None, None, None]
n=5: 4461.0s, 8579842048 attempts, 2978799073 affine nodes, 3944 candidates; branch position 23, decisions 18, defined 23; template [0, 0, 0, 1, 0, 2, 4, 7, 0, 4, 8, 16, 9, 26, 19, 24, 0, 27, 24, 10, 3, 20, 14, None, None, None, None, None, None, None, None, None]
n=5: 4481.0s, 8618508288 attempts, 2990538439 affine nodes, 3944 candidates; branch position 23, decisions 18, defined 23; template [0, 0, 0, 1, 0, 2, 4, 7, 0, 4, 8, 16, 9, 26, 31, 6, 0, 29, 21, 4, 27, 1, 8, None, None, None, None, None, None, None, None, None]
n=5: 4501.0s, 8657846272 attempts, 3003046192 affine nodes, 3944 candidates; branch position 22, decisions 17, defined 22; template [0, 0, 0, 1, 0, 2, 4, 7, 0, 4, 8, 16, 9, 27, 22, 28, 0, 6, 23, 24, 13, 23, None, None, None, None, None, None, None, None, None, None]
n=5: 4521.0s, 8697102336 attempts, 3016464044 affine nodes, 3944 candidates; branch position 22, decisions 17, defined 22; template [0, 0, 0, 1, 0, 2, 4, 7, 0, 4, 8, 16, 9, 28, 15, 17, 0, 7, 12, 27, 14, 4, None, None, None, None, None, None, None, None, None, None]
n=5: 4541.0s, 8736145408 attempts, 3030214657 affine nodes, 3944 candidates; branch position 22, decisions 17, defined 22; template [0, 0, 0, 1, 0, 2, 4, 7, 0, 4, 8, 16, 9, 28, 24, 6, 0, 22, 24, 9, 12, 24, None, None, None, None, None, None, None, None, None, None]
n=5: 4561.0s, 8774696960 attempts, 3043609793 affine nodes, 3944 candidates; branch position 23, decisions 18, defined 23; template [0, 0, 0, 1, 0, 2, 4, 7, 0, 4, 8, 16, 9, 29, 11, 30, 0, 15, 17, 2, 12, 17, 28, None, None, None, None, None, None, None, None, None]
n=5: 4581.0s, 8813379584 attempts, 3055760014 affine nodes, 3944 candidates; branch position 22, decisions 17, defined 22; template [0, 0, 0, 1, 0, 2, 4, 7, 0, 4, 8, 16, 9, 29, 24, 19, 0, 23, 24, 29, 7, 22, None, None, None, None, None, None, None, None, None, None]
n=5: 4601.0s, 8851931136 attempts, 3067966515 affine nodes, 3944 candidates; branch position 21, decisions 16, defined 21; template [0, 0, 0, 1, 0, 2, 4, 7, 0, 4, 8, 16, 9, 30, 15, 21, 0, 7, 29, 23, 8, None, None, None, None, None, None, None, None, None, None, None]
n=5: 4621.0s, 8890466304 attempts, 3080129264 affine nodes, 3944 candidates; branch position 22, decisions 17, defined 22; template [0, 0, 0, 1, 0, 2, 4, 7, 0, 4, 8, 16, 9, 30, 26, 17, 0, 12, 3, 17, 29, 27, None, None, None, None, None, None, None, None, None, None]
n=5: 4641.0s, 8928837632 attempts, 3092053600 affine nodes, 3944 candidates; branch position 22, decisions 17, defined 22; template [0, 0, 0, 1, 0, 2, 4, 7, 0, 4, 8, 16, 9, 31, 20, 17, 0, 27, 7, 20, 17, 12, None, None, None, None, None, None, None, None, None, None]
n=5: 4661.0s, 8967225344 attempts, 3103694682 affine nodes, 3944 candidates; branch position 22, decisions 17, defined 22; template [0, 0, 0, 1, 0, 2, 4, 7, 0, 4, 8, 16, 13, 17, 11, 24, 0, 18, 26, 4, 22, 25, None, None, None, None, None, None, None, None, None, None]
n=5: 4681.0s, 9005629440 attempts, 3116481784 affine nodes, 3944 candidates; branch position 22, decisions 17, defined 22; template [0, 0, 0, 1, 0, 2, 4, 7, 0, 4, 8, 16, 13, 17, 24, 14, 0, 15, 26, 8, 3, 4, None, None, None, None, None, None, None, None, None, None]
n=5: 4701.0s, 9043820544 attempts, 3128418947 affine nodes, 3944 candidates; branch position 23, decisions 18, defined 23; template [0, 0, 0, 1, 0, 2, 4, 7, 0, 4, 8, 16, 13, 17, 31, 9, 0, 30, 15, 29, 22, 27, 8, None, None, None, None, None, None, None, None, None]
n=5: 4721.0s, 9082339328 attempts, 3140914936 affine nodes, 3944 candidates; branch position 22, decisions 17, defined 22; template [0, 0, 0, 1, 0, 2, 4, 7, 0, 4, 8, 16, 13, 18, 22, 24, 0, 5, 17, 2, 10, 31, None, None, None, None, None, None, None, None, None, None]
n=5: 4741.0s, 9120694272 attempts, 3153102473 affine nodes, 3944 candidates; branch position 23, decisions 18, defined 23; template [0, 0, 0, 1, 0, 2, 4, 7, 0, 4, 8, 16, 13, 18, 29, 9, 0, 9, 29, 10, 5, 21, 9, None, None, None, None, None, None, None, None, None]
n=5: 4761.1s, 9159147520 attempts, 3167313005 affine nodes, 3944 candidates; branch position 21, decisions 16, defined 21; template [0, 0, 0, 1, 0, 2, 4, 7, 0, 4, 8, 16, 13, 22, 19, 14, 0, 31, 27, 10, 1, None, None, None, None, None, None, None, None, None, None, None]
n=5: 4781.1s, 9197682688 attempts, 3182698151 affine nodes, 3944 candidates; branch position 22, decisions 17, defined 22; template [0, 0, 0, 1, 0, 2, 4, 7, 0, 4, 8, 16, 13, 22, 29, 9, 0, 31, 10, 20, 28, 12, None, None, None, None, None, None, None, None, None, None]
n=5: 4801.1s, 9236168704 attempts, 3197036809 affine nodes, 3944 candidates; branch position 23, decisions 18, defined 23; template [0, 0, 0, 1, 0, 2, 4, 7, 0, 4, 8, 16, 13, 24, 15, 30, 0, 18, 22, 2, 20, 19, 6, None, None, None, None, None, None, None, None, None]
n=5: 4821.1s, 9274408960 attempts, 3209972592 affine nodes, 3944 candidates; branch position 23, decisions 18, defined 23; template [0, 0, 0, 1, 0, 2, 4, 7, 0, 4, 8, 16, 13, 24, 26, 31, 0, 26, 19, 3, 3, 31, 18, None, None, None, None, None, None, None, None, None]
n=5: 4841.1s, 9312780288 attempts, 3223319696 affine nodes, 3944 candidates; branch position 21, decisions 16, defined 21; template [0, 0, 0, 1, 0, 2, 4, 7, 0, 4, 8, 16, 13, 25, 15, 9, 0, 15, 23, 25, 11, None, None, None, None, None, None, None, None, None, None, None]
n=5: 4861.1s, 9351086080 attempts, 3236823636 affine nodes, 3944 candidates; branch position 20, decisions 15, defined 20; template [0, 0, 0, 1, 0, 2, 4, 7, 0, 4, 8, 16, 13, 25, 22, 30, 0, 14, 12, 31, None, None, None, None, None, None, None, None, None, None, None, None]
n=5: 4881.1s, 9389326336 attempts, 3250105534 affine nodes, 3944 candidates; branch position 22, decisions 17, defined 22; template [0, 0, 0, 1, 0, 2, 4, 7, 0, 4, 8, 16, 13, 26, 11, 21, 0, 22, 27, 29, 21, 10, None, None, None, None, None, None, None, None, None, None]
n=5: 4901.1s, 9427517440 attempts, 3262312252 affine nodes, 3944 candidates; branch position 22, decisions 17, defined 22; template [0, 0, 0, 1, 0, 2, 4, 7, 0, 4, 8, 16, 13, 26, 24, 9, 0, 5, 22, 31, 11, 16, None, None, None, None, None, None, None, None, None, None]
n=5: 4921.1s, 9465839616 attempts, 3275056657 affine nodes, 3944 candidates; branch position 23, decisions 17, defined 23; template [0, 0, 0, 1, 0, 2, 4, 7, 0, 4, 8, 16, 13, 27, 17, 28, 0, 27, 12, 25, 19, 3, 29, None, None, None, None, None, None, None, None, None]
n=5: 4941.1s, 9504014336 attempts, 3286984008 affine nodes, 3944 candidates; branch position 22, decisions 17, defined 22; template [0, 0, 0, 1, 0, 2, 4, 7, 0, 4, 8, 16, 13, 27, 30, 21, 0, 13, 6, 10, 20, 30, None, None, None, None, None, None, None, None, None, None]
n=5: 4961.1s, 9542615040 attempts, 3300475160 affine nodes, 3944 candidates; branch position 22, decisions 17, defined 22; template [0, 0, 0, 1, 0, 2, 4, 7, 0, 4, 8, 16, 13, 28, 17, 30, 0, 13, 27, 11, 7, 24, None, None, None, None, None, None, None, None, None, None]
n=5: 4981.1s, 9581215744 attempts, 3314162934 affine nodes, 3944 candidates; branch position 22, decisions 17, defined 22; template [0, 0, 0, 1, 0, 2, 4, 7, 0, 4, 8, 16, 13, 28, 24, 31, 0, 25, 27, 19, 8, 13, None, None, None, None, None, None, None, None, None, None]
n=5: 5001.1s, 9619619840 attempts, 3326715366 affine nodes, 3944 candidates; branch position 22, decisions 17, defined 22; template [0, 0, 0, 1, 0, 2, 4, 7, 0, 4, 8, 16, 13, 29, 19, 26, 0, 7, 15, 27, 3, 20, None, None, None, None, None, None, None, None, None, None]
n=5: 5021.1s, 9658105856 attempts, 3339232102 affine nodes, 3944 candidates; branch position 21, decisions 16, defined 21; template [0, 0, 0, 1, 0, 2, 4, 7, 0, 4, 8, 16, 13, 29, 31, 6, 0, 12, 25, 19, 10, None, None, None, None, None, None, None, None, None, None, None]
n=5: 5041.1s, 9696641024 attempts, 3352046528 affine nodes, 3944 candidates; branch position 22, decisions 17, defined 23; template [0, 0, 0, 1, 0, 2, 4, 7, 0, 4, 8, 16, 13, 30, 19, 25, 0, 13, 9, 28, 3, 26, None, 20, None, None, None, None, None, None, None, None]
n=5: 5061.1s, 9735438336 attempts, 3366428218 affine nodes, 3944 candidates; branch position 21, decisions 16, defined 21; template [0, 0, 0, 1, 0, 2, 4, 7, 0, 4, 8, 16, 13, 30, 28, 17, 0, 21, 13, 31, 22, None, None, None, None, None, None, None, None, None, None, None]
n=5: 5081.1s, 9773957120 attempts, 3379021363 affine nodes, 3944 candidates; branch position 22, decisions 17, defined 22; template [0, 0, 0, 1, 0, 2, 4, 7, 0, 4, 8, 16, 13, 31, 22, 9, 0, 6, 13, 28, 31, 18, None, None, None, None, None, None, None, None, None, None]
n=5: 5101.1s, 9812459520 attempts, 3391418613 affine nodes, 3944 candidates; branch position 22, decisions 17, defined 22; template [0, 0, 0, 1, 0, 2, 4, 7, 0, 4, 8, 16, 13, 31, 29, 21, 0, 31, 6, 8, 7, 16, None, None, None, None, None, None, None, None, None, None]
n=5: 5121.1s, 9851453440 attempts, 3408042269 affine nodes, 3944 candidates; branch position 21, decisions 16, defined 21; template [0, 0, 0, 1, 0, 2, 4, 7, 0, 4, 8, 16, 16, 11, 19, 27, 0, 5, 28, 14, 8, None, None, None, None, None, None, None, None, None, None, None]
n=5: 5141.1s, 9890267136 attempts, 3422429185 affine nodes, 3944 candidates; branch position 22, decisions 17, defined 22; template [0, 0, 0, 1, 0, 2, 4, 7, 0, 4, 8, 16, 16, 11, 30, 24, 0, 9, 17, 30, 1, 4, None, None, None, None, None, None, None, None, None, None]
n=5: 5161.1s, 9928900608 attempts, 3436378188 affine nodes, 3944 candidates; branch position 22, decisions 17, defined 22; template [0, 0, 0, 1, 0, 2, 4, 7, 0, 4, 8, 16, 16, 13, 19, 24, 0, 5, 23, 29, 1, 8, None, None, None, None, None, None, None, None, None, None]
n=5: 5181.1s, 9967337472 attempts, 3448296639 affine nodes, 3944 candidates; branch position 19, decisions 14, defined 19; template [0, 0, 0, 1, 0, 2, 4, 7, 0, 4, 8, 16, 16, 13, 30, 14, 0, 5, 10, None, None, None, None, None, None, None, None, None, None, None, None, None]
n=5: 5201.1s, 10005921792 attempts, 3460555068 affine nodes, 3944 candidates; branch position 22, decisions 17, defined 22; template [0, 0, 0, 1, 0, 2, 4, 7, 0, 4, 8, 16, 16, 14, 13, 31, 0, 9, 3, 30, 8, 27, None, None, None, None, None, None, None, None, None, None]
n=5: 5221.2s, 10044489728 attempts, 3473638705 affine nodes, 3944 candidates; branch position 23, decisions 18, defined 23; template [0, 0, 0, 1, 0, 2, 4, 7, 0, 4, 8, 16, 16, 14, 27, 9, 0, 6, 29, 9, 31, 8, 22, None, None, None, None, None, None, None, None, None]
n=5: 5241.2s, 10082992128 attempts, 3486202581 affine nodes, 3944 candidates; branch position 22, decisions 17, defined 22; template [0, 0, 0, 1, 0, 2, 4, 7, 0, 4, 8, 16, 16, 24, 9, 6, 0, 5, 22, 15, 19, 29, None, None, None, None, None, None, None, None, None, None]
n=5: 5261.2s, 10120871936 attempts, 3499049273 affine nodes, 3944 candidates; branch position 23, decisions 18, defined 23; template [0, 0, 0, 1, 0, 2, 4, 7, 0, 4, 8, 16, 16, 24, 22, 19, 0, 7, 25, 5, 9, 26, 18, None, None, None, None, None, None, None, None, None]
n=5: 5281.2s, 10159112192 attempts, 3512544655 affine nodes, 3944 candidates; branch position 22, decisions 17, defined 22; template [0, 0, 0, 1, 0, 2, 4, 7, 0, 4, 8, 16, 16, 25, 1, 31, 0, 27, 12, 4, 19, 24, None, None, None, None, None, None, None, None, None, None]
n=5: 5301.2s, 10197417984 attempts, 3525554292 affine nodes, 3944 candidates; branch position 22, decisions 17, defined 22; template [0, 0, 0, 1, 0, 2, 4, 7, 0, 4, 8, 16, 16, 25, 19, 6, 0, 10, 24, 23, 5, 18, None, None, None, None, None, None, None, None, None, None]
n=5: 5321.2s, 10235412480 attempts, 3538648903 affine nodes, 3944 candidates; branch position 22, decisions 17, defined 22; template [0, 0, 0, 1, 0, 2, 4, 7, 0, 4, 8, 16, 16, 25, 29, 9, 0, 31, 26, 20, 14, 28, None, None, None, None, None, None, None, None, None, None]
n=5: 5341.2s, 10272735232 attempts, 3551400341 affine nodes, 3944 candidates; branch position 22, decisions 17, defined 22; template [0, 0, 0, 1, 0, 2, 4, 7, 0, 4, 8, 16, 16, 26, 11, 21, 0, 17, 19, 9, 26, 12, None, None, None, None, None, None, None, None, None, None]
n=5: 5361.2s, 10310025216 attempts, 3563180498 affine nodes, 3944 candidates; branch position 22, decisions 16, defined 22; template [0, 0, 0, 1, 0, 2, 4, 7, 0, 4, 8, 16, 16, 26, 31, 5, 0, 19, 9, 29, 18, 31, None, None, None, None, None, None, None, None, None, None]
n=5: 5381.2s, 10347446272 attempts, 3575727426 affine nodes, 3944 candidates; branch position 23, decisions 18, defined 23; template [0, 0, 0, 1, 0, 2, 4, 7, 0, 4, 8, 16, 16, 27, 15, 6, 0, 18, 13, 10, 5, 25, 12, None, None, None, None, None, None, None, None, None]
n=5: 5401.2s, 10384687104 attempts, 3587570045 affine nodes, 3944 candidates; branch position 22, decisions 17, defined 22; template [0, 0, 0, 1, 0, 2, 4, 7, 0, 4, 8, 16, 16, 27, 30, 14, 0, 23, 6, 14, 8, 25, None, None, None, None, None, None, None, None, None, None]
n=5: 5421.2s, 10421878784 attempts, 3600117066 affine nodes, 3944 candidates; branch position 21, decisions 16, defined 21; template [0, 0, 0, 1, 0, 2, 4, 7, 0, 4, 8, 16, 16, 28, 15, 26, 0, 27, 24, 22, 14, None, None, None, None, None, None, None, None, None, None, None]
n=5: 5441.2s, 10459529216 attempts, 3613406374 affine nodes, 3944 candidates; branch position 21, decisions 16, defined 21; template [0, 0, 0, 1, 0, 2, 4, 7, 0, 4, 8, 16, 16, 28, 30, 21, 0, 7, 3, 26, 25, None, None, None, None, None, None, None, None, None, None, None]
n=5: 5461.2s, 10496851968 attempts, 3626274887 affine nodes, 3944 candidates; branch position 22, decisions 17, defined 22; template [0, 0, 0, 1, 0, 2, 4, 7, 0, 4, 8, 16, 16, 29, 11, 26, 0, 31, 6, 21, 7, 23, None, None, None, None, None, None, None, None, None, None]
n=5: 5481.2s, 10533994496 attempts, 3638134511 affine nodes, 3944 candidates; branch position 23, decisions 18, defined 23; template [0, 0, 0, 1, 0, 2, 4, 7, 0, 4, 8, 16, 16, 29, 25, 31, 0, 14, 11, 18, 27, 19, 2, None, None, None, None, None, None, None, None, None]
n=5: 5501.2s, 10571202560 attempts, 3651818945 affine nodes, 3944 candidates; branch position 22, decisions 17, defined 23; template [0, 0, 0, 1, 0, 2, 4, 7, 0, 4, 8, 16, 16, 30, 11, 24, 0, 28, 25, 2, 24, 13, None, None, None, None, None, None, None, None, None, 26]
n=5: 5521.2s, 10608541696 attempts, 3664244614 affine nodes, 3944 candidates; branch position 22, decisions 17, defined 22; template [0, 0, 0, 1, 0, 2, 4, 7, 0, 4, 8, 16, 16, 30, 26, 5, 0, 22, 25, 9, 7, 11, None, None, None, None, None, None, None, None, None, None]
n=5: 5541.2s, 10645913600 attempts, 3676863829 affine nodes, 3944 candidates; branch position 22, decisions 17, defined 22; template [0, 0, 0, 1, 0, 2, 4, 7, 0, 4, 8, 16, 16, 31, 11, 14, 0, 8, 13, 17, 26, 29, None, None, None, None, None, None, None, None, None, None]
n=5: 5561.2s, 10683121664 attempts, 3688669160 affine nodes, 3944 candidates; branch position 22, decisions 17, defined 22; template [0, 0, 0, 1, 0, 2, 4, 7, 0, 4, 8, 16, 16, 31, 27, 29, 0, 11, 25, 20, 10, 28, None, None, None, None, None, None, None, None, None, None]
n=5: 5581.2s, 10721296384 attempts, 3701032078 affine nodes, 3944 candidates; branch position 22, decisions 17, defined 22; template [0, 0, 0, 1, 0, 2, 4, 7, 0, 4, 8, 16, 19, 13, 17, 27, 0, 28, 15, 31, 1, 22, None, None, None, None, None, None, None, None, None, None]
n=5: 5601.2s, 10758864896 attempts, 3713292463 affine nodes, 3944 candidates; branch position 21, decisions 16, defined 21; template [0, 0, 0, 1, 0, 2, 4, 7, 0, 4, 8, 16, 19, 13, 26, 29, 0, 23, 6, 20, 14, None, None, None, None, None, None, None, None, None, None, None]
n=5: 5621.2s, 10796023808 attempts, 3725614207 affine nodes, 3944 candidates; branch position 21, decisions 16, defined 21; template [0, 0, 0, 1, 0, 2, 4, 7, 0, 4, 8, 16, 19, 14, 11, 29, 0, 18, 3, 13, 20, None, None, None, None, None, None, None, None, None, None, None]
n=5: 5641.2s, 10833199104 attempts, 3737422879 affine nodes, 3944 candidates; branch position 19, decisions 14, defined 19; template [0, 0, 0, 1, 0, 2, 4, 7, 0, 4, 8, 16, 19, 14, 24, 30, 0, 23, 21, None, None, None, None, None, None, None, None, None, None, None, None, None]
n=5: 5661.2s, 10870521856 attempts, 3749348453 affine nodes, 3944 candidates; branch position 23, decisions 18, defined 23; template [0, 0, 0, 1, 0, 2, 4, 7, 0, 4, 8, 16, 19, 24, 1, 17, 0, 19, 24, 5, 26, 3, 9, None, None, None, None, None, None, None, None, None]
n=5: 5681.2s, 10907844608 attempts, 3761580193 affine nodes, 3944 candidates; branch position 23, decisions 18, defined 23; template [0, 0, 0, 1, 0, 2, 4, 7, 0, 4, 8, 16, 19, 24, 15, 9, 0, 19, 11, 14, 24, 4, 31, None, None, None, None, None, None, None, None, None]
n=5: 5701.2s, 10945069056 attempts, 3773828669 affine nodes, 3944 candidates; branch position 22, decisions 17, defined 22; template [0, 0, 0, 1, 0, 2, 4, 7, 0, 4, 8, 16, 19, 24, 29, 27, 0, 20, 6, 25, 15, 28, None, None, None, None, None, None, None, None, None, None]
n=5: 5721.2s, 10982408192 attempts, 3786365056 affine nodes, 3944 candidates; branch position 23, decisions 18, defined 23; template [0, 0, 0, 1, 0, 2, 4, 7, 0, 4, 8, 16, 19, 25, 15, 26, 0, 18, 25, 8, 1, 13, 20, None, None, None, None, None, None, None, None, None]
n=5: 5741.2s, 11019649024 attempts, 3798405720 affine nodes, 3944 candidates; branch position 21, decisions 16, defined 21; template [0, 0, 0, 1, 0, 2, 4, 7, 0, 4, 8, 16, 19, 25, 28, 27, 0, 15, 24, 30, 1, None, None, None, None, None, None, None, None, None, None, None]
n=5: 5761.3s, 11057266688 attempts, 3811556486 affine nodes, 3944 candidates; branch position 22, decisions 17, defined 22; template [0, 0, 0, 1, 0, 2, 4, 7, 0, 4, 8, 16, 19, 26, 11, 12, 0, 8, 31, 19, 5, 18, None, None, None, None, None, None, None, None, None, None]
n=5: 5781.3s, 11094441984 attempts, 3824890326 affine nodes, 3944 candidates; branch position 23, decisions 18, defined 23; template [0, 0, 0, 1, 0, 2, 4, 7, 0, 4, 8, 16, 19, 26, 20, 17, 0, 28, 2, 5, 16, 11, 8, None, None, None, None, None, None, None, None, None]
n=5: 5801.3s, 11131600896 attempts, 3838249499 affine nodes, 3944 candidates; branch position 21, decisions 16, defined 21; template [0, 0, 0, 1, 0, 2, 4, 7, 0, 4, 8, 16, 19, 27, 2, 17, 0, 29, 9, 15, 5, None, None, None, None, None, None, None, None, None, None, None]
n=5: 5821.3s, 11168923648 attempts, 3851335013 affine nodes, 3944 candidates; branch position 22, decisions 17, defined 22; template [0, 0, 0, 1, 0, 2, 4, 7, 0, 4, 8, 16, 19, 27, 20, 6, 0, 23, 12, 11, 30, 24, None, None, None, None, None, None, None, None, None, None]
n=5: 5841.3s, 11206295552 attempts, 3863844542 affine nodes, 3944 candidates; branch position 21, decisions 16, defined 21; template [0, 0, 0, 1, 0, 2, 4, 7, 0, 4, 8, 16, 19, 28, 9, 5, 0, 31, 14, 4, 28, None, None, None, None, None, None, None, None, None, None, None]
n=5: 5861.3s, 11243732992 attempts, 3877264697 affine nodes, 3944 candidates; branch position 23, decisions 18, defined 23; template [0, 0, 0, 1, 0, 2, 4, 7, 0, 4, 8, 16, 19, 28, 17, 23, 0, 26, 19, 2, 18, 13, 28, None, None, None, None, None, None, None, None, None]
n=5: 5881.3s, 11281317888 attempts, 3889995900 affine nodes, 3944 candidates; branch position 21, decisions 16, defined 21; template [0, 0, 0, 1, 0, 2, 4, 7, 0, 4, 8, 16, 19, 28, 31, 5, 0, 19, 9, 24, 1, None, None, None, None, None, None, None, None, None, None, None]
n=5: 5901.3s, 11319590912 attempts, 3903705291 affine nodes, 3944 candidates; branch position 22, decisions 17, defined 22; template [0, 0, 0, 1, 0, 2, 4, 7, 0, 4, 8, 16, 19, 29, 11, 30, 0, 6, 17, 10, 12, 26, None, None, None, None, None, None, None, None, None, None]
n=5: 5921.3s, 11357093888 attempts, 3915565997 affine nodes, 3944 candidates; branch position 22, decisions 17, defined 22; template [0, 0, 0, 1, 0, 2, 4, 7, 0, 4, 8, 16, 19, 29, 30, 14, 0, 18, 24, 30, 1, 21, None, None, None, None, None, None, None, None, None, None]
n=5: 5941.3s, 11394711552 attempts, 3929627632 affine nodes, 3944 candidates; branch position 21, decisions 16, defined 21; template [0, 0, 0, 1, 0, 2, 4, 7, 0, 4, 8, 16, 19, 30, 15, 6, 0, 5, 17, 10, 23, None, None, None, None, None, None, None, None, None, None, None]
n=5: 5961.3s, 11432378368 attempts, 3942610013 affine nodes, 3944 candidates; branch position 22, decisions 17, defined 22; template [0, 0, 0, 1, 0, 2, 4, 7, 0, 4, 8, 16, 19, 30, 28, 6, 0, 17, 12, 28, 13, 6, None, None, None, None, None, None, None, None, None, None]
n=5: 5981.3s, 11469946880 attempts, 3955134191 affine nodes, 3944 candidates; branch position 22, decisions 17, defined 22; template [0, 0, 0, 1, 0, 2, 4, 7, 0, 4, 8, 16, 19, 31, 13, 24, 0, 25, 12, 10, 20, 26, None, None, None, None, None, None, None, None, None, None]
n=5: 6001.3s, 11507826688 attempts, 3967313584 affine nodes, 3944 candidates; branch position 22, decisions 17, defined 22; template [0, 0, 0, 1, 0, 2, 4, 7, 0, 4, 8, 16, 19, 31, 29, 6, 0, 6, 11, 5, 24, 17, None, None, None, None, None, None, None, None, None, None]
n=5: 6021.3s, 11546066944 attempts, 3980576032 affine nodes, 3944 candidates; branch position 22, decisions 17, defined 22; template [0, 0, 0, 1, 0, 2, 4, 7, 0, 4, 8, 16, 21, 14, 28, 23, 0, 20, 27, 9, 23, 6, None, None, None, None, None, None, None, None, None, None]
n=5: 6041.3s, 11583946752 attempts, 3992344067 affine nodes, 3944 candidates; branch position 21, decisions 16, defined 21; template [0, 0, 0, 1, 0, 2, 4, 7, 0, 4, 8, 16, 21, 24, 15, 27, 0, 11, 2, 25, 3, None, None, None, None, None, None, None, None, None, None, None]
n=5: 6061.3s, 11622154240 attempts, 4003923726 affine nodes, 3944 candidates; branch position 23, decisions 18, defined 23; template [0, 0, 0, 1, 0, 2, 4, 7, 0, 4, 8, 16, 21, 24, 28, 11, 0, 25, 3, 15, 18, 14, 25, None, None, None, None, None, None, None, None, None]
n=5: 6081.3s, 11659149312 attempts, 4015439903 affine nodes, 3944 candidates; branch position 21, decisions 16, defined 21; template [0, 0, 0, 1, 0, 2, 4, 7, 0, 4, 8, 16, 21, 25, 15, 31, 0, 6, 28, 23, 5, None, None, None, None, None, None, None, None, None, None, None]
n=5: 6101.3s, 11696193536 attempts, 4027527940 affine nodes, 3944 candidates; branch position 22, decisions 17, defined 22; template [0, 0, 0, 1, 0, 2, 4, 7, 0, 4, 8, 16, 21, 25, 28, 23, 0, 8, 16, 22, 30, 9, None, None, None, None, None, None, None, None, None, None]
n=5: 6121.3s, 11733483520 attempts, 4039938272 affine nodes, 3944 candidates; branch position 20, decisions 15, defined 20; template [0, 0, 0, 1, 0, 2, 4, 7, 0, 4, 8, 16, 21, 26, 15, 24, 0, 12, 6, 26, None, None, None, None, None, None, None, None, None, None, None, None]
n=5: 6141.3s, 11771592704 attempts, 4051694925 affine nodes, 3944 candidates; branch position 22, decisions 17, defined 22; template [0, 0, 0, 1, 0, 2, 4, 7, 0, 4, 8, 16, 21, 27, 9, 14, 0, 15, 25, 4, 27, 19, None, None, None, None, None, None, None, None, None, None]
n=5: 6161.3s, 11809914880 attempts, 4063171654 affine nodes, 3944 candidates; branch position 22, decisions 17, defined 22; template [0, 0, 0, 1, 0, 2, 4, 7, 0, 4, 8, 16, 21, 27, 24, 6, 0, 22, 31, 26, 25, 10, None, None, None, None, None, None, None, None, None, None]
n=5: 6181.3s, 11848515584 attempts, 4075981085 affine nodes, 3944 candidates; branch position 22, decisions 17, defined 22; template [0, 0, 0, 1, 0, 2, 4, 7, 0, 4, 8, 16, 21, 28, 11, 26, 0, 12, 22, 30, 13, 11, None, None, None, None, None, None, None, None, None, None]
n=5: 6201.4s, 11887542272 attempts, 4089909826 affine nodes, 3944 candidates; branch position 22, decisions 17, defined 22; template [0, 0, 0, 1, 0, 2, 4, 7, 0, 4, 8, 16, 21, 28, 24, 23, 0, 7, 16, 21, 30, 10, None, None, None, None, None, None, None, None, None, None]
n=5: 6221.4s, 11926355968 attempts, 4102495488 affine nodes, 3944 candidates; branch position 22, decisions 17, defined 22; template [0, 0, 0, 1, 0, 2, 4, 7, 0, 4, 8, 16, 21, 29, 11, 26, 0, 18, 16, 30, 5, 14, None, None, None, None, None, None, None, None, None, None]
n=5: 6241.4s, 11965644800 attempts, 4115084497 affine nodes, 3944 candidates; branch position 21, decisions 16, defined 21; template [0, 0, 0, 1, 0, 2, 4, 7, 0, 4, 8, 16, 21, 29, 30, 23, 0, 5, 23, 28, 13, None, None, None, None, None, None, None, None, None, None, None]
n=5: 6261.4s, 12004622336 attempts, 4127580494 affine nodes, 3944 candidates; branch position 22, decisions 17, defined 22; template [0, 0, 0, 1, 0, 2, 4, 7, 0, 4, 8, 16, 21, 30, 15, 6, 0, 17, 12, 30, 16, 6, None, None, None, None, None, None, None, None, None, None]
n=5: 6281.4s, 12043714560 attempts, 4139715837 affine nodes, 3944 candidates; branch position 22, decisions 17, defined 22; template [0, 0, 0, 1, 0, 2, 4, 7, 0, 4, 8, 16, 21, 30, 27, 23, 0, 19, 16, 9, 1, 8, None, None, None, None, None, None, None, None, None, None]
n=5: 6301.4s, 12083019776 attempts, 4151887352 affine nodes, 3944 candidates; branch position 19, decisions 14, defined 19; template [0, 0, 0, 1, 0, 2, 4, 7, 0, 4, 8, 16, 21, 31, 26, 6, 0, 23, 29, None, None, None, None, None, None, None, None, None, None, None, None, None]
n=5: 6321.4s, 12121899008 attempts, 4164795121 affine nodes, 3944 candidates; branch position 22, decisions 17, defined 22; template [0, 0, 0, 1, 0, 2, 4, 7, 0, 4, 8, 16, 22, 13, 24, 11, 0, 31, 18, 4, 7, 12, None, None, None, None, None, None, None, None, None, None]
n=5: 6341.4s, 12161171456 attempts, 4178560411 affine nodes, 3965 candidates; branch position 22, decisions 17, defined 22; template [0, 0, 0, 1, 0, 2, 4, 7, 0, 4, 8, 16, 22, 24, 11, 30, 0, 23, 2, 28, 17, 26, None, None, None, None, None, None, None, None, None, None]
n=5: 6361.4s, 12199985152 attempts, 4191027965 affine nodes, 3965 candidates; branch position 22, decisions 17, defined 22; template [0, 0, 0, 1, 0, 2, 4, 7, 0, 4, 8, 16, 22, 24, 29, 11, 0, 8, 23, 24, 14, 25, None, None, None, None, None, None, None, None, None, None]
n=5: 6381.4s, 12238798848 attempts, 4202551789 affine nodes, 3965 candidates; branch position 22, decisions 17, defined 22; template [0, 0, 0, 1, 0, 2, 4, 7, 0, 4, 8, 16, 22, 25, 15, 31, 0, 18, 29, 8, 19, 10, None, None, None, None, None, None, None, None, None, None]
n=5: 6401.4s, 12277710848 attempts, 4214502078 affine nodes, 3965 candidates; branch position 22, decisions 17, defined 22; template [0, 0, 0, 1, 0, 2, 4, 7, 0, 4, 8, 16, 22, 25, 28, 27, 0, 25, 23, 11, 7, 9, None, None, None, None, None, None, None, None, None, None]
n=5: 6421.4s, 12316311552 attempts, 4226622601 affine nodes, 3965 candidates; branch position 21, decisions 16, defined 21; template [0, 0, 0, 1, 0, 2, 4, 7, 0, 4, 8, 16, 22, 26, 15, 24, 0, 9, 31, 23, 23, None, None, None, None, None, None, None, None, None, None, None]
n=5: 6441.4s, 12355026944 attempts, 4238232894 affine nodes, 3965 candidates; branch position 20, decisions 15, defined 20; template [0, 0, 0, 1, 0, 2, 4, 7, 0, 4, 8, 16, 22, 26, 31, 9, 0, 31, 21, 28, None, None, None, None, None, None, None, None, None, None, None, None]
n=5: 6461.4s, 12393758720 attempts, 4250236398 affine nodes, 3965 candidates; branch position 23, decisions 18, defined 23; template [0, 0, 0, 1, 0, 2, 4, 7, 0, 4, 8, 16, 22, 27, 15, 29, 0, 22, 31, 3, 25, 6, 19, None, None, None, None, None, None, None, None, None]
n=5: 6481.4s, 12432424960 attempts, 4262936173 affine nodes, 3965 candidates; branch position 23, decisions 18, defined 23; template [0, 0, 0, 1, 0, 2, 4, 7, 0, 4, 8, 16, 22, 27, 31, 25, 0, 16, 11, 14, 5, 28, 8, None, None, None, None, None, None, None, None, None]
n=5: 6501.4s, 12471009280 attempts, 4275532277 affine nodes, 3965 candidates; branch position 21, decisions 16, defined 21; template [0, 0, 0, 1, 0, 2, 4, 7, 0, 4, 8, 16, 22, 28, 15, 30, 0, 5, 6, 15, 20, None, None, None, None, None, None, None, None, None, None, None]
n=5: 6521.4s, 12509429760 attempts, 4287630640 affine nodes, 3965 candidates; branch position 22, decisions 17, defined 22; template [0, 0, 0, 1, 0, 2, 4, 7, 0, 4, 8, 16, 22, 28, 31, 9, 0, 5, 25, 18, 17, 6, None, None, None, None, None, None, None, None, None, None]
n=5: 6541.4s, 12547899392 attempts, 4299343001 affine nodes, 3965 candidates; branch position 22, decisions 17, defined 22; template [0, 0, 0, 1, 0, 2, 4, 7, 0, 4, 8, 16, 22, 29, 24, 12, 0, 31, 9, 25, 7, 16, None, None, None, None, None, None, None, None, None, None]
n=5: 6561.4s, 12586106880 attempts, 4312432937 affine nodes, 3965 candidates; branch position 23, decisions 18, defined 23; template [0, 0, 0, 1, 0, 2, 4, 7, 0, 4, 8, 16, 22, 30, 13, 24, 0, 31, 14, 5, 25, 19, 1, None, None, None, None, None, None, None, None, None]
n=5: 6581.4s, 12623446016 attempts, 4325506981 affine nodes, 3965 candidates; branch position 22, decisions 17, defined 22; template [0, 0, 0, 1, 0, 2, 4, 7, 0, 4, 8, 16, 22, 30, 28, 9, 0, 26, 14, 3, 19, 20, None, None, None, None, None, None, None, None, None, None]
n=5: 6601.5s, 12660998144 attempts, 4337551734 affine nodes, 3965 candidates; branch position 21, decisions 16, defined 21; template [0, 0, 0, 1, 0, 2, 4, 7, 0, 4, 8, 16, 22, 31, 13, 25, 0, 25, 23, 27, 3, None, None, None, None, None, None, None, None, None, None, None]
n=5: 6621.5s, 12698812416 attempts, 4349434235 affine nodes, 3965 candidates; branch position 23, decisions 18, defined 23; template [0, 0, 0, 1, 0, 2, 4, 7, 0, 4, 8, 16, 22, 31, 29, 19, 0, 13, 9, 20, 29, 6, 16, None, None, None, None, None, None, None, None, None]
n=5: 6641.5s, 12736462848 attempts, 4362431889 affine nodes, 3965 candidates; branch position 21, decisions 16, defined 21; template [0, 0, 0, 1, 0, 2, 4, 7, 0, 4, 8, 16, 24, 17, 19, 9, 0, 28, 18, 15, 26, None, None, None, None, None, None, None, None, None, None, None]
n=5: 6661.5s, 12773900288 attempts, 4375538947 affine nodes, 3965 candidates; branch position 22, decisions 17, defined 22; template [0, 0, 0, 1, 0, 2, 4, 7, 0, 4, 8, 16, 24, 17, 31, 26, 0, 27, 3, 8, 14, 30, None, None, None, None, None, None, None, None, None, None]
n=5: 6681.5s, 12811649024 attempts, 4387373677 affine nodes, 3965 candidates; branch position 22, decisions 17, defined 22; template [0, 0, 0, 1, 0, 2, 4, 7, 0, 4, 8, 16, 24, 18, 17, 29, 0, 5, 30, 23, 3, 17, None, None, None, None, None, None, None, None, None, None]
n=5: 6701.5s, 12849840128 attempts, 4399947501 affine nodes, 3965 candidates; branch position 21, decisions 16, defined 21; template [0, 0, 0, 1, 0, 2, 4, 7, 0, 4, 8, 16, 24, 21, 9, 14, 0, 16, 15, 30, 20, None, None, None, None, None, None, None, None, None, None, None]
n=5: 6721.5s, 12888096768 attempts, 4413063214 affine nodes, 3965 candidates; branch position 22, decisions 17, defined 22; template [0, 0, 0, 1, 0, 2, 4, 7, 0, 4, 8, 16, 24, 21, 22, 5, 0, 9, 3, 17, 8, 19, None, None, None, None, None, None, None, None, None, None]
n=5: 6741.5s, 12926320640 attempts, 4426232294 affine nodes, 3965 candidates; branch position 21, decisions 16, defined 21; template [0, 0, 0, 1, 0, 2, 4, 7, 0, 4, 8, 16, 24, 21, 31, 12, 0, 9, 19, 24, 1, None, None, None, None, None, None, None, None, None, None, None]
n=5: 6761.5s, 12964593664 attempts, 4439906421 affine nodes, 3965 candidates; branch position 21, decisions 16, defined 21; template [0, 0, 0, 1, 0, 2, 4, 7, 0, 4, 8, 16, 24, 22, 15, 27, 0, 18, 16, 24, 10, None, None, None, None, None, None, None, None, None, None, None]
n=5: 6781.5s, 13002850304 attempts, 4452942546 affine nodes, 3965 candidates; branch position 21, decisions 16, defined 21; template [0, 0, 0, 1, 0, 2, 4, 7, 0, 4, 8, 16, 24, 22, 31, 26, 0, 10, 22, 8, 25, None, None, None, None, None, None, None, None, None, None, None]
n=5: 6801.5s, 13040943104 attempts, 4464482355 affine nodes, 3965 candidates; branch position 22, decisions 17, defined 22; template [0, 0, 0, 1, 0, 2, 4, 7, 0, 4, 8, 16, 25, 18, 27, 5, 0, 22, 24, 21, 8, 24, None, None, None, None, None, None, None, None, None, None]
n=5: 6821.5s, 13079052288 attempts, 4476463518 affine nodes, 3965 candidates; branch position 22, decisions 17, defined 22; template [0, 0, 0, 1, 0, 2, 4, 7, 0, 4, 8, 16, 25, 21, 15, 28, 0, 15, 26, 31, 19, 12, None, None, None, None, None, None, None, None, None, None]
n=5: 6841.5s, 13117194240 attempts, 4488833314 affine nodes, 3965 candidates; branch position 21, decisions 16, defined 21; template [0, 0, 0, 1, 0, 2, 4, 7, 0, 4, 8, 16, 25, 21, 31, 14, 0, 11, 15, 21, 7, None, None, None, None, None, None, None, None, None, None, None]
n=5: 6861.5s, 13155434496 attempts, 4501285041 affine nodes, 3965 candidates; branch position 22, decisions 17, defined 22; template [0, 0, 0, 1, 0, 2, 4, 7, 0, 4, 8, 16, 25, 22, 20, 6, 0, 12, 9, 20, 20, 28, None, None, None, None, None, None, None, None, None, None]
n=5: 6881.5s, 13193609216 attempts, 4513644690 affine nodes, 3965 candidates; branch position 21, decisions 16, defined 21; template [0, 0, 0, 1, 0, 2, 4, 7, 0, 4, 8, 16, 26, 17, 9, 31, 0, 7, 16, 13, 28, None, None, None, None, None, None, None, None, None, None, None]
n=5: 6901.5s, 13231767552 attempts, 4525531330 affine nodes, 3965 candidates; branch position 22, decisions 17, defined 22; template [0, 0, 0, 1, 0, 2, 4, 7, 0, 4, 8, 16, 26, 17, 20, 30, 0, 17, 27, 15, 30, 16, None, None, None, None, None, None, None, None, None, None]
n=5: 6921.5s, 13269909197 attempts, 4538236928 affine nodes, 3965 candidates; branch position 18, decisions 13, defined 19; template [0, 0, 0, 1, 0, 2, 4, 7, 0, 4, 8, 16, 26, 21, 11, 12, 0, 10, 3, None, None, None, None, None, None, None, None, None, None, None, None, None]
n=5: 6941.5s, 13308051456 attempts, 4551185566 affine nodes, 3965 candidates; branch position 22, decisions 17, defined 22; template [0, 0, 0, 1, 0, 2, 4, 7, 0, 4, 8, 16, 26, 21, 24, 9, 0, 18, 23, 8, 13, 25, None, None, None, None, None, None, None, None, None, None]
n=5: 6961.5s, 13346357248 attempts, 4564789548 affine nodes, 3965 candidates; branch position 23, decisions 18, defined 23; template [0, 0, 0, 1, 0, 2, 4, 7, 0, 4, 8, 16, 26, 22, 11, 25, 0, 23, 13, 4, 28, 1, 12, None, None, None, None, None, None, None, None, None]
n=5: 6981.5s, 13384679424 attempts, 4577649388 affine nodes, 3965 candidates; branch position 22, decisions 17, defined 22; template [0, 0, 0, 1, 0, 2, 4, 7, 0, 4, 8, 16, 26, 22, 24, 9, 0, 26, 24, 22, 22, 15, None, None, None, None, None, None, None, None, None, None]
n=5: 7001.5s, 13422952448 attempts, 4591284613 affine nodes, 3965 candidates; branch position 21, decisions 16, defined 21; template [0, 0, 0, 1, 0, 2, 4, 7, 0, 4, 8, 16, 27, 21, 9, 30, 0, 7, 22, 4, 28, None, None, None, None, None, None, None, None, None, None, None]
n=5: 7021.5s, 13461225472 attempts, 4603358586 affine nodes, 3965 candidates; branch position 22, decisions 17, defined 22; template [0, 0, 0, 1, 0, 2, 4, 7, 0, 4, 8, 16, 27, 21, 24, 9, 0, 7, 30, 21, 12, 10, None, None, None, None, None, None, None, None, None, None]
n=5: 7041.5s, 13499432960 attempts, 4615847367 affine nodes, 3965 candidates; branch position 22, decisions 17, defined 22; template [0, 0, 0, 1, 0, 2, 4, 7, 0, 4, 8, 16, 27, 22, 13, 5, 0, 14, 3, 4, 10, 30, None, None, None, None, None, None, None, None, None, None]
n=5: 7061.5s, 13537640448 attempts, 4628190477 affine nodes, 3965 candidates; branch position 22, decisions 17, defined 22; template [0, 0, 0, 1, 0, 2, 4, 7, 0, 4, 8, 16, 27, 22, 28, 25, 0, 6, 31, 24, 5, 9, None, None, None, None, None, None, None, None, None, None]
n=5: 7081.5s, 13575831552 attempts, 4640251334 affine nodes, 3965 candidates; branch position 21, decisions 16, defined 21; template [0, 0, 0, 1, 0, 2, 4, 7, 0, 4, 8, 16, 28, 17, 15, 31, 0, 31, 21, 25, 19, None, None, None, None, None, None, None, None, None, None, None]
n=5: 7101.5s, 13614006272 attempts, 4652400057 affine nodes, 3965 candidates; branch position 23, decisions 18, defined 23; template [0, 0, 0, 1, 0, 2, 4, 7, 0, 4, 8, 16, 28, 18, 9, 24, 0, 9, 29, 15, 7, 20, 30, None, None, None, None, None, None, None, None, None]
n=5: 7121.5s, 13652197376 attempts, 4664106512 affine nodes, 3965 candidates; branch position 23, decisions 18, defined 23; template [0, 0, 0, 1, 0, 2, 4, 7, 0, 4, 8, 16, 28, 18, 22, 5, 0, 9, 18, 23, 1, 27, 30, None, None, None, None, None, None, None, None, None]
n=5: 7141.6s, 13690404864 attempts, 4675740256 affine nodes, 3965 candidates; branch position 22, decisions 17, defined 22; template [0, 0, 0, 1, 0, 2, 4, 7, 0, 4, 8, 16, 29, 18, 11, 25, 0, 5, 15, 31, 31, 9, None, None, None, None, None, None, None, None, None, None]
n=5: 7161.6s, 13728579584 attempts, 4687933973 affine nodes, 3965 candidates; branch position 21, decisions 16, defined 21; template [0, 0, 0, 1, 0, 2, 4, 7, 0, 4, 8, 16, 29, 18, 27, 14, 0, 13, 9, 23, 27, None, None, None, None, None, None, None, None, None, None, None]
n=5: 7181.6s, 13766705152 attempts, 4699828727 affine nodes, 3965 candidates; branch position 20, decisions 15, defined 20; template [0, 0, 0, 1, 0, 2, 4, 7, 0, 4, 8, 16, 30, 17, 13, 29, 0, 27, 6, 20, None, None, None, None, None, None, None, None, None, None, None, None]
n=5: 7201.6s, 13805010944 attempts, 4711315177 affine nodes, 3965 candidates; branch position 21, decisions 16, defined 21; template [0, 0, 0, 1, 0, 2, 4, 7, 0, 4, 8, 16, 30, 17, 25, 23, 0, 9, 31, 26, 25, None, None, None, None, None, None, None, None, None, None, None]
n=5: 7221.6s, 13843775488 attempts, 4725889669 affine nodes, 3965 candidates; branch position 23, decisions 18, defined 23; template [0, 0, 0, 1, 0, 2, 4, 7, 0, 5, 6, 8, 3, 16, 25, 18, 0, 16, 3, 25, 12, 11, 21, None, None, None, None, None, None, None, None, None]
n=5: 7241.6s, 13882327040 attempts, 4740060236 affine nodes, 3965 candidates; branch position 22, decisions 17, defined 22; template [0, 0, 0, 1, 0, 2, 4, 7, 0, 5, 6, 8, 8, 16, 20, 19, 0, 19, 30, 2, 23, 3, None, None, None, None, None, None, None, None, None, None]
n=5: 7261.6s, 13920387072 attempts, 4752772419 affine nodes, 3965 candidates; branch position 24, decisions 19, defined 24; template [0, 0, 0, 1, 0, 2, 4, 7, 0, 5, 6, 8, 8, 16, 29, 25, 0, 11, 15, 22, 3, 28, 23, 6, None, None, None, None, None, None, None, None]
n=5: 7281.6s, 13959102464 attempts, 4768574134 affine nodes, 3965 candidates; branch position 22, decisions 17, defined 22; template [0, 0, 0, 1, 0, 2, 4, 7, 0, 5, 6, 8, 11, 16, 12, 24, 0, 15, 18, 5, 25, 3, None, None, None, None, None, None, None, None, None, None]
n=5: 7301.6s, 13997277184 attempts, 4784124626 affine nodes, 3965 candidates; branch position 22, decisions 17, defined 22; template [0, 0, 0, 1, 0, 2, 4, 7, 0, 5, 6, 8, 11, 16, 26, 19, 0, 6, 29, 13, 13, 1, None, None, None, None, None, None, None, None, None, None]
n=5: 7321.6s, 14035501056 attempts, 4798432679 affine nodes, 3965 candidates; branch position 22, decisions 17, defined 22; template [0, 0, 0, 1, 0, 2, 4, 7, 0, 5, 6, 8, 13, 6, 16, 20, 0, 26, 14, 19, 12, 1, None, None, None, None, None, None, None, None, None, None]
n=5: 7341.6s, 14074216448 attempts, 4814569665 affine nodes, 3965 candidates; branch position 23, decisions 18, defined 23; template [0, 0, 0, 1, 0, 2, 4, 7, 0, 5, 6, 8, 13, 16, 18, 26, 0, 19, 3, 10, 5, 15, 21, None, None, None, None, None, None, None, None, None]
n=5: 7361.6s, 14112358400 attempts, 4829603635 affine nodes, 3965 candidates; branch position 22, decisions 17, defined 22; template [0, 0, 0, 1, 0, 2, 4, 7, 0, 5, 6, 8, 13, 16, 27, 31, 0, 16, 26, 28, 15, 3, None, None, None, None, None, None, None, None, None, None]
n=5: 7381.6s, 14150959104 attempts, 4845719277 affine nodes, 3965 candidates; branch position 21, decisions 16, defined 21; template [0, 0, 0, 1, 0, 2, 4, 7, 0, 5, 6, 8, 14, 9, 16, 29, 0, 26, 12, 5, 5, None, None, None, None, None, None, None, None, None, None, None]
n=5: 7401.6s, 14189592576 attempts, 4861755332 affine nodes, 3965 candidates; branch position 22, decisions 17, defined 22; template [0, 0, 0, 1, 0, 2, 4, 7, 0, 5, 6, 8, 14, 16, 20, 18, 0, 20, 30, 23, 13, 27, None, None, None, None, None, None, None, None, None, None]
n=5: 7421.6s, 14227783680 attempts, 4877581171 affine nodes, 3965 candidates; branch position 23, decisions 18, defined 23; template [0, 0, 0, 1, 0, 2, 4, 7, 0, 5, 6, 8, 14, 16, 29, 11, 0, 11, 17, 23, 10, 29, 6, None, None, None, None, None, None, None, None, None]
n=5: 7441.6s, 14266318848 attempts, 4892962156 affine nodes, 3965 candidates; branch position 22, decisions 17, defined 22; template [0, 0, 0, 1, 0, 2, 4, 7, 0, 5, 6, 8, 16, 6, 25, 13, 0, 23, 25, 9, 22, 12, None, None, None, None, None, None, None, None, None, None]
n=5: 7461.6s, 14304739328 attempts, 4908443681 affine nodes, 3965 candidates; branch position 22, decisions 17, defined 22; template [0, 0, 0, 1, 0, 2, 4, 7, 0, 5, 6, 8, 16, 9, 12, 28, 0, 17, 11, 22, 1, 14, None, None, None, None, None, None, None, None, None, None]
n=5: 7481.6s, 14342995968 attempts, 4925340950 affine nodes, 3965 candidates; branch position 22, decisions 17, defined 22; template [0, 0, 0, 1, 0, 2, 4, 7, 0, 5, 6, 8, 16, 9, 26, 18, 0, 6, 12, 23, 7, 24, None, None, None, None, None, None, None, None, None, None]
n=5: 7501.6s, 14381219840 attempts, 4940261028 affine nodes, 3965 candidates; branch position 22, decisions 17, defined 22; template [0, 0, 0, 1, 0, 2, 4, 7, 0, 5, 6, 8, 16, 10, 18, 0, 0, 17, 12, 5, 3, 31, None, None, None, None, None, None, None, None, None, None]
n=5: 7521.6s, 14419443712 attempts, 4956687092 affine nodes, 3965 candidates; branch position 23, decisions 18, defined 23; template [0, 0, 0, 1, 0, 2, 4, 7, 0, 5, 6, 8, 16, 10, 26, 9, 0, 6, 16, 14, 14, 3, 29, None, None, None, None, None, None, None, None, None]
n=5: 7541.6s, 14457716736 attempts, 4971551417 affine nodes, 3965 candidates; branch position 21, decisions 16, defined 21; template [0, 0, 0, 1, 0, 2, 4, 7, 0, 5, 6, 8, 16, 13, 9, 27, 0, 11, 9, 17, 28, None, None, None, None, None, None, None, None, None, None, None]
n=5: 7561.6s, 14495989760 attempts, 4985088347 affine nodes, 3965 candidates; branch position 22, decisions 17, defined 22; template [0, 0, 0, 1, 0, 2, 4, 7, 0, 5, 6, 8, 16, 13, 26, 15, 0, 8, 29, 22, 19, 4, None, None, None, None, None, None, None, None, None, None]
n=5: 7581.6s, 14534344704 attempts, 4998609484 affine nodes, 3965 candidates; branch position 22, decisions 17, defined 22; template [0, 0, 0, 1, 0, 2, 4, 7, 0, 5, 6, 8, 16, 14, 11, 18, 0, 10, 17, 25, 14, 28, None, None, None, None, None, None, None, None, None, None]
n=5: 7601.6s, 14572634112 attempts, 5015118424 affine nodes, 3965 candidates; branch position 22, decisions 17, defined 22; template [0, 0, 0, 1, 0, 2, 4, 7, 0, 5, 6, 8, 16, 14, 24, 0, 0, 31, 18, 14, 13, 4, None, None, None, None, None, None, None, None, None, None]
n=5: 7621.6s, 14611152896 attempts, 5030588742 affine nodes, 3965 candidates; branch position 22, decisions 17, defined 22; template [0, 0, 0, 1, 0, 2, 4, 7, 0, 5, 6, 8, 16, 14, 30, 21, 0, 27, 3, 28, 1, 23, None, None, None, None, None, None, None, None, None, None]
n=5: 7641.6s, 14649606144 attempts, 5043662987 affine nodes, 3965 candidates; branch position 22, decisions 17, defined 22; template [0, 0, 0, 1, 0, 2, 4, 7, 0, 5, 6, 8, 16, 20, 24, 11, 0, 21, 3, 25, 8, 31, None, None, None, None, None, None, None, None, None, None]
n=5: 7661.7s, 14687846400 attempts, 5056328802 affine nodes, 3965 candidates; branch position 22, decisions 17, defined 22; template [0, 0, 0, 1, 0, 2, 4, 7, 0, 5, 6, 8, 16, 22, 9, 31, 0, 21, 11, 4, 13, 29, None, None, None, None, None, None, None, None, None, None]
n=5: 7681.7s, 14726430720 attempts, 5071691724 affine nodes, 3965 candidates; branch position 22, decisions 17, defined 22; template [0, 0, 0, 1, 0, 2, 4, 7, 0, 5, 6, 8, 16, 22, 25, 20, 0, 17, 11, 2, 13, 24, None, None, None, None, None, None, None, None, None, None]
n=5: 7701.7s, 14764802048 attempts, 5086567762 affine nodes, 3965 candidates; branch position 21, decisions 16, defined 21; template [0, 0, 0, 1, 0, 2, 4, 7, 0, 5, 6, 8, 16, 23, 11, 29, 0, 9, 22, 5, 27, None, None, None, None, None, None, None, None, None, None, None]
n=5: 7721.7s, 14803501056 attempts, 5104873594 affine nodes, 3965 candidates; branch position 22, decisions 17, defined 22; template [0, 0, 0, 1, 0, 2, 4, 7, 0, 5, 6, 8, 16, 23, 26, 21, 0, 21, 26, 2, 11, 31, None, None, None, None, None, None, None, None, None, None]
n=5: 7741.7s, 14842083467 attempts, 5120458752 affine nodes, 3965 candidates; branch position 18, decisions 13, defined 19; template [0, 0, 0, 1, 0, 2, 4, 7, 0, 5, 6, 8, 16, 24, 12, 26, 0, 10, 8, None, None, None, None, None, None, None, None, None, None, None, None, None]
n=5: 7761.7s, 14880309248 attempts, 5134073844 affine nodes, 3965 candidates; branch position 22, decisions 17, defined 22; template [0, 0, 0, 1, 0, 2, 4, 7, 0, 5, 6, 8, 16, 25, 5, 13, 0, 25, 12, 27, 13, 6, None, None, None, None, None, None, None, None, None, None]
n=5: 7781.7s, 14918860800 attempts, 5148853151 affine nodes, 3965 candidates; branch position 21, decisions 16, defined 21; template [0, 0, 0, 1, 0, 2, 4, 7, 0, 5, 6, 8, 16, 25, 19, 0, 0, 17, 20, 11, 14, None, None, None, None, None, None, None, None, None, None, None]
n=5: 7801.7s, 14957297664 attempts, 5163770100 affine nodes, 3965 candidates; branch position 21, decisions 16, defined 21; template [0, 0, 0, 1, 0, 2, 4, 7, 0, 5, 6, 8, 16, 26, 11, 0, 0, 21, 25, 22, 12, None, None, None, None, None, None, None, None, None, None, None]
n=5: 7821.7s, 14995537920 attempts, 5178989746 affine nodes, 3965 candidates; branch position 22, decisions 17, defined 22; template [0, 0, 0, 1, 0, 2, 4, 7, 0, 5, 6, 8, 16, 26, 30, 13, 0, 21, 24, 28, 26, 1, None, None, None, None, None, None, None, None, None, None]
n=5: 7841.7s, 15034089472 attempts, 5193488103 affine nodes, 3965 candidates; branch position 22, decisions 17, defined 22; template [0, 0, 0, 1, 0, 2, 4, 7, 0, 5, 6, 8, 16, 27, 14, 25, 0, 27, 31, 14, 13, 17, None, None, None, None, None, None, None, None, None, None]
n=5: 7861.7s, 15072296960 attempts, 5207749676 affine nodes, 3965 candidates; branch position 22, decisions 17, defined 22; template [0, 0, 0, 1, 0, 2, 4, 7, 0, 5, 6, 8, 16, 28, 11, 18, 0, 10, 16, 24, 17, 6, None, None, None, None, None, None, None, None, None, None]
n=5: 7881.7s, 15110717440 attempts, 5222755362 affine nodes, 3965 candidates; branch position 23, decisions 18, defined 23; template [0, 0, 0, 1, 0, 2, 4, 7, 0, 5, 6, 8, 16, 28, 24, 21, 0, 18, 31, 15, 10, 14, 18, None, None, None, None, None, None, None, None, None]
n=5: 7901.7s, 15149449216 attempts, 5239700867 affine nodes, 3965 candidates; branch position 23, decisions 18, defined 23; template [0, 0, 0, 1, 0, 2, 4, 7, 0, 5, 6, 8, 16, 29, 14, 26, 0, 6, 20, 31, 12, 18, 15, None, None, None, None, None, None, None, None, None]
n=5: 7921.7s, 15187886080 attempts, 5256758816 affine nodes, 3965 candidates; branch position 22, decisions 17, defined 22; template [0, 0, 0, 1, 0, 2, 4, 7, 0, 5, 6, 8, 16, 31, 9, 20, 0, 27, 21, 10, 5, 19, None, None, None, None, None, None, None, None, None, None]
n=5: 7941.7s, 15226175488 attempts, 5271447938 affine nodes, 3965 candidates; branch position 23, decisions 18, defined 23; template [0, 0, 0, 1, 0, 2, 4, 7, 0, 5, 8, 12, 10, 13, 16, 24, 0, 6, 31, 16, 25, 1, 26, None, None, None, None, None, None, None, None, None]
n=5: 7961.7s, 15264595968 attempts, 5290450316 affine nodes, 3965 candidates; branch position 21, decisions 16, defined 21; template [0, 0, 0, 1, 0, 2, 4, 7, 0, 5, 8, 12, 16, 13, 15, 31, 0, 20, 15, 9, 18, None, None, None, None, None, None, None, None, None, None, None]
n=5: 7981.7s, 15302508544 attempts, 5310165768 affine nodes, 3965 candidates; branch position 23, decisions 18, defined 23; template [0, 0, 0, 1, 0, 2, 4, 7, 0, 5, 8, 12, 16, 13, 28, 11, 0, 22, 31, 10, 26, 19, 16, None, None, None, None, None, None, None, None, None]
n=5: 8001.7s, 15340503040 attempts, 5328969440 affine nodes, 3965 candidates; branch position 23, decisions 18, defined 23; template [0, 0, 0, 1, 0, 2, 4, 7, 0, 5, 8, 12, 16, 14, 22, 27, 0, 28, 10, 2, 12, 31, 11, None, None, None, None, None, None, None, None, None]
n=5: 8021.7s, 15378235392 attempts, 5348190865 affine nodes, 3965 candidates; branch position 21, decisions 16, defined 21; template [0, 0, 0, 1, 0, 2, 4, 7, 0, 5, 8, 12, 16, 14, 31, 19, 0, 15, 13, 29, 3, None, None, None, None, None, None, None, None, None, None, None]
n=5: 8041.7s, 15415803904 attempts, 5369399112 affine nodes, 4030 candidates; branch position 23, decisions 18, defined 23; template [0, 0, 0, 1, 0, 2, 4, 7, 0, 5, 8, 12, 16, 24, 18, 0, 0, 10, 17, 26, 1, 18, 27, None, None, None, None, None, None, None, None, None]
n=5: 8061.7s, 15453454336 attempts, 5388729555 affine nodes, 4030 candidates; branch position 21, decisions 16, defined 21; template [0, 0, 0, 1, 0, 2, 4, 7, 0, 5, 8, 12, 16, 25, 22, 11, 0, 30, 11, 4, 22, None, None, None, None, None, None, None, None, None, None, None]
n=5: 8081.7s, 15491072000 attempts, 5406578701 affine nodes, 4030 candidates; branch position 23, decisions 18, defined 23; template [0, 0, 0, 1, 0, 2, 4, 7, 0, 5, 8, 12, 16, 27, 31, 11, 0, 28, 25, 11, 18, 31, 21, None, None, None, None, None, None, None, None, None]
n=5: 8101.7s, 15529115648 attempts, 5424623158 affine nodes, 4035 candidates; branch position 21, decisions 16, defined 21; template [0, 0, 0, 1, 0, 2, 4, 7, 0, 5, 8, 14, 13, 16, 18, 9, 0, 10, 3, 18, 28, None, None, None, None, None, None, None, None, None, None, None]
n=5: 8121.8s, 15567355904 attempts, 5437070560 affine nodes, 4035 candidates; branch position 23, decisions 18, defined 23; template [0, 0, 0, 1, 0, 2, 4, 7, 0, 5, 8, 14, 13, 16, 25, 18, 0, 26, 24, 16, 3, 12, 22, None, None, None, None, None, None, None, None, None]
n=5: 8141.8s, 15605825536 attempts, 5450030512 affine nodes, 4035 candidates; branch position 22, decisions 17, defined 22; template [0, 0, 0, 1, 0, 2, 4, 7, 0, 5, 8, 14, 14, 16, 18, 25, 0, 17, 3, 27, 11, 22, None, None, None, None, None, None, None, None, None, None]
n=5: 8161.8s, 15643820032 attempts, 5462486868 affine nodes, 4035 candidates; branch position 23, decisions 18, defined 23; template [0, 0, 0, 1, 0, 2, 4, 7, 0, 5, 8, 14, 14, 16, 26, 23, 0, 11, 31, 19, 30, 12, 8, None, None, None, None, None, None, None, None, None]
n=5: 8181.8s, 15681863680 attempts, 5475339014 affine nodes, 4035 candidates; branch position 22, decisions 17, defined 22; template [0, 0, 0, 1, 0, 2, 4, 7, 0, 5, 8, 14, 16, 8, 19, 26, 0, 25, 15, 3, 5, 30, None, None, None, None, None, None, None, None, None, None]
n=5: 8201.8s, 15720071168 attempts, 5487575386 affine nodes, 4035 candidates; branch position 21, decisions 16, defined 21; template [0, 0, 0, 1, 0, 2, 4, 7, 0, 5, 8, 14, 16, 8, 30, 19, 0, 26, 19, 2, 7, None, None, None, None, None, None, None, None, None, None, None]
n=5: 8221.8s, 15758262272 attempts, 5500392681 affine nodes, 4035 candidates; branch position 21, decisions 16, defined 21; template [0, 0, 0, 1, 0, 2, 4, 7, 0, 5, 8, 14, 16, 11, 22, 27, 0, 18, 9, 24, 22, None, None, None, None, None, None, None, None, None, None, None]
n=5: 8241.8s, 15796224000 attempts, 5512808296 affine nodes, 4035 candidates; branch position 21, decisions 16, defined 21; template [0, 0, 0, 1, 0, 2, 4, 7, 0, 5, 8, 14, 16, 11, 30, 21, 0, 23, 3, 12, 1, None, None, None, None, None, None, None, None, None, None, None]
n=5: 8261.8s, 15834267648 attempts, 5526381124 affine nodes, 4035 candidates; branch position 22, decisions 17, defined 22; template [0, 0, 0, 1, 0, 2, 4, 7, 0, 5, 8, 14, 16, 20, 15, 26, 0, 8, 12, 24, 23, 4, None, None, None, None, None, None, None, None, None, None]
n=5: 8281.8s, 15872245760 attempts, 5541096450 affine nodes, 4035 candidates; branch position 22, decisions 17, defined 22; template [0, 0, 0, 1, 0, 2, 4, 7, 0, 5, 8, 14, 16, 20, 30, 25, 0, 18, 30, 2, 19, 12, None, None, None, None, None, None, None, None, None, None]
n=5: 8301.8s, 15910518784 attempts, 5554875249 affine nodes, 4035 candidates; branch position 23, decisions 18, defined 23; template [0, 0, 0, 1, 0, 2, 4, 7, 0, 5, 8, 14, 16, 24, 15, 27, 0, 16, 28, 3, 26, 17, 19, None, None, None, None, None, None, None, None, None]
n=5: 8321.8s, 15948480512 attempts, 5569487145 affine nodes, 4035 candidates; branch position 23, decisions 18, defined 23; template [0, 0, 0, 1, 0, 2, 4, 7, 0, 5, 8, 14, 16, 24, 29, 18, 0, 25, 6, 26, 15, 28, 21, None, None, None, None, None, None, None, None, None]
n=5: 8341.8s, 15986769920 attempts, 5583698831 affine nodes, 4035 candidates; branch position 21, decisions 16, defined 21; template [0, 0, 0, 1, 0, 2, 4, 7, 0, 5, 8, 14, 16, 25, 18, 26, 0, 14, 30, 17, 17, None, None, None, None, None, None, None, None, None, None, None]
n=5: 8361.8s, 16024911872 attempts, 5597950507 affine nodes, 4035 candidates; branch position 22, decisions 17, defined 22; template [0, 0, 0, 1, 0, 2, 4, 7, 0, 5, 8, 14, 16, 26, 5, 24, 0, 12, 26, 29, 27, 3, None, None, None, None, None, None, None, None, None, None]
n=5: 8381.8s, 16063184896 attempts, 5612623816 affine nodes, 4035 candidates; branch position 22, decisions 17, defined 22; template [0, 0, 0, 1, 0, 2, 4, 7, 0, 5, 8, 14, 16, 26, 19, 24, 0, 20, 27, 2, 18, 27, None, None, None, None, None, None, None, None, None, None]
n=5: 8401.8s, 16101310464 attempts, 5626468408 affine nodes, 4035 candidates; branch position 22, decisions 17, defined 22; template [0, 0, 0, 1, 0, 2, 4, 7, 0, 5, 8, 14, 16, 27, 6, 21, 0, 15, 16, 23, 3, 26, None, None, None, None, None, None, None, None, None, None]
n=5: 8421.8s, 16139665408 attempts, 5641215042 affine nodes, 4035 candidates; branch position 22, decisions 17, defined 22; template [0, 0, 0, 1, 0, 2, 4, 7, 0, 5, 8, 14, 16, 27, 23, 24, 0, 14, 10, 25, 3, 15, None, None, None, None, None, None, None, None, None, None]
n=5: 8441.8s, 16177938432 attempts, 5655196383 affine nodes, 4035 candidates; branch position 23, decisions 18, defined 23; template [0, 0, 0, 1, 0, 2, 4, 7, 0, 5, 8, 14, 16, 28, 13, 18, 0, 25, 17, 9, 15, 6, 2, None, None, None, None, None, None, None, None, None]
n=5: 8461.8s, 16216129536 attempts, 5670035837 affine nodes, 4035 candidates; branch position 22, decisions 17, defined 22; template [0, 0, 0, 1, 0, 2, 4, 7, 0, 5, 8, 14, 16, 28, 30, 3, 0, 15, 24, 12, 12, 19, None, None, None, None, None, None, None, None, None, None]
n=5: 8481.8s, 16254484480 attempts, 5683760193 affine nodes, 4035 candidates; branch position 22, decisions 17, defined 22; template [0, 0, 0, 1, 0, 2, 4, 7, 0, 5, 8, 14, 16, 29, 15, 20, 0, 29, 18, 5, 20, 4, None, None, None, None, None, None, None, None, None, None]
n=5: 8501.8s, 16292593664 attempts, 5698325778 affine nodes, 4035 candidates; branch position 23, decisions 18, defined 23; template [0, 0, 0, 1, 0, 2, 4, 7, 0, 5, 8, 14, 16, 29, 31, 11, 0, 10, 26, 21, 12, 20, 27, None, None, None, None, None, None, None, None, None]
n=5: 8521.8s, 16330850304 attempts, 5712178030 affine nodes, 4035 candidates; branch position 22, decisions 17, defined 22; template [0, 0, 0, 1, 0, 2, 4, 7, 0, 5, 8, 14, 16, 30, 18, 24, 0, 26, 21, 2, 11, 29, None, None, None, None, None, None, None, None, None, None]
n=5: 8541.8s, 16368959488 attempts, 5727005884 affine nodes, 4035 candidates; branch position 22, decisions 17, defined 22; template [0, 0, 0, 1, 0, 2, 4, 7, 0, 5, 8, 14, 16, 31, 5, 24, 0, 20, 23, 15, 29, 1, None, None, None, None, None, None, None, None, None, None]
n=5: 8561.9s, 16407035904 attempts, 5741450616 affine nodes, 4035 candidates; branch position 22, decisions 17, defined 22; template [0, 0, 0, 1, 0, 2, 4, 7, 0, 5, 8, 14, 16, 31, 23, 3, 0, 19, 3, 11, 1, 16, None, None, None, None, None, None, None, None, None, None]
n=5: 8581.9s, 16445276160 attempts, 5757351418 affine nodes, 4035 candidates; branch position 22, decisions 17, defined 22; template [0, 0, 0, 1, 0, 2, 4, 7, 0, 5, 8, 15, 9, 16, 11, 22, 0, 10, 22, 24, 1, 29, None, None, None, None, None, None, None, None, None, None]
n=5: 8601.9s, 16483549184 attempts, 5772683521 affine nodes, 4035 candidates; branch position 23, decisions 18, defined 23; template [0, 0, 0, 1, 0, 2, 4, 7, 0, 5, 8, 15, 9, 16, 21, 28, 0, 21, 22, 8, 28, 24, 26, None, None, None, None, None, None, None, None, None]
n=5: 8621.9s, 16521805824 attempts, 5788235439 affine nodes, 4035 candidates; branch position 23, decisions 18, defined 23; template [0, 0, 0, 1, 0, 2, 4, 7, 0, 5, 8, 15, 9, 16, 28, 23, 0, 6, 25, 5, 19, 9, 24, None, None, None, None, None, None, None, None, None]
n=5: 8641.9s, 16560439296 attempts, 5803685988 affine nodes, 4035 candidates; branch position 22, decisions 17, defined 22; template [0, 0, 0, 1, 0, 2, 4, 7, 0, 5, 8, 15, 10, 16, 19, 25, 0, 17, 20, 18, 29, 25, None, None, None, None, None, None, None, None, None, None]
n=5: 8661.9s, 16598745088 attempts, 5817884134 affine nodes, 4035 candidates; branch position 21, decisions 16, defined 21; template [0, 0, 0, 1, 0, 2, 4, 7, 0, 5, 8, 15, 10, 16, 26, 23, 0, 11, 18, 5, 23, None, None, None, None, None, None, None, None, None, None, None]
n=5: 8681.9s, 16637181952 attempts, 5831948331 affine nodes, 4035 candidates; branch position 23, decisions 18, defined 23; template [0, 0, 0, 1, 0, 2, 4, 7, 0, 5, 8, 15, 16, 13, 19, 3, 0, 26, 6, 9, 28, 23, 8, None, None, None, None, None, None, None, None, None]
n=5: 8701.9s, 16675454976 attempts, 5845661362 affine nodes, 4035 candidates; branch position 22, decisions 17, defined 23; template [0, 0, 0, 1, 0, 2, 4, 7, 0, 5, 8, 15, 16, 13, 28, 20, 0, 22, 6, 21, 25, 8, None, None, 23, None, None, None, None, None, None, None]
n=5: 8721.9s, 16713777152 attempts, 5860562279 affine nodes, 4035 candidates; branch position 22, decisions 17, defined 22; template [0, 0, 0, 1, 0, 2, 4, 7, 0, 5, 8, 15, 16, 14, 18, 3, 0, 9, 16, 2, 31, 12, None, None, None, None, None, None, None, None, None, None]
n=5: 8741.9s, 16752099328 attempts, 5873995344 affine nodes, 4035 candidates; branch position 22, decisions 17, defined 22; template [0, 0, 0, 1, 0, 2, 4, 7, 0, 5, 8, 15, 16, 14, 25, 21, 0, 23, 3, 9, 31, 18, None, None, None, None, None, None, None, None, None, None]
n=5: 8761.9s, 16790454272 attempts, 5888488191 affine nodes, 4035 candidates; branch position 21, decisions 16, defined 21; template [0, 0, 0, 1, 0, 2, 4, 7, 0, 5, 8, 15, 16, 20, 6, 12, 0, 29, 12, 26, 28, None, None, None, None, None, None, None, None, None, None, None]
n=5: 8781.9s, 16828891136 attempts, 5904970007 affine nodes, 4342 candidates; branch position 22, decisions 17, defined 22; template [0, 0, 0, 1, 0, 2, 4, 7, 0, 5, 8, 15, 16, 24, 6, 19, 0, 25, 14, 2, 19, 8, None, None, None, None, None, None, None, None, None, None]
n=5: 8801.9s, 16866918400 attempts, 5919493598 affine nodes, 4342 candidates; branch position 22, decisions 17, defined 22; template [0, 0, 0, 1, 0, 2, 4, 7, 0, 5, 8, 15, 16, 24, 22, 26, 0, 15, 12, 28, 28, 23, None, None, None, None, None, None, None, None, None, None]
n=5: 8821.9s, 16904994816 attempts, 5934074708 affine nodes, 4342 candidates; branch position 22, decisions 17, defined 22; template [0, 0, 0, 1, 0, 2, 4, 7, 0, 5, 8, 15, 16, 25, 9, 26, 0, 6, 15, 25, 13, 24, None, None, None, None, None, None, None, None, None, None]
n=5: 8841.9s, 16943087616 attempts, 5948170526 affine nodes, 4342 candidates; branch position 22, decisions 17, defined 22; template [0, 0, 0, 1, 0, 2, 4, 7, 0, 5, 8, 15, 16, 25, 27, 21, 0, 26, 22, 14, 1, 11, None, None, None, None, None, None, None, None, None, None]
n=5: 8861.9s, 16981245952 attempts, 5963009934 affine nodes, 4342 candidates; branch position 22, decisions 17, defined 22; template [0, 0, 0, 1, 0, 2, 4, 7, 0, 5, 8, 15, 16, 26, 11, 20, 0, 25, 13, 26, 15, 1, None, None, None, None, None, None, None, None, None, None]
n=5: 8881.9s, 17019174912 attempts, 5977350597 affine nodes, 4342 candidates; branch position 23, decisions 18, defined 23; template [0, 0, 0, 1, 0, 2, 4, 7, 0, 5, 8, 15, 16, 26, 31, 3, 0, 14, 23, 24, 21, 6, 14, None, None, None, None, None, None, None, None, None]
n=5: 8901.9s, 17057300480 attempts, 5991433647 affine nodes, 4342 candidates; branch position 23, decisions 18, defined 23; template [0, 0, 0, 1, 0, 2, 4, 7, 0, 5, 8, 15, 16, 27, 18, 12, 0, 16, 19, 31, 10, 3, 22, None, None, None, None, None, None, None, None, None]
n=5: 8921.9s, 17095196672 attempts, 6005266234 affine nodes, 4342 candidates; branch position 21, decisions 16, defined 21; template [0, 0, 0, 1, 0, 2, 4, 7, 0, 5, 8, 15, 16, 28, 5, 26, 0, 30, 11, 5, 10, None, None, None, None, None, None, None, None, None, None, None]
n=5: 8941.9s, 17133223936 attempts, 6019027186 affine nodes, 4342 candidates; branch position 22, decisions 17, defined 22; template [0, 0, 0, 1, 0, 2, 4, 7, 0, 5, 8, 15, 16, 28, 22, 18, 0, 28, 15, 23, 13, 3, None, None, None, None, None, None, None, None, None, None]
n=5: 8961.9s, 17171054592 attempts, 6033106461 affine nodes, 4342 candidates; branch position 21, decisions 16, defined 21; template [0, 0, 0, 1, 0, 2, 4, 7, 0, 5, 8, 15, 16, 29, 6, 12, 0, 12, 6, 19, 29, None, None, None, None, None, None, None, None, None, None, None]
n=5: 8981.9s, 17209049088 attempts, 6047546689 affine nodes, 4342 candidates; branch position 22, decisions 17, defined 22; template [0, 0, 0, 1, 0, 2, 4, 7, 0, 5, 8, 15, 16, 29, 23, 3, 0, 19, 12, 21, 1, 26, None, None, None, None, None, None, None, None, None, None]
n=5: 9001.9s, 17247109120 attempts, 6061284416 affine nodes, 4342 candidates; branch position 22, decisions 17, defined 22; template [0, 0, 0, 1, 0, 2, 4, 7, 0, 5, 8, 15, 16, 30, 6, 21, 0, 9, 20, 30, 15, 3, None, None, None, None, None, None, None, None, None, None]
n=5: 9021.9s, 17285103616 attempts, 6075655624 affine nodes, 4342 candidates; branch position 24, decisions 19, defined 24; template [0, 0, 0, 1, 0, 2, 4, 7, 0, 5, 8, 15, 16, 30, 23, 14, 0, 30, 18, 24, 23, 8, 21, 5, None, None, None, None, None, None, None, None]
n=5: 9041.9s, 17323130880 attempts, 6089737093 affine nodes, 4342 candidates; branch position 21, decisions 16, defined 21; template [0, 0, 0, 1, 0, 2, 4, 7, 0, 5, 8, 15, 16, 31, 6, 28, 0, 17, 15, 3, 27, None, None, None, None, None, None, None, None, None, None, None]
n=5: 9062.0s, 17361076224 attempts, 6104109314 affine nodes, 4342 candidates; branch position 23, decisions 18, defined 23; template [0, 0, 0, 1, 0, 2, 4, 7, 0, 5, 8, 15, 16, 31, 28, 3, 0, 20, 24, 18, 29, 6, 15, None, None, None, None, None, None, None, None, None]
n=5: 9082.0s, 17399398400 attempts, 6119803212 affine nodes, 4342 candidates; branch position 22, decisions 17, defined 22; template [0, 0, 0, 1, 0, 2, 4, 7, 0, 5, 8, 16, 9, 18, 26, 29, 0, 26, 12, 19, 19, 4, None, None, None, None, None, None, None, None, None, None]
n=5: 9102.0s, 17437523968 attempts, 6133641935 affine nodes, 4342 candidates; branch position 22, decisions 17, defined 22; template [0, 0, 0, 1, 0, 2, 4, 7, 0, 5, 8, 16, 9, 21, 25, 12, 0, 22, 18, 21, 14, 8, None, None, None, None, None, None, None, None, None, None]
n=5: 9122.0s, 17475502080 attempts, 6146139219 affine nodes, 4342 candidates; branch position 21, decisions 16, defined 21; template [0, 0, 0, 1, 0, 2, 4, 7, 0, 5, 8, 16, 9, 22, 11, 17, 0, 27, 24, 8, 26, None, None, None, None, None, None, None, None, None, None, None]
n=5: 9142.0s, 17513594880 attempts, 6159176058 affine nodes, 4342 candidates; branch position 22, decisions 17, defined 22; template [0, 0, 0, 1, 0, 2, 4, 7, 0, 5, 8, 16, 9, 22, 26, 11, 0, 6, 31, 4, 21, 8, None, None, None, None, None, None, None, None, None, None]
n=5: 9162.0s, 17551736832 attempts, 6172749102 affine nodes, 4342 candidates; branch position 22, decisions 17, defined 22; template [0, 0, 0, 1, 0, 2, 4, 7, 0, 5, 8, 16, 9, 24, 17, 11, 0, 29, 22, 10, 3, 26, None, None, None, None, None, None, None, None, None, None]
n=5: 9182.0s, 17590026240 attempts, 6186479599 affine nodes, 4342 candidates; branch position 22, decisions 17, defined 22; template [0, 0, 0, 1, 0, 2, 4, 7, 0, 5, 8, 16, 9, 24, 27, 31, 0, 16, 10, 4, 30, 17, None, None, None, None, None, None, None, None, None, None]
n=5: 9202.0s, 17628266496 attempts, 6199483791 affine nodes, 4342 candidates; branch position 23, decisions 18, defined 23; template [0, 0, 0, 1, 0, 2, 4, 7, 0, 5, 8, 16, 9, 25, 22, 31, 0, 15, 20, 25, 31, 8, 6, None, None, None, None, None, None, None, None, None]
n=5: 9222.0s, 17666490368 attempts, 6213540469 affine nodes, 4342 candidates; branch position 21, decisions 16, defined 21; template [0, 0, 0, 1, 0, 2, 4, 7, 0, 5, 8, 16, 9, 26, 19, 24, 0, 23, 3, 14, 25, None, None, None, None, None, None, None, None, None, None, None]
n=5: 9242.0s, 17704714240 attempts, 6227361423 affine nodes, 4342 candidates; branch position 22, decisions 17, defined 22; template [0, 0, 0, 1, 0, 2, 4, 7, 0, 5, 8, 16, 9, 26, 31, 23, 0, 23, 20, 14, 1, 20, None, None, None, None, None, None, None, None, None, None]
n=5: 9262.0s, 17742905344 attempts, 6240346584 affine nodes, 4342 candidates; branch position 23, decisions 18, defined 23; template [0, 0, 0, 1, 0, 2, 4, 7, 0, 5, 8, 16, 9, 27, 30, 17, 0, 8, 6, 11, 20, 18, 26, None, None, None, None, None, None, None, None, None]
n=5: 9282.0s, 17781080064 attempts, 6254392325 affine nodes, 4342 candidates; branch position 22, decisions 17, defined 22; template [0, 0, 0, 1, 0, 2, 4, 7, 0, 5, 8, 16, 9, 28, 22, 12, 0, 23, 19, 14, 13, 1, None, None, None, None, None, None, None, None, None, None]
n=5: 9302.0s, 17819369472 attempts, 6268378191 affine nodes, 4342 candidates; branch position 22, decisions 17, defined 22; template [0, 0, 0, 1, 0, 2, 4, 7, 0, 5, 8, 16, 9, 29, 15, 3, 0, 10, 9, 4, 30, 23, None, None, None, None, None, None, None, None, None, None]
n=5: 9322.0s, 17857675264 attempts, 6282408878 affine nodes, 4342 candidates; branch position 22, decisions 17, defined 22; template [0, 0, 0, 1, 0, 2, 4, 7, 0, 5, 8, 16, 9, 29, 25, 3, 0, 22, 3, 9, 23, 27, None, None, None, None, None, None, None, None, None, None]
n=5: 9342.0s, 17895718912 attempts, 6295805297 affine nodes, 4342 candidates; branch position 22, decisions 17, defined 22; template [0, 0, 0, 1, 0, 2, 4, 7, 0, 5, 8, 16, 9, 30, 20, 28, 0, 9, 11, 15, 20, 24, None, None, None, None, None, None, None, None, None, None]
n=5: 9362.0s, 17933647872 attempts, 6308985922 affine nodes, 4342 candidates; branch position 23, decisions 18, defined 23; template [0, 0, 0, 1, 0, 2, 4, 7, 0, 5, 8, 16, 9, 31, 19, 3, 0, 21, 6, 31, 17, 26, 14, None, None, None, None, None, None, None, None, None]
n=5: 9382.0s, 17971675136 attempts, 6322006582 affine nodes, 4342 candidates; branch position 22, decisions 17, defined 22; template [0, 0, 0, 1, 0, 2, 4, 7, 0, 5, 8, 16, 10, 17, 9, 23, 0, 25, 26, 10, 12, 26, None, None, None, None, None, None, None, None, None, None]
n=5: 9402.0s, 18009554944 attempts, 6336978824 affine nodes, 4342 candidates; branch position 22, decisions 17, defined 22; template [0, 0, 0, 1, 0, 2, 4, 7, 0, 5, 8, 16, 10, 21, 9, 31, 0, 19, 22, 10, 25, 31, None, None, None, None, None, None, None, None, None, None]
n=5: 9422.0s, 18047205376 attempts, 6349756969 affine nodes, 4342 candidates; branch position 23, decisions 18, defined 23; template [0, 0, 0, 1, 0, 2, 4, 7, 0, 5, 8, 16, 10, 21, 27, 9, 0, 29, 10, 2, 23, 9, 24, None, None, None, None, None, None, None, None, None]
n=5: 9442.0s, 18084823040 attempts, 6361931926 affine nodes, 4342 candidates; branch position 22, decisions 17, defined 22; template [0, 0, 0, 1, 0, 2, 4, 7, 0, 5, 8, 16, 10, 22, 13, 31, 0, 10, 3, 8, 24, 6, None, None, None, None, None, None, None, None, None, None]
n=5: 9462.0s, 18122457088 attempts, 6374847987 affine nodes, 4342 candidates; branch position 22, decisions 17, defined 22; template [0, 0, 0, 1, 0, 2, 4, 7, 0, 5, 8, 16, 10, 22, 28, 27, 0, 11, 15, 21, 5, 26, None, None, None, None, None, None, None, None, None, None]
n=5: 9482.0s, 18160500736 attempts, 6388718964 affine nodes, 4342 candidates; branch position 19, decisions 14, defined 19; template [0, 0, 0, 1, 0, 2, 4, 7, 0, 5, 8, 16, 10, 24, 20, 19, 0, 8, 10, None, None, None, None, None, None, None, None, None, None, None, None, None]
n=5: 9502.1s, 18197905408 attempts, 6402000575 affine nodes, 4342 candidates; branch position 21, decisions 16, defined 21; template [0, 0, 0, 1, 0, 2, 4, 7, 0, 5, 8, 16, 10, 25, 13, 23, 0, 16, 18, 28, 1, None, None, None, None, None, None, None, None, None, None, None]
n=5: 9522.1s, 18235965440 attempts, 6414872882 affine nodes, 4342 candidates; branch position 23, decisions 18, defined 23; template [0, 0, 0, 1, 0, 2, 4, 7, 0, 5, 8, 16, 10, 25, 28, 27, 0, 13, 14, 19, 26, 1, 11, None, None, None, None, None, None, None, None, None]
n=5: 9542.1s, 18274271232 attempts, 6428498231 affine nodes, 4342 candidates; branch position 22, decisions 17, defined 22; template [0, 0, 0, 1, 0, 2, 4, 7, 0, 5, 8, 16, 10, 26, 22, 25, 0, 13, 22, 4, 16, 10, None, None, None, None, None, None, None, None, None, None]
n=5: 9562.1s, 18312232960 attempts, 6441347675 affine nodes, 4342 candidates; branch position 22, decisions 17, defined 22; template [0, 0, 0, 1, 0, 2, 4, 7, 0, 5, 8, 16, 10, 27, 17, 23, 0, 9, 11, 3, 13, 20, None, None, None, None, None, None, None, None, None, None]
n=5: 9582.1s, 18350211072 attempts, 6454132361 affine nodes, 4342 candidates; branch position 22, decisions 17, defined 22; template [0, 0, 0, 1, 0, 2, 4, 7, 0, 5, 8, 16, 10, 28, 9, 21, 0, 21, 6, 11, 29, 14, None, None, None, None, None, None, None, None, None, None]
n=5: 9602.1s, 18388058112 attempts, 6466804614 affine nodes, 4342 candidates; branch position 21, decisions 16, defined 21; template [0, 0, 0, 1, 0, 2, 4, 7, 0, 5, 8, 16, 10, 28, 25, 23, 0, 19, 27, 17, 18, None, None, None, None, None, None, None, None, None, None, None]
n=5: 9622.1s, 18425970688 attempts, 6479620984 affine nodes, 4342 candidates; branch position 22, decisions 17, defined 22; template [0, 0, 0, 1, 0, 2, 4, 7, 0, 5, 8, 16, 10, 29, 24, 9, 0, 9, 26, 22, 27, 4, None, None, None, None, None, None, None, None, None, None]
n=5: 9642.1s, 18464047104 attempts, 6493321015 affine nodes, 4342 candidates; branch position 22, decisions 17, defined 22; template [0, 0, 0, 1, 0, 2, 4, 7, 0, 5, 8, 16, 10, 30, 17, 29, 0, 28, 13, 4, 12, 8, None, None, None, None, None, None, None, None, None, None]
n=5: 9662.1s, 18502254592 attempts, 6507067770 affine nodes, 4342 candidates; branch position 22, decisions 17, defined 22; template [0, 0, 0, 1, 0, 2, 4, 7, 0, 5, 8, 16, 10, 30, 29, 21, 0, 26, 6, 19, 30, 21, None, None, None, None, None, None, None, None, None, None]
n=5: 9682.1s, 18540396544 attempts, 6520590995 affine nodes, 4342 candidates; branch position 22, decisions 17, defined 22; template [0, 0, 0, 1, 0, 2, 4, 7, 0, 5, 8, 16, 10, 31, 22, 25, 0, 16, 9, 14, 3, 23, None, None, None, None, None, None, None, None, None, None]
n=5: 9702.1s, 18578685952 attempts, 6534809159 affine nodes, 4342 candidates; branch position 22, decisions 17, defined 22; template [0, 0, 0, 1, 0, 2, 4, 7, 0, 5, 8, 16, 13, 22, 15, 28, 0, 18, 16, 12, 15, 6, None, None, None, None, None, None, None, None, None, None]
n=5: 9722.1s, 18616991744 attempts, 6550290357 affine nodes, 4576 candidates; branch position 23, decisions 18, defined 23; template [0, 0, 0, 1, 0, 2, 4, 7, 0, 5, 8, 16, 13, 22, 30, 24, 0, 12, 30, 3, 5, 21, 12, None, None, None, None, None, None, None, None, None]
n=5: 9742.1s, 18655232000 attempts, 6564887081 affine nodes, 4576 candidates; branch position 22, decisions 17, defined 22; template [0, 0, 0, 1, 0, 2, 4, 7, 0, 5, 8, 16, 13, 24, 20, 30, 0, 25, 22, 27, 12, 10, None, None, None, None, None, None, None, None, None, None]
n=5: 9762.1s, 18693324800 attempts, 6578484093 affine nodes, 4576 candidates; branch position 23, decisions 18, defined 23; template [0, 0, 0, 1, 0, 2, 4, 7, 0, 5, 8, 16, 13, 25, 11, 30, 0, 9, 31, 25, 5, 19, 22, None, None, None, None, None, None, None, None, None]
n=5: 9782.1s, 18731450368 attempts, 6591098710 affine nodes, 4576 candidates; branch position 22, decisions 17, defined 22; template [0, 0, 0, 1, 0, 2, 4, 7, 0, 5, 8, 16, 13, 25, 27, 21, 0, 6, 26, 30, 23, 31, None, None, None, None, None, None, None, None, None, None]
n=5: 9802.1s, 18769625088 attempts, 6604508219 affine nodes, 4576 candidates; branch position 23, decisions 18, defined 23; template [0, 0, 0, 1, 0, 2, 4, 7, 0, 5, 8, 16, 13, 26, 19, 23, 0, 18, 23, 2, 1, 15, 25, None, None, None, None, None, None, None, None, None]
n=5: 9822.1s, 18807701504 attempts, 6617132578 affine nodes, 4576 candidates; branch position 21, decisions 16, defined 21; template [0, 0, 0, 1, 0, 2, 4, 7, 0, 5, 8, 16, 13, 27, 15, 9, 0, 20, 28, 19, 12, None, None, None, None, None, None, None, None, None, None, None]
n=5: 9842.1s, 18845827072 attempts, 6629294475 affine nodes, 4576 candidates; branch position 22, decisions 17, defined 22; template [0, 0, 0, 1, 0, 2, 4, 7, 0, 5, 8, 16, 13, 27, 31, 23, 0, 31, 28, 9, 18, 3, None, None, None, None, None, None, None, None, None, None]
n=5: 9862.1s, 18884001792 attempts, 6642674231 affine nodes, 4576 candidates; branch position 20, decisions 15, defined 20; template [0, 0, 0, 1, 0, 2, 4, 7, 0, 5, 8, 16, 13, 28, 25, 21, 0, 19, 23, 2, None, None, None, None, None, None, None, None, None, None, None, None]
n=5: 9882.1s, 18922110976 attempts, 6655153223 affine nodes, 4576 candidates; branch position 22, decisions 17, defined 22; template [0, 0, 0, 1, 0, 2, 4, 7, 0, 5, 8, 16, 13, 29, 19, 23, 0, 30, 9, 3, 19, 9, None, None, None, None, None, None, None, None, None, None]
n=5: 9902.1s, 18960220160 attempts, 6667218679 affine nodes, 4576 candidates; branch position 23, decisions 18, defined 23; template [0, 0, 0, 1, 0, 2, 4, 7, 0, 5, 8, 16, 13, 29, 31, 27, 0, 12, 22, 15, 5, 30, 2, None, None, None, None, None, None, None, None, None]
n=5: 9922.1s, 18998362112 attempts, 6679263179 affine nodes, 4576 candidates; branch position 22, decisions 17, defined 22; template [0, 0, 0, 1, 0, 2, 4, 7, 0, 5, 8, 16, 13, 30, 26, 21, 0, 9, 6, 27, 10, 22, None, None, None, None, None, None, None, None, None, None]
n=5: 9942.1s, 19036422144 attempts, 6691920225 affine nodes, 4576 candidates; branch position 22, decisions 17, defined 22; template [0, 0, 0, 1, 0, 2, 4, 7, 0, 5, 8, 16, 13, 31, 19, 25, 0, 19, 13, 3, 31, 18, None, None, None, None, None, None, None, None, None, None]
n=5: 9962.1s, 19074695168 attempts, 6704849521 affine nodes, 4576 candidates; branch position 21, decisions 16, defined 21; template [0, 0, 0, 1, 0, 2, 4, 7, 0, 5, 8, 16, 14, 24, 9, 21, 0, 26, 17, 4, 9, None, None, None, None, None, None, None, None, None, None, None]
n=5: 9982.1s, 19113000960 attempts, 6717695807 affine nodes, 4576 candidates; branch position 23, decisions 18, defined 23; template [0, 0, 0, 1, 0, 2, 4, 7, 0, 5, 8, 16, 14, 24, 28, 17, 0, 14, 11, 2, 30, 3, 17, None, None, None, None, None, None, None, None, None]
n=5: 10002.1s, 19151290368 attempts, 6730300074 affine nodes, 4576 candidates; branch position 23, decisions 17, defined 23; template [0, 0, 0, 1, 0, 2, 4, 7, 0, 5, 8, 16, 14, 25, 28, 26, 0, 15, 19, 30, 17, 4, 10, None, None, None, None, None, None, None, None, None]
n=5: 10022.1s, 19189694464 attempts, 6744814257 affine nodes, 4576 candidates; branch position 22, decisions 17, defined 22; template [0, 0, 0, 1, 0, 2, 4, 7, 0, 5, 8, 16, 14, 26, 22, 24, 0, 19, 15, 26, 10, 1, None, None, None, None, None, None, None, None, None, None]
n=5: 10042.1s, 19228033024 attempts, 6758722229 affine nodes, 4576 candidates; branch position 21, decisions 16, defined 21; template [0, 0, 0, 1, 0, 2, 4, 7, 0, 5, 8, 16, 14, 27, 17, 12, 0, 28, 18, 5, 11, None, None, None, None, None, None, None, None, None, None, None]
n=5: 10062.1s, 19266502656 attempts, 6771393818 affine nodes, 4576 candidates; branch position 23, decisions 18, defined 23; template [0, 0, 0, 1, 0, 2, 4, 7, 0, 5, 8, 16, 14, 27, 31, 24, 0, 12, 31, 27, 18, 13, 21, None, None, None, None, None, None, None, None, None]
n=5: 10082.2s, 19304939520 attempts, 6783967711 affine nodes, 4576 candidates; branch position 22, decisions 17, defined 22; template [0, 0, 0, 1, 0, 2, 4, 7, 0, 5, 8, 16, 14, 28, 25, 21, 0, 13, 18, 22, 19, 24, None, None, None, None, None, None, None, None, None, None]
n=5: 10102.2s, 19343343616 attempts, 6796927247 affine nodes, 4576 candidates; branch position 21, decisions 16, defined 21; template [0, 0, 0, 1, 0, 2, 4, 7, 0, 5, 8, 16, 14, 29, 22, 31, 0, 14, 6, 24, 29, None, None, None, None, None, None, None, None, None, None, None]
n=5: 10122.2s, 19381649408 attempts, 6810215921 affine nodes, 4576 candidates; branch position 22, decisions 17, defined 22; template [0, 0, 0, 1, 0, 2, 4, 7, 0, 5, 8, 16, 14, 30, 22, 17, 0, 18, 6, 12, 17, 13, None, None, None, None, None, None, None, None, None, None]
n=5: 10142.2s, 19420217344 attempts, 6822838410 affine nodes, 4576 candidates; branch position 22, decisions 17, defined 22; template [0, 0, 0, 1, 0, 2, 4, 7, 0, 5, 8, 16, 14, 31, 17, 29, 0, 18, 14, 29, 27, 6, None, None, None, None, None, None, None, None, None, None]
n=5: 10162.2s, 19458867200 attempts, 6835436042 affine nodes, 4576 candidates; branch position 22, decisions 17, defined 22; template [0, 0, 0, 1, 0, 2, 4, 7, 0, 5, 8, 16, 16, 11, 9, 26, 0, 6, 30, 9, 15, 3, None, None, None, None, None, None, None, None, None, None]
n=5: 10182.2s, 19497385984 attempts, 6850166784 affine nodes, 4576 candidates; branch position 22, decisions 17, defined 22; template [0, 0, 0, 1, 0, 2, 4, 7, 0, 5, 8, 16, 16, 13, 9, 14, 0, 16, 15, 29, 20, 28, None, None, None, None, None, None, None, None, None, None]
n=5: 10202.2s, 19535659008 attempts, 6863166645 affine nodes, 4576 candidates; branch position 22, decisions 17, defined 22; template [0, 0, 0, 1, 0, 2, 4, 7, 0, 5, 8, 16, 16, 14, 11, 31, 0, 16, 18, 28, 1, 29, None, None, None, None, None, None, None, None, None, None]
n=5: 10222.2s, 19573932032 attempts, 6876406166 affine nodes, 4576 candidates; branch position 22, decisions 17, defined 22; template [0, 0, 0, 1, 0, 2, 4, 7, 0, 5, 8, 16, 16, 24, 11, 31, 0, 30, 23, 12, 18, 31, None, None, None, None, None, None, None, None, None, None]
n=5: 10242.2s, 19612041216 attempts, 6889870332 affine nodes, 4576 candidates; branch position 21, decisions 16, defined 21; template [0, 0, 0, 1, 0, 2, 4, 7, 0, 5, 8, 16, 16, 25, 15, 21, 0, 19, 29, 9, 1, None, None, None, None, None, None, None, None, None, None, None]
n=5: 10262.2s, 19650215936 attempts, 6902552812 affine nodes, 4576 candidates; branch position 21, decisions 16, defined 21; template [0, 0, 0, 1, 0, 2, 4, 7, 0, 5, 8, 16, 16, 27, 6, 12, 0, 28, 30, 15, 31, None, None, None, None, None, None, None, None, None, None, None]
n=5: 10282.2s, 19688407040 attempts, 6914847319 affine nodes, 4576 candidates; branch position 21, decisions 16, defined 21; template [0, 0, 0, 1, 0, 2, 4, 7, 0, 5, 8, 16, 16, 28, 13, 3, 0, 21, 17, 27, 13, None, None, None, None, None, None, None, None, None, None, None]
n=5: 10302.2s, 19726483456 attempts, 6927257807 affine nodes, 4576 candidates; branch position 22, decisions 17, defined 22; template [0, 0, 0, 1, 0, 2, 4, 7, 0, 5, 8, 16, 16, 28, 30, 21, 0, 29, 30, 4, 7, 9, None, None, None, None, None, None, None, None, None, None]
n=5: 10322.2s, 19764658176 attempts, 6940118118 affine nodes, 4576 candidates; branch position 23, decisions 18, defined 23; template [0, 0, 0, 1, 0, 2, 4, 7, 0, 5, 8, 16, 16, 30, 6, 12, 0, 20, 3, 5, 25, 17, 18, None, None, None, None, None, None, None, None, None]
n=5: 10342.2s, 19802980352 attempts, 6954167530 affine nodes, 4576 candidates; branch position 21, decisions 16, defined 21; template [0, 0, 0, 1, 0, 2, 4, 7, 0, 5, 8, 16, 19, 8, 20, 24, 0, 20, 3, 5, 10, None, None, None, None, None, None, None, None, None, None, None]
n=5: 10362.2s, 19841204224 attempts, 6968018519 affine nodes, 4576 candidates; branch position 22, decisions 17, defined 22; template [0, 0, 0, 1, 0, 2, 4, 7, 0, 5, 8, 16, 19, 13, 24, 11, 0, 16, 13, 4, 30, 19, None, None, None, None, None, None, None, None, None, None]
n=5: 10382.2s, 19879215104 attempts, 6982686227 affine nodes, 4576 candidates; branch position 21, decisions 16, defined 21; template [0, 0, 0, 1, 0, 2, 4, 7, 0, 5, 8, 16, 19, 14, 24, 9, 0, 14, 29, 25, 13, None, None, None, None, None, None, None, None, None, None, None]
n=5: 10402.2s, 19917078528 attempts, 6996309940 affine nodes, 4576 candidates; branch position 21, decisions 16, defined 21; template [0, 0, 0, 1, 0, 2, 4, 7, 0, 5, 8, 16, 19, 24, 13, 17, 0, 25, 28, 22, 11, None, None, None, None, None, None, None, None, None, None, None]
n=5: 10422.2s, 19955105792 attempts, 7009302377 affine nodes, 4576 candidates; branch position 23, decisions 18, defined 23; template [0, 0, 0, 1, 0, 2, 4, 7, 0, 5, 8, 16, 19, 25, 5, 23, 0, 16, 24, 23, 1, 8, 29, None, None, None, None, None, None, None, None, None]
n=5: 10442.2s, 19992887296 attempts, 7023970853 affine nodes, 4576 candidates; branch position 22, decisions 17, defined 23; template [0, 0, 0, 1, 0, 2, 4, 7, 0, 5, 8, 16, 19, 26, 13, 0, 0, 19, 23, 8, 13, 28, None, None, None, 14, None, None, None, None, None, None]
n=5: 10462.2s, 20030963712 attempts, 7039555427 affine nodes, 4576 candidates; branch position 22, decisions 17, defined 22; template [0, 0, 0, 1, 0, 2, 4, 7, 0, 5, 8, 16, 19, 28, 15, 27, 0, 9, 20, 5, 28, 24, None, None, None, None, None, None, None, None, None, None]
n=5: 10482.2s, 20069154816 attempts, 7053202906 affine nodes, 4576 candidates; branch position 22, decisions 17, defined 22; template [0, 0, 0, 1, 0, 2, 4, 7, 0, 5, 8, 16, 19, 29, 20, 27, 0, 11, 20, 29, 13, 28, None, None, None, None, None, None, None, None, None, None]
n=5: 10502.2s, 20107362304 attempts, 7065792961 affine nodes, 4576 candidates; branch position 22, decisions 17, defined 22; template [0, 0, 0, 1, 0, 2, 4, 7, 0, 5, 8, 16, 19, 31, 13, 9, 0, 30, 10, 24, 22, 25, None, None, None, None, None, None, None, None, None, None]
n=5: 10522.2s, 20145553408 attempts, 7079142837 affine nodes, 4576 candidates; branch position 23, decisions 18, defined 23; template [0, 0, 0, 1, 0, 2, 4, 7, 0, 5, 8, 16, 21, 8, 27, 31, 0, 11, 28, 20, 23, 26, 5, None, None, None, None, None, None, None, None, None]
n=5: 10542.3s, 20183678976 attempts, 7093597802 affine nodes, 4576 candidates; branch position 22, decisions 17, defined 22; template [0, 0, 0, 1, 0, 2, 4, 7, 0, 5, 8, 16, 21, 14, 5, 9, 0, 21, 12, 2, 31, 20, None, None, None, None, None, None, None, None, None, None]
n=5: 10562.3s, 20222050304 attempts, 7111346676 affine nodes, 4576 candidates; branch position 23, decisions 18, defined 23; template [0, 0, 0, 1, 0, 2, 4, 7, 0, 5, 8, 16, 21, 14, 31, 25, 0, 28, 24, 18, 14, 19, 8, None, None, None, None, None, None, None, None, None]
n=5: 10582.3s, 20259946496 attempts, 7126492110 affine nodes, 4576 candidates; branch position 22, decisions 17, defined 22; template [0, 0, 0, 1, 0, 2, 4, 7, 0, 5, 8, 16, 21, 24, 19, 14, 0, 8, 23, 5, 9, 30, None, None, None, None, None, None, None, None, None, None]
n=5: 10602.3s, 20297908224 attempts, 7140832935 affine nodes, 4576 candidates; branch position 21, decisions 16, defined 21; template [0, 0, 0, 1, 0, 2, 4, 7, 0, 5, 8, 16, 21, 25, 6, 11, 0, 16, 12, 11, 7, None, None, None, None, None, None, None, None, None, None, None]
n=5: 10622.3s, 20335935488 attempts, 7155747444 affine nodes, 4576 candidates; branch position 22, decisions 17, defined 22; template [0, 0, 0, 1, 0, 2, 4, 7, 0, 5, 8, 16, 21, 25, 22, 27, 0, 25, 11, 30, 19, 4, None, None, None, None, None, None, None, None, None, None]
n=5: 10642.3s, 20373913600 attempts, 7170667833 affine nodes, 4576 candidates; branch position 24, decisions 19, defined 24; template [0, 0, 0, 1, 0, 2, 4, 7, 0, 5, 8, 16, 21, 26, 9, 29, 0, 21, 14, 10, 27, 4, 22, 16, None, None, None, None, None, None, None, None]
n=5: 10662.3s, 20412203008 attempts, 7185564657 affine nodes, 4576 candidates; branch position 21, decisions 16, defined 21; template [0, 0, 0, 1, 0, 2, 4, 7, 0, 5, 8, 16, 21, 26, 25, 12, 0, 8, 31, 14, 29, None, None, None, None, None, None, None, None, None, None, None]
n=5: 10682.3s, 20450246656 attempts, 7200348250 affine nodes, 4576 candidates; branch position 22, decisions 17, defined 23; template [0, 0, 0, 1, 0, 2, 4, 7, 0, 5, 8, 16, 21, 27, 13, 28, 0, 15, 23, 12, 24, 14, None, None, None, 17, None, None, None, None, None, None]
n=5: 10702.3s, 20488437760 attempts, 7214438602 affine nodes, 4576 candidates; branch position 23, decisions 18, defined 23; template [0, 0, 0, 1, 0, 2, 4, 7, 0, 5, 8, 16, 21, 27, 31, 25, 0, 21, 15, 24, 24, 6, 19, None, None, None, None, None, None, None, None, None]
n=5: 10722.3s, 20526678016 attempts, 7227780039 affine nodes, 4576 candidates; branch position 23, decisions 18, defined 23; template [0, 0, 0, 1, 0, 2, 4, 7, 0, 5, 8, 16, 22, 11, 15, 25, 0, 6, 31, 11, 11, 18, 16, None, None, None, None, None, None, None, None, None]
n=5: 10742.3s, 20564951040 attempts, 7242711109 affine nodes, 4576 candidates; branch position 21, decisions 16, defined 21; template [0, 0, 0, 1, 0, 2, 4, 7, 0, 5, 8, 16, 22, 13, 9, 30, 0, 16, 14, 28, 28, None, None, None, None, None, None, None, None, None, None, None]
n=5: 10762.3s, 20603355136 attempts, 7259330760 affine nodes, 4576 candidates; branch position 22, decisions 17, defined 22; template [0, 0, 0, 1, 0, 2, 4, 7, 0, 5, 8, 16, 22, 24, 6, 31, 0, 30, 13, 24, 16, 25, None, None, None, None, None, None, None, None, None, None]
n=5: 10782.3s, 20641677312 attempts, 7274952021 affine nodes, 4576 candidates; branch position 22, decisions 17, defined 22; template [0, 0, 0, 1, 0, 2, 4, 7, 0, 5, 8, 16, 22, 24, 26, 9, 0, 23, 30, 20, 17, 8, None, None, None, None, None, None, None, None, None, None]
n=5: 10802.3s, 20679933952 attempts, 7289417121 affine nodes, 4576 candidates; branch position 22, decisions 17, defined 22; template [0, 0, 0, 1, 0, 2, 4, 7, 0, 5, 8, 16, 22, 25, 11, 21, 0, 9, 22, 15, 25, 14, None, None, None, None, None, None, None, None, None, None]
n=5: 10822.3s, 20718174208 attempts, 7304411077 affine nodes, 4576 candidates; branch position 24, decisions 18, defined 24; template [0, 0, 0, 1, 0, 2, 4, 7, 0, 5, 8, 16, 22, 25, 28, 9, 0, 8, 18, 11, 16, 13, 31, 3, None, None, None, None, None, None, None, None]
n=5: 10842.3s, 20756381696 attempts, 7319644230 affine nodes, 4576 candidates; branch position 23, decisions 18, defined 23; template [0, 0, 0, 1, 0, 2, 4, 7, 0, 5, 8, 16, 22, 26, 13, 19, 0, 28, 20, 31, 9, 15, 19, None, None, None, None, None, None, None, None, None]
n=5: 10862.3s, 20794851328 attempts, 7334606695 affine nodes, 4576 candidates; branch position 22, decisions 17, defined 22; template [0, 0, 0, 1, 0, 2, 4, 7, 0, 5, 8, 16, 22, 26, 31, 0, 0, 18, 3, 29, 10, 31, None, None, None, None, None, None, None, None, None, None]
n=5: 10882.3s, 20833157120 attempts, 7349019791 affine nodes, 4576 candidates; branch position 22, decisions 17, defined 22; template [0, 0, 0, 1, 0, 2, 4, 7, 0, 5, 8, 16, 22, 27, 15, 28, 0, 16, 6, 27, 10, 13, None, None, None, None, None, None, None, None, None, None]
n=5: 10902.3s, 20871380992 attempts, 7361831423 affine nodes, 4576 candidates; branch position 23, decisions 18, defined 23; template [0, 0, 0, 1, 0, 2, 4, 7, 0, 5, 8, 16, 24, 8, 17, 27, 0, 11, 14, 17, 26, 30, 6, None, None, None, None, None, None, None, None, None]
n=5: 10922.3s, 20909850624 attempts, 7375021383 affine nodes, 4576 candidates; branch position 21, decisions 16, defined 21; template [0, 0, 0, 1, 0, 2, 4, 7, 0, 5, 8, 16, 24, 11, 19, 26, 0, 22, 24, 15, 23, None, None, None, None, None, None, None, None, None, None, None]
n=5: 10942.3s, 20948254720 attempts, 7387919363 affine nodes, 4576 candidates; branch position 21, decisions 16, defined 21; template [0, 0, 0, 1, 0, 2, 4, 7, 0, 5, 8, 16, 24, 13, 9, 26, 0, 30, 27, 23, 15, None, None, None, None, None, None, None, None, None, None, None]
n=5: 10962.3s, 20986806272 attempts, 7403149260 affine nodes, 4576 candidates; branch position 23, decisions 18, defined 23; template [0, 0, 0, 1, 0, 2, 4, 7, 0, 5, 8, 16, 24, 13, 27, 28, 0, 26, 31, 19, 5, 21, 28, None, None, None, None, None, None, None, None, None]
n=5: 10982.3s, 21025259520 attempts, 7417426112 affine nodes, 4576 candidates; branch position 22, decisions 17, defined 22; template [0, 0, 0, 1, 0, 2, 4, 7, 0, 5, 8, 16, 24, 14, 22, 9, 0, 13, 23, 25, 14, 28, None, None, None, None, None, None, None, None, None, None]
n=5: 11002.4s, 21063958528 attempts, 7429977954 affine nodes, 4576 candidates; branch position 23, decisions 18, defined 23; template [0, 0, 0, 1, 0, 2, 4, 7, 0, 5, 8, 16, 25, 8, 19, 14, 0, 27, 3, 25, 21, 9, 2, None, None, None, None, None, None, None, None, None]
n=5: 11022.4s, 21102329856 attempts, 7442254025 affine nodes, 4576 candidates; branch position 23, decisions 18, defined 23; template [0, 0, 0, 1, 0, 2, 4, 7, 0, 5, 8, 16, 25, 8, 30, 23, 0, 19, 10, 29, 16, 24, 27, None, None, None, None, None, None, None, None, None]
n=5: 11042.4s, 21140701184 attempts, 7457239046 affine nodes, 4576 candidates; branch position 23, decisions 18, defined 23; template [0, 0, 0, 1, 0, 2, 4, 7, 0, 5, 8, 16, 25, 13, 9, 3, 0, 15, 22, 27, 3, 8, 1, None, None, None, None, None, None, None, None, None]
n=5: 11062.4s, 21179465728 attempts, 7472576561 affine nodes, 4576 candidates; branch position 21, decisions 16, defined 21; template [0, 0, 0, 1, 0, 2, 4, 7, 0, 5, 8, 16, 25, 13, 26, 29, 0, 16, 19, 15, 1, None, None, None, None, None, None, None, None, None, None, None]
n=5: 11082.4s, 21217935360 attempts, 7486613224 affine nodes, 4576 candidates; branch position 22, decisions 17, defined 22; template [0, 0, 0, 1, 0, 2, 4, 7, 0, 5, 8, 16, 25, 14, 13, 19, 0, 10, 14, 5, 30, 25, None, None, None, None, None, None, None, None, None, None]
n=5: 11102.4s, 21256110080 attempts, 7502018315 affine nodes, 4576 candidates; branch position 22, decisions 17, defined 22; template [0, 0, 0, 1, 0, 2, 4, 7, 0, 5, 8, 16, 25, 14, 31, 3, 0, 31, 22, 3, 14, 30, None, None, None, None, None, None, None, None, None, None]
n=5: 11122.4s, 21294186496 attempts, 7516543939 affine nodes, 4576 candidates; branch position 22, decisions 17, defined 22; template [0, 0, 0, 1, 0, 2, 4, 7, 0, 5, 8, 16, 26, 13, 9, 25, 0, 19, 29, 20, 11, 3, None, None, None, None, None, None, None, None, None, None]
n=5: 11142.4s, 21332508672 attempts, 7530181874 affine nodes, 4576 candidates; branch position 22, decisions 17, defined 22; template [0, 0, 0, 1, 0, 2, 4, 7, 0, 5, 8, 16, 26, 13, 28, 0, 0, 21, 9, 3, 11, 26, None, None, None, None, None, None, None, None, None, None]
n=5: 11162.4s, 21370896384 attempts, 7544403918 affine nodes, 4576 candidates; branch position 21, decisions 16, defined 21; template [0, 0, 0, 1, 0, 2, 4, 7, 0, 5, 8, 16, 26, 14, 20, 19, 0, 15, 18, 22, 19, None, None, None, None, None, None, None, None, None, None, None]
n=5: 11182.4s, 21409447936 attempts, 7559041946 affine nodes, 4576 candidates; branch position 22, decisions 17, defined 22; template [0, 0, 0, 1, 0, 2, 4, 7, 0, 5, 8, 16, 27, 8, 13, 17, 0, 14, 26, 29, 10, 20, None, None, None, None, None, None, None, None, None, None]
n=5: 11202.4s, 21447835648 attempts, 7572277393 affine nodes, 4576 candidates; branch position 21, decisions 16, defined 21; template [0, 0, 0, 1, 0, 2, 4, 7, 0, 5, 8, 16, 27, 13, 17, 3, 0, 15, 29, 23, 31, None, None, None, None, None, None, None, None, None, None, None]
n=5: 11222.4s, 21486288896 attempts, 7585509431 affine nodes, 4576 candidates; branch position 22, decisions 17, defined 22; template [0, 0, 0, 1, 0, 2, 4, 7, 0, 5, 8, 16, 27, 14, 5, 19, 0, 6, 20, 28, 22, 17, None, None, None, None, None, None, None, None, None, None]
n=5: 11242.4s, 21524692992 attempts, 7601505464 affine nodes, 4576 candidates; branch position 21, decisions 16, defined 21; template [0, 0, 0, 1, 0, 2, 4, 7, 0, 5, 8, 16, 27, 14, 22, 31, 0, 13, 16, 2, 1, None, None, None, None, None, None, None, None, None, None, None]
n=5: 11262.4s, 21562998784 attempts, 7615259566 affine nodes, 4576 candidates; branch position 21, decisions 16, defined 21; template [0, 0, 0, 1, 0, 2, 4, 7, 0, 5, 8, 16, 28, 8, 13, 23, 0, 30, 28, 12, 29, None, None, None, None, None, None, None, None, None, None, None]
n=5: 11282.4s, 21601222656 attempts, 7627884379 affine nodes, 4576 candidates; branch position 22, decisions 17, defined 22; template [0, 0, 0, 1, 0, 2, 4, 7, 0, 5, 8, 16, 28, 8, 30, 14, 0, 8, 12, 25, 19, 31, None, None, None, None, None, None, None, None, None, None]
n=5: 11302.4s, 21639593984 attempts, 7641524985 affine nodes, 4576 candidates; branch position 22, decisions 17, defined 22; template [0, 0, 0, 1, 0, 2, 4, 7, 0, 5, 8, 16, 29, 8, 20, 19, 0, 20, 31, 22, 14, 1, None, None, None, None, None, None, None, None, None, None]
n=5: 11322.4s, 21677621248 attempts, 7656501936 affine nodes, 4576 candidates; branch position 23, decisions 18, defined 23; template [0, 0, 0, 1, 0, 2, 4, 7, 0, 5, 8, 16, 29, 11, 20, 9, 0, 11, 22, 24, 23, 26, 17, None, None, None, None, None, None, None, None, None]
n=5: 11342.4s, 21715910656 attempts, 7668818889 affine nodes, 4576 candidates; branch position 22, decisions 17, defined 22; template [0, 0, 0, 1, 0, 2, 4, 7, 0, 5, 8, 16, 30, 8, 17, 26, 0, 18, 23, 2, 31, 14, None, None, None, None, None, None, None, None, None, None]
n=5: 11362.4s, 21754150912 attempts, 7682986769 affine nodes, 4576 candidates; branch position 23, decisions 18, defined 23; template [0, 0, 0, 1, 0, 2, 4, 7, 0, 5, 8, 16, 31, 11, 22, 26, 0, 19, 31, 25, 7, 8, 10, None, None, None, None, None, None, None, None, None]
n=5: 11382.4s, 21792473088 attempts, 7701497894 affine nodes, 4576 candidates; branch position 23, decisions 18, defined 23; template [0, 0, 0, 1, 0, 2, 4, 7, 0, 8, 10, 14, 11, 16, 26, 31, 0, 17, 26, 19, 3, 12, 8, None, None, None, None, None, None, None, None, None]
n=5: 11402.4s, 21830942720 attempts, 7717972951 affine nodes, 4576 candidates; branch position 23, decisions 18, defined 23; template [0, 0, 0, 1, 0, 2, 4, 7, 0, 8, 10, 14, 16, 15, 23, 25, 0, 17, 14, 29, 5, 31, 27, None, None, None, None, None, None, None, None, None]
n=5: 11422.4s, 21869428736 attempts, 7733027811 affine nodes, 4576 candidates; branch position 21, decisions 16, defined 21; template [0, 0, 0, 1, 0, 2, 4, 7, 0, 8, 10, 14, 16, 21, 13, 29, 0, 28, 20, 15, 5, None, None, None, None, None, None, None, None, None, None, None]
n=5: 11442.4s, 21907587072 attempts, 7749277213 affine nodes, 4576 candidates; branch position 20, decisions 15, defined 20; template [0, 0, 0, 1, 0, 2, 4, 7, 0, 8, 10, 14, 16, 22, 18, 24, 0, 21, 8, 13, None, None, None, None, None, None, None, None, None, None, None, None]
n=5: 11462.4s, 21945712640 attempts, 7766073991 affine nodes, 4576 candidates; branch position 23, decisions 18, defined 23; template [0, 0, 0, 1, 0, 2, 4, 7, 0, 8, 10, 14, 16, 22, 31, 6, 0, 18, 14, 26, 15, 19, 13, None, None, None, None, None, None, None, None, None]
n=5: 11482.4s, 21984493568 attempts, 7784769437 affine nodes, 4576 candidates; branch position 23, decisions 18, defined 23; template [0, 0, 0, 1, 0, 2, 4, 7, 0, 8, 10, 14, 16, 23, 28, 21, 0, 17, 21, 24, 10, 22, 13, None, None, None, None, None, None, None, None, None]
n=5: 11502.4s, 22022406144 attempts, 7801257158 affine nodes, 4576 candidates; branch position 21, decisions 16, defined 21; template [0, 0, 0, 1, 0, 2, 4, 7, 0, 8, 10, 14, 16, 25, 29, 5, 0, 27, 19, 3, 5, None, None, None, None, None, None, None, None, None, None, None]
n=5: 11522.4s, 22060269568 attempts, 7818625204 affine nodes, 4576 candidates; branch position 21, decisions 16, defined 21; template [0, 0, 0, 1, 0, 2, 4, 7, 0, 8, 10, 14, 16, 28, 13, 6, 0, 17, 14, 24, 23, None, None, None, None, None, None, None, None, None, None, None]
n=5: 11542.5s, 22098296832 attempts, 7834780682 affine nodes, 4576 candidates; branch position 22, decisions 17, defined 22; template [0, 0, 0, 1, 0, 2, 4, 7, 0, 8, 10, 14, 16, 29, 18, 5, 0, 19, 15, 31, 13, 22, None, None, None, None, None, None, None, None, None, None]
n=5: 11562.5s, 22136242176 attempts, 7850314391 affine nodes, 4576 candidates; branch position 21, decisions 16, defined 21; template [0, 0, 0, 1, 0, 2, 4, 7, 0, 8, 10, 14, 16, 30, 27, 0, 0, 15, 25, 28, 31, None, None, None, None, None, None, None, None, None, None, None]
n=5: 11582.5s, 22174269440 attempts, 7865946045 affine nodes, 4576 candidates; branch position 22, decisions 17, defined 23; template [0, 0, 0, 1, 0, 2, 4, 7, 0, 8, 10, 14, 16, 31, 27, 28, 0, 26, 15, 22, 7, 9, None, None, 12, None, None, None, None, None, None, None]
n=5: 11602.5s, 22212526080 attempts, 7882845422 affine nodes, 4576 candidates; branch position 21, decisions 16, defined 21; template [0, 0, 0, 1, 0, 2, 4, 7, 0, 8, 10, 16, 11, 18, 30, 25, 0, 13, 30, 15, 7, None, None, None, None, None, None, None, None, None, None, None]
n=5: 11622.5s, 22250373120 attempts, 7898958767 affine nodes, 4576 candidates; branch position 22, decisions 17, defined 22; template [0, 0, 0, 1, 0, 2, 4, 7, 0, 8, 10, 16, 11, 21, 29, 19, 0, 28, 9, 27, 22, 9, None, None, None, None, None, None, None, None, None, None]
n=5: 11642.5s, 22288171008 attempts, 7912951628 affine nodes, 4576 candidates; branch position 21, decisions 16, defined 21; template [0, 0, 0, 1, 0, 2, 4, 7, 0, 8, 10, 16, 11, 22, 28, 24, 0, 23, 20, 5, 10, None, None, None, None, None, None, None, None, None, None, None]
n=5: 11662.5s, 22326099968 attempts, 7927428902 affine nodes, 4576 candidates; branch position 20, decisions 15, defined 20; template [0, 0, 0, 1, 0, 2, 4, 7, 0, 8, 10, 16, 11, 24, 27, 30, 0, 25, 15, 26, None, None, None, None, None, None, None, None, None, None, None, None]
n=5: 11682.5s, 22363865088 attempts, 7942027372 affine nodes, 4576 candidates; branch position 23, decisions 18, defined 23; template [0, 0, 0, 1, 0, 2, 4, 7, 0, 8, 10, 16, 11, 25, 29, 17, 0, 14, 21, 12, 5, 16, 24, None, None, None, None, None, None, None, None, None]
n=5: 11702.5s, 22401826816 attempts, 7958112790 affine nodes, 4576 candidates; branch position 23, decisions 18, defined 23; template [0, 0, 0, 1, 0, 2, 4, 7, 0, 8, 10, 16, 11, 27, 17, 29, 0, 28, 13, 27, 8, 29, 10, None, None, None, None, None, None, None, None, None]
n=5: 11722.5s, 22439821312 attempts, 7973077162 affine nodes, 4576 candidates; branch position 22, decisions 17, defined 22; template [0, 0, 0, 1, 0, 2, 4, 7, 0, 8, 10, 16, 11, 28, 22, 31, 0, 30, 12, 9, 1, 12, None, None, None, None, None, None, None, None, None, None]
n=5: 11742.5s, 22477881344 attempts, 7988334145 affine nodes, 4576 candidates; branch position 21, decisions 16, defined 21; template [0, 0, 0, 1, 0, 2, 4, 7, 0, 8, 10, 16, 11, 29, 30, 3, 0, 21, 25, 23, 9, None, None, None, None, None, None, None, None, None, None, None]
n=5: 11762.5s, 22516006912 attempts, 8004111379 affine nodes, 4576 candidates; branch position 22, decisions 17, defined 23; template [0, 0, 0, 1, 0, 2, 4, 7, 0, 8, 10, 16, 11, 31, 20, 3, 0, 12, 18, 15, 24, 29, None, None, None, None, None, None, 30, None, None, None]
n=5: 11782.5s, 22554361856 attempts, 8021106177 affine nodes, 4576 candidates; branch position 23, decisions 18, defined 23; template [0, 0, 0, 1, 0, 2, 4, 7, 0, 8, 10, 16, 16, 9, 24, 19, 0, 16, 31, 11, 26, 6, 10, None, None, None, None, None, None, None, None, None]
n=5: 11802.5s, 22592339968 attempts, 8037118103 affine nodes, 4576 candidates; branch position 21, decisions 16, defined 21; template [0, 0, 0, 1, 0, 2, 4, 7, 0, 8, 10, 16, 16, 15, 27, 31, 0, 16, 15, 5, 14, None, None, None, None, None, None, None, None, None, None, None]
n=5: 11822.5s, 22630350848 attempts, 8052963988 affine nodes, 4576 candidates; branch position 23, decisions 17, defined 23; template [0, 0, 0, 1, 0, 2, 4, 7, 0, 8, 10, 16, 16, 21, 28, 3, 0, 22, 9, 20, 18, 1, 14, None, None, None, None, None, None, None, None, None]
n=5: 11842.5s, 22668509184 attempts, 8068422854 affine nodes, 4576 candidates; branch position 23, decisions 18, defined 23; template [0, 0, 0, 1, 0, 2, 4, 7, 0, 8, 10, 16, 16, 22, 27, 5, 0, 9, 12, 28, 13, 10, 2, None, None, None, None, None, None, None, None, None]
n=5: 11862.5s, 22706241536 attempts, 8082472729 affine nodes, 4576 candidates; branch position 22, decisions 17, defined 22; template [0, 0, 0, 1, 0, 2, 4, 7, 0, 8, 10, 16, 16, 25, 28, 14, 0, 25, 13, 26, 15, 11, None, None, None, None, None, None, None, None, None, None]
n=5: 11882.5s, 22743908352 attempts, 8097592159 affine nodes, 4576 candidates; branch position 23, decisions 18, defined 23; template [0, 0, 0, 1, 0, 2, 4, 7, 0, 8, 10, 16, 16, 28, 19, 26, 0, 23, 28, 14, 30, 25, 17, None, None, None, None, None, None, None, None, None]
n=5: 11902.5s, 22782001152 attempts, 8111965230 affine nodes, 4576 candidates; branch position 20, decisions 15, defined 20; template [0, 0, 0, 1, 0, 2, 4, 7, 0, 8, 10, 16, 16, 30, 19, 24, 0, 10, 15, 22, None, None, None, None, None, None, None, None, None, None, None, None]
n=5: 11922.5s, 22820093952 attempts, 8126168013 affine nodes, 4576 candidates; branch position 22, decisions 17, defined 22; template [0, 0, 0, 1, 0, 2, 4, 7, 0, 8, 10, 16, 16, 31, 28, 9, 0, 11, 28, 24, 30, 14, None, None, None, None, None, None, None, None, None, None]
n=5: 11942.5s, 22858039296 attempts, 8140841534 affine nodes, 4576 candidates; branch position 23, decisions 18, defined 23; template [0, 0, 0, 1, 0, 2, 4, 7, 0, 8, 10, 16, 19, 21, 13, 24, 0, 24, 27, 15, 1, 6, 24, None, None, None, None, None, None, None, None, None]
n=5: 11962.5s, 22896115712 attempts, 8156666368 affine nodes, 4576 candidates; branch position 23, decisions 18, defined 23; template [0, 0, 0, 1, 0, 2, 4, 7, 0, 8, 10, 16, 19, 22, 24, 6, 0, 10, 9, 24, 20, 18, 1, None, None, None, None, None, None, None, None, None]
n=5: 11982.5s, 22934142976 attempts, 8172277700 affine nodes, 4576 candidates; branch position 21, decisions 16, defined 21; template [0, 0, 0, 1, 0, 2, 4, 7, 0, 8, 10, 16, 19, 24, 17, 27, 0, 29, 22, 14, 1, None, None, None, None, None, None, None, None, None, None, None]
n=5: 12002.5s, 22971858944 attempts, 8187751505 affine nodes, 4576 candidates; branch position 22, decisions 17, defined 22; template [0, 0, 0, 1, 0, 2, 4, 7, 0, 8, 10, 16, 19, 28, 13, 26, 0, 25, 26, 15, 15, 18, None, None, None, None, None, None, None, None, None, None]
n=5: 12022.5s, 23009820672 attempts, 8202466113 affine nodes, 4576 candidates; branch position 23, decisions 18, defined 23; template [0, 0, 0, 1, 0, 2, 4, 7, 0, 8, 10, 16, 19, 29, 30, 27, 0, 11, 18, 20, 24, 12, 23, None, None, None, None, None, None, None, None, None]
n=5: 12042.6s, 23047782400 attempts, 8218496620 affine nodes, 4576 candidates; branch position 22, decisions 17, defined 22; template [0, 0, 0, 1, 0, 2, 4, 7, 0, 8, 10, 16, 19, 31, 27, 14, 0, 31, 14, 10, 5, 20, None, None, None, None, None, None, None, None, None, None]
n=5: 12062.6s, 23085711360 attempts, 8232838764 affine nodes, 4576 candidates; branch position 23, decisions 18, defined 23; template [0, 0, 0, 1, 0, 2, 4, 7, 0, 8, 10, 16, 21, 17, 28, 25, 0, 13, 22, 11, 3, 31, 23, None, None, None, None, None, None, None, None, None]
n=5: 12082.6s, 23123656704 attempts, 8247653898 affine nodes, 4576 candidates; branch position 22, decisions 17, defined 22; template [0, 0, 0, 1, 0, 2, 4, 7, 0, 8, 10, 16, 21, 18, 29, 27, 0, 19, 27, 12, 5, 1, None, None, None, None, None, None, None, None, None, None]
n=5: 12102.6s, 23161700352 attempts, 8261927856 affine nodes, 4576 candidates; branch position 23, decisions 18, defined 23; template [0, 0, 0, 1, 0, 2, 4, 7, 0, 8, 10, 16, 21, 25, 26, 14, 0, 21, 25, 4, 14, 1, 21, None, None, None, None, None, None, None, None, None]
n=5: 12122.6s, 23199809536 attempts, 8275693433 affine nodes, 4576 candidates; branch position 22, decisions 17, defined 22; template [0, 0, 0, 1, 0, 2, 4, 7, 0, 8, 10, 16, 21, 27, 24, 29, 0, 16, 28, 5, 30, 15, None, None, None, None, None, None, None, None, None, None]
n=5: 12142.6s, 23237804032 attempts, 8290554662 affine nodes, 4576 candidates; branch position 21, decisions 16, defined 21; template [0, 0, 0, 1, 0, 2, 4, 7, 0, 8, 10, 16, 22, 9, 24, 31, 0, 18, 30, 14, 24, None, None, None, None, None, None, None, None, None, None, None]
n=5: 12162.6s, 23275945984 attempts, 8307367321 affine nodes, 4576 candidates; branch position 21, decisions 16, defined 21; template [0, 0, 0, 1, 0, 2, 4, 7, 0, 8, 10, 16, 22, 15, 30, 24, 0, 22, 25, 29, 15, None, None, None, None, None, None, None, None, None, None, None]
n=5: 12182.6s, 23314055168 attempts, 8321911581 affine nodes, 4576 candidates; branch position 22, decisions 17, defined 23; template [0, 0, 0, 1, 0, 2, 4, 7, 0, 8, 10, 16, 22, 18, 26, 9, 0, 21, 11, 28, 1, 26, None, 13, None, None, None, None, None, None, None, None]
n=5: 12202.6s, 23352082432 attempts, 8336678651 affine nodes, 4576 candidates; branch position 23, decisions 18, defined 23; template [0, 0, 0, 1, 0, 2, 4, 7, 0, 8, 10, 16, 22, 24, 20, 31, 0, 21, 22, 8, 8, 13, 26, None, None, None, None, None, None, None, None, None]
n=5: 12222.6s, 23390011392 attempts, 8350867175 affine nodes, 4576 candidates; branch position 23, decisions 18, defined 23; template [0, 0, 0, 1, 0, 2, 4, 7, 0, 8, 10, 16, 22, 26, 20, 3, 0, 16, 21, 30, 7, 27, 24, None, None, None, None, None, None, None, None, None]
n=5: 12242.6s, 23427956736 attempts, 8365398226 affine nodes, 4576 candidates; branch position 22, decisions 17, defined 22; template [0, 0, 0, 1, 0, 2, 4, 7, 0, 8, 10, 16, 22, 29, 17, 14, 0, 24, 13, 30, 12, 8, None, None, None, None, None, None, None, None, None, None]
n=5: 12262.6s, 23465885696 attempts, 8381264531 affine nodes, 4576 candidates; branch position 21, decisions 16, defined 21; template [0, 0, 0, 1, 0, 2, 4, 7, 0, 8, 10, 16, 24, 15, 11, 21, 0, 27, 18, 21, 31, None, None, None, None, None, None, None, None, None, None, None]
n=5: 12282.6s, 23503798272 attempts, 8396454626 affine nodes, 4576 candidates; branch position 23, decisions 18, defined 23; template [0, 0, 0, 1, 0, 2, 4, 7, 0, 8, 10, 16, 24, 21, 13, 3, 0, 9, 20, 19, 10, 12, 2, None, None, None, None, None, None, None, None, None]
n=5: 12302.6s, 23541645312 attempts, 8413641358 affine nodes, 4576 candidates; branch position 22, decisions 17, defined 22; template [0, 0, 0, 1, 0, 2, 4, 7, 0, 8, 10, 16, 24, 22, 19, 0, 0, 13, 14, 28, 17, 1, None, None, None, None, None, None, None, None, None, None]
n=5: 12322.6s, 23579721728 attempts, 8428542144 affine nodes, 4576 candidates; branch position 23, decisions 18, defined 23; template [0, 0, 0, 1, 0, 2, 4, 7, 0, 8, 10, 16, 24, 28, 20, 19, 0, 29, 25, 9, 15, 23, 2, None, None, None, None, None, None, None, None, None]
n=5: 12342.6s, 23617781760 attempts, 8444554979 affine nodes, 4576 candidates; branch position 20, decisions 15, defined 20; template [0, 0, 0, 1, 0, 2, 4, 7, 0, 8, 10, 16, 24, 30, 17, 21, 0, 20, 16, 25, None, None, None, None, None, None, None, None, None, None, None, None]
n=5: 12362.6s, 23655783161 attempts, 8460435456 affine nodes, 4576 candidates; branch position 18, decisions 13, defined 19; template [0, 0, 0, 1, 0, 2, 4, 7, 0, 8, 10, 16, 25, 9, 26, 6, 0, 13, 28, None, None, None, None, None, None, None, None, None, None, None, None, None]
n=5: 12382.6s, 23693737984 attempts, 8475913807 affine nodes, 4576 candidates; branch position 22, decisions 17, defined 22; template [0, 0, 0, 1, 0, 2, 4, 7, 0, 8, 10, 16, 25, 21, 11, 5, 0, 20, 15, 23, 31, 24, None, None, None, None, None, None, None, None, None, None]
n=5: 12402.6s, 23731748864 attempts, 8491355022 affine nodes, 4576 candidates; branch position 22, decisions 17, defined 22; template [0, 0, 0, 1, 0, 2, 4, 7, 0, 8, 10, 16, 25, 22, 11, 29, 0, 16, 31, 12, 19, 4, None, None, None, None, None, None, None, None, None, None]
n=5: 12422.6s, 23769825280 attempts, 8505881490 affine nodes, 4576 candidates; branch position 23, decisions 18, defined 23; template [0, 0, 0, 1, 0, 2, 4, 7, 0, 8, 10, 16, 25, 28, 22, 26, 0, 20, 11, 22, 1, 11, 30, None, None, None, None, None, None, None, None, None]
n=5: 12442.6s, 23807918080 attempts, 8520355765 affine nodes, 4576 candidates; branch position 20, decisions 15, defined 20; template [0, 0, 0, 1, 0, 2, 4, 7, 0, 8, 10, 16, 25, 31, 22, 3, 0, 25, 17, 14, None, None, None, None, None, None, None, None, None, None, None, None]
n=5: 12462.6s, 23845978112 attempts, 8534383487 affine nodes, 4576 candidates; branch position 21, decisions 16, defined 21; template [0, 0, 0, 1, 0, 2, 4, 7, 0, 8, 10, 16, 26, 17, 29, 6, 0, 23, 12, 3, 31, None, None, None, None, None, None, None, None, None, None, None]
n=5: 12482.7s, 23884038144 attempts, 8548468725 affine nodes, 4576 candidates; branch position 22, decisions 17, defined 22; template [0, 0, 0, 1, 0, 2, 4, 7, 0, 8, 10, 16, 26, 22, 19, 3, 0, 20, 23, 9, 9, 17, None, None, None, None, None, None, None, None, None, None]
n=5: 12502.7s, 23922098176 attempts, 8561882072 affine nodes, 4576 candidates; branch position 23, decisions 18, defined 23; template [0, 0, 0, 1, 0, 2, 4, 7, 0, 8, 10, 16, 26, 28, 22, 17, 0, 14, 28, 24, 15, 25, 20, None, None, None, None, None, None, None, None, None]
n=5: 12522.7s, 23960174592 attempts, 8575288813 affine nodes, 4576 candidates; branch position 22, decisions 17, defined 22; template [0, 0, 0, 1, 0, 2, 4, 7, 0, 8, 10, 16, 26, 31, 22, 14, 0, 16, 9, 3, 5, 26, None, None, None, None, None, None, None, None, None, None]
n=5: 12542.7s, 23998070784 attempts, 8590424433 affine nodes, 4576 candidates; branch position 23, decisions 18, defined 23; template [0, 0, 0, 1, 0, 2, 4, 7, 0, 8, 10, 16, 27, 21, 13, 6, 0, 20, 29, 25, 10, 6, 9, None, None, None, None, None, None, None, None, None]
n=5: 12562.7s, 24035917824 attempts, 8605584602 affine nodes, 4576 candidates; branch position 23, decisions 18, defined 23; template [0, 0, 0, 1, 0, 2, 4, 7, 0, 8, 10, 16, 27, 22, 24, 6, 0, 15, 30, 3, 17, 6, 2, None, None, None, None, None, None, None, None, None]
n=5: 12582.7s, 24073830400 attempts, 8620674265 affine nodes, 4576 candidates; branch position 22, decisions 17, defined 22; template [0, 0, 0, 1, 0, 2, 4, 7, 0, 8, 10, 16, 27, 30, 19, 0, 0, 28, 14, 23, 17, 1, None, None, None, None, None, None, None, None, None, None]
n=5: 12602.7s, 24111890432 attempts, 8635556206 affine nodes, 4576 candidates; branch position 21, decisions 16, defined 21; template [0, 0, 0, 1, 0, 2, 4, 7, 0, 8, 10, 16, 28, 9, 26, 21, 0, 11, 8, 31, 7, None, None, None, None, None, None, None, None, None, None, None]
n=5: 12622.7s, 24149704704 attempts, 8649738403 affine nodes, 4576 candidates; branch position 22, decisions 17, defined 22; template [0, 0, 0, 1, 0, 2, 4, 7, 0, 8, 10, 16, 28, 21, 30, 19, 0, 14, 29, 9, 1, 24, None, None, None, None, None, None, None, None, None, None]
n=5: 12642.7s, 24187617280 attempts, 8663967790 affine nodes, 4576 candidates; branch position 22, decisions 17, defined 22; template [0, 0, 0, 1, 0, 2, 4, 7, 0, 8, 10, 16, 28, 26, 11, 14, 0, 31, 17, 3, 12, 23, None, None, None, None, None, None, None, None, None, None]
n=5: 12662.7s, 24225677312 attempts, 8678714545 affine nodes, 4576 candidates; branch position 22, decisions 17, defined 22; template [0, 0, 0, 1, 0, 2, 4, 7, 0, 8, 10, 16, 29, 22, 27, 21, 0, 31, 27, 14, 23, 17, None, None, None, None, None, None, None, None, None, None]
n=5: 12682.7s, 24263835648 attempts, 8692734318 affine nodes, 4576 candidates; branch position 22, decisions 17, defined 22; template [0, 0, 0, 1, 0, 2, 4, 7, 0, 8, 10, 16, 29, 27, 22, 9, 0, 17, 25, 30, 5, 15, None, None, None, None, None, None, None, None, None, None]
n=5: 12702.7s, 24301961216 attempts, 8707107492 affine nodes, 4576 candidates; branch position 23, decisions 18, defined 23; template [0, 0, 0, 1, 0, 2, 4, 7, 0, 8, 10, 16, 30, 21, 29, 26, 0, 13, 23, 11, 25, 1, 16, None, None, None, None, None, None, None, None, None]
n=5: 12722.7s, 24339857408 attempts, 8720595939 affine nodes, 4576 candidates; branch position 23, decisions 18, defined 23; template [0, 0, 0, 1, 0, 2, 4, 7, 0, 8, 10, 16, 31, 17, 28, 23, 0, 19, 8, 24, 18, 30, 16, None, None, None, None, None, None, None, None, None]
n=5: 12742.7s, 24377491456 attempts, 8735045631 affine nodes, 4576 candidates; branch position 23, decisions 18, defined 23; template [0, 0, 0, 1, 0, 2, 4, 7, 0, 8, 10, 16, 31, 26, 19, 28, 0, 27, 8, 28, 20, 18, 15, None, None, None, None, None, None, None, None, None]
n=5: 12762.7s, 24415469568 attempts, 8751303483 affine nodes, 4576 candidates; branch position 22, decisions 17, defined 22; template [0, 0, 0, 1, 0, 2, 4, 7, 0, 8, 11, 14, 14, 16, 29, 25, 0, 21, 30, 2, 9, 14, None, None, None, None, None, None, None, None, None, None]
n=5: 12782.7s, 24453611520 attempts, 8770700389 affine nodes, 4576 candidates; branch position 22, decisions 17, defined 22; template [0, 0, 0, 1, 0, 2, 4, 7, 0, 8, 11, 16, 14, 22, 24, 17, 0, 13, 23, 18, 29, 27, None, None, None, None, None, None, None, None, None, None]
n=5: 12802.7s, 24491343872 attempts, 8788550747 affine nodes, 4576 candidates; branch position 21, decisions 16, defined 21; template [0, 0, 0, 1, 0, 2, 4, 7, 0, 8, 11, 16, 16, 13, 22, 24, 0, 16, 30, 11, 28, None, None, None, None, None, None, None, None, None, None, None]
n=5: 12822.7s, 24528863232 attempts, 8802936887 affine nodes, 4576 candidates; branch position 23, decisions 18, defined 23; template [0, 0, 0, 1, 0, 2, 4, 7, 0, 8, 11, 16, 16, 21, 29, 26, 0, 12, 29, 18, 5, 19, 9, None, None, None, None, None, None, None, None, None]
n=5: 12842.7s, 24566628352 attempts, 8818195925 affine nodes, 4576 candidates; branch position 22, decisions 17, defined 22; template [0, 0, 0, 1, 0, 2, 4, 7, 0, 8, 11, 16, 16, 25, 19, 31, 0, 11, 29, 12, 1, 14, None, None, None, None, None, None, None, None, None, None]
n=5: 12862.7s, 24604278784 attempts, 8833075572 affine nodes, 4576 candidates; branch position 22, decisions 17, defined 22; template [0, 0, 0, 1, 0, 2, 4, 7, 0, 8, 11, 16, 16, 29, 22, 26, 0, 23, 25, 4, 1, 14, None, None, None, None, None, None, None, None, None, None]
n=5: 12882.7s, 24641960590 attempts, 8850243584 affine nodes, 4576 candidates; branch position 18, decisions 13, defined 19; template [0, 0, 0, 1, 0, 2, 4, 7, 0, 8, 11, 16, 19, 13, 25, 10, 0, 13, 31, None, None, None, None, None, None, None, None, None, None, None, None, None]
n=5: 12902.7s, 24679563264 attempts, 8868078935 affine nodes, 4576 candidates; branch position 21, decisions 16, defined 21; template [0, 0, 0, 1, 0, 2, 4, 7, 0, 8, 11, 16, 19, 21, 27, 6, 0, 9, 17, 20, 15, None, None, None, None, None, None, None, None, None, None, None]
n=5: 12922.7s, 24717361152 attempts, 8884904284 affine nodes, 4576 candidates; branch position 21, decisions 16, defined 21; template [0, 0, 0, 1, 0, 2, 4, 7, 0, 8, 11, 16, 19, 22, 30, 13, 0, 16, 26, 15, 10, None, None, None, None, None, None, None, None, None, None, None]
n=5: 12942.8s, 24754896896 attempts, 8901498818 affine nodes, 4576 candidates; branch position 20, decisions 15, defined 20; template [0, 0, 0, 1, 0, 2, 4, 7, 0, 8, 11, 16, 19, 29, 8, 27, 0, 12, 31, 11, None, None, None, None, None, None, None, None, None, None, None, None]
n=5: 12962.8s, 24792416256 attempts, 8917962117 affine nodes, 4576 candidates; branch position 23, decisions 18, defined 23; template [0, 0, 0, 1, 0, 2, 4, 7, 0, 8, 11, 16, 21, 25, 8, 31, 0, 20, 15, 5, 27, 4, 18, None, None, None, None, None, None, None, None, None]
n=5: 12982.8s, 24830099456 attempts, 8934955660 affine nodes, 4576 candidates; branch position 22, decisions 17, defined 22; template [0, 0, 0, 1, 0, 2, 4, 7, 0, 8, 11, 16, 21, 28, 8, 31, 0, 13, 17, 4, 11, 31, None, None, None, None, None, None, None, None, None, None]
n=5: 13002.8s, 24867684352 attempts, 8951191464 affine nodes, 4576 candidates; branch position 23, decisions 18, defined 23; template [0, 0, 0, 1, 0, 2, 4, 7, 0, 8, 11, 16, 22, 26, 31, 13, 0, 26, 18, 11, 7, 27, 25, None, None, None, None, None, None, None, None, None]
n=5: 13022.8s, 24905400320 attempts, 8966721209 affine nodes, 4576 candidates; branch position 22, decisions 17, defined 22; template [0, 0, 0, 1, 0, 2, 4, 7, 0, 8, 11, 16, 25, 11, 14, 23, 0, 13, 25, 30, 21, 19, None, None, None, None, None, None, None, None, None, None]
n=5: 13042.8s, 24943198208 attempts, 8983610038 affine nodes, 4576 candidates; branch position 23, decisions 18, defined 23; template [0, 0, 0, 1, 0, 2, 4, 7, 0, 8, 11, 16, 27, 21, 24, 5, 0, 21, 30, 23, 1, 13, 8, None, None, None, None, None, None, None, None, None]
n=5: 13062.8s, 24980471808 attempts, 9002397500 affine nodes, 4576 candidates; branch position 22, decisions 17, defined 22; template [0, 0, 0, 1, 0, 2, 4, 8, 0, 3, 6, 11, 7, 13, 16, 22, 0, 11, 5, 27, 24, 17, None, None, None, None, None, None, None, None, None, None]
n=5: 13082.8s, 25016893440 attempts, 9023774333 affine nodes, 4576 candidates; branch position 21, decisions 16, defined 21; template [0, 0, 0, 1, 0, 2, 4, 8, 0, 3, 6, 11, 7, 16, 20, 27, 0, 28, 17, 31, 6, None, None, None, None, None, None, None, None, None, None, None]
n=5: 13102.8s, 25053347840 attempts, 9044220989 affine nodes, 4576 candidates; branch position 22, decisions 17, defined 22; template [0, 0, 0, 1, 0, 2, 4, 8, 0, 3, 6, 11, 7, 16, 28, 25, 0, 25, 30, 26, 16, 13, None, None, None, None, None, None, None, None, None, None]
n=5: 13122.8s, 25089982464 attempts, 9064228948 affine nodes, 4576 candidates; branch position 21, decisions 16, defined 21; template [0, 0, 0, 1, 0, 2, 4, 8, 0, 3, 6, 11, 8, 13, 16, 10, 0, 7, 13, 4, 24, None, None, None, None, None, None, None, None, None, None, None]
n=5: 13142.8s, 25126584320 attempts, 9085534028 affine nodes, 4576 candidates; branch position 22, decisions 17, defined 22; template [0, 0, 0, 1, 0, 2, 4, 8, 0, 3, 6, 11, 8, 16, 20, 18, 0, 20, 15, 19, 3, 21, None, None, None, None, None, None, None, None, None, None]
n=5: 13162.8s, 25162907648 attempts, 9105780096 affine nodes, 4576 candidates; branch position 23, decisions 18, defined 23; template [0, 0, 0, 1, 0, 2, 4, 8, 0, 3, 6, 11, 8, 16, 28, 19, 0, 7, 22, 30, 17, 10, 19, None, None, None, None, None, None, None, None, None]
n=5: 13182.8s, 25199247360 attempts, 9124845754 affine nodes, 4576 candidates; branch position 22, decisions 17, defined 22; template [0, 0, 0, 1, 0, 2, 4, 8, 0, 3, 6, 11, 12, 16, 18, 23, 0, 11, 29, 25, 7, 30, None, None, None, None, None, None, None, None, None, None]
n=5: 13202.8s, 25235734528 attempts, 9142463809 affine nodes, 4576 candidates; branch position 22, decisions 17, defined 22; template [0, 0, 0, 1, 0, 2, 4, 8, 0, 3, 6, 11, 12, 16, 26, 31, 0, 24, 3, 7, 13, 6, None, None, None, None, None, None, None, None, None, None]
n=5: 13222.8s, 25272303616 attempts, 9160507904 affine nodes, 4576 candidates; branch position 22, decisions 17, defined 22; template [0, 0, 0, 1, 0, 2, 4, 8, 0, 3, 6, 11, 13, 16, 18, 23, 0, 27, 2, 20, 17, 9, None, None, None, None, None, None, None, None, None, None]
n=5: 13242.8s, 25308774400 attempts, 9178112270 affine nodes, 4576 candidates; branch position 23, decisions 18, defined 23; template [0, 0, 0, 1, 0, 2, 4, 8, 0, 3, 6, 11, 13, 16, 28, 10, 0, 9, 3, 28, 6, 3, 29, None, None, None, None, None, None, None, None, None]
n=5: 13262.8s, 25345179648 attempts, 9196247022 affine nodes, 4576 candidates; branch position 20, decisions 15, defined 20; template [0, 0, 0, 1, 0, 2, 4, 8, 0, 3, 6, 11, 16, 20, 10, 19, 0, 18, 24, 2, None, None, None, None, None, None, None, None, None, None, None, None]
n=5: 13282.8s, 25381683200 attempts, 9213802565 affine nodes, 4576 candidates; branch position 22, decisions 17, defined 22; template [0, 0, 0, 1, 0, 2, 4, 8, 0, 3, 6, 11, 16, 20, 25, 31, 0, 23, 2, 26, 11, 27, None, None, None, None, None, None, None, None, None, None]
n=5: 13302.8s, 25418088448 attempts, 9231991769 affine nodes, 4576 candidates; branch position 22, decisions 17, defined 22; template [0, 0, 0, 1, 0, 2, 4, 8, 0, 3, 6, 11, 16, 21, 10, 30, 0, 7, 27, 16, 28, 10, None, None, None, None, None, None, None, None, None, None]
n=5: 13322.8s, 25454608384 attempts, 9249543865 affine nodes, 4576 candidates; branch position 22, decisions 17, defined 22; template [0, 0, 0, 1, 0, 2, 4, 8, 0, 3, 6, 11, 16, 21, 27, 18, 0, 11, 21, 17, 15, 26, None, None, None, None, None, None, None, None, None, None]
n=5: 13342.8s, 25491046400 attempts, 9267422061 affine nodes, 4576 candidates; branch position 21, decisions 16, defined 21; template [0, 0, 0, 1, 0, 2, 4, 8, 0, 3, 6, 11, 16, 22, 12, 26, 0, 8, 27, 21, 28, None, None, None, None, None, None, None, None, None, None, None]
n=5: 13362.8s, 25527402496 attempts, 9284455609 affine nodes, 4576 candidates; branch position 21, decisions 16, defined 21; template [0, 0, 0, 1, 0, 2, 4, 8, 0, 3, 6, 11, 16, 22, 31, 13, 0, 14, 24, 16, 15, None, None, None, None, None, None, None, None, None, None, None]
n=5: 13382.9s, 25563496448 attempts, 9302681958 affine nodes, 4576 candidates; branch position 21, decisions 16, defined 21; template [0, 0, 0, 1, 0, 2, 4, 8, 0, 3, 6, 11, 16, 23, 19, 10, 0, 24, 31, 20, 18, None, None, None, None, None, None, None, None, None, None, None]
n=5: 13402.9s, 25599721472 attempts, 9320226919 affine nodes, 4576 candidates; branch position 19, decisions 14, defined 19; template [0, 0, 0, 1, 0, 2, 4, 8, 0, 3, 6, 11, 16, 23, 30, 13, 0, 9, 11, None, None, None, None, None, None, None, None, None, None, None, None, None]
n=5: 13422.9s, 25636012032 attempts, 9339994027 affine nodes, 4576 candidates; branch position 21, decisions 16, defined 21; template [0, 0, 0, 1, 0, 2, 4, 8, 0, 3, 6, 11, 16, 31, 5, 20, 0, 28, 16, 10, 10, None, None, None, None, None, None, None, None, None, None, None]
n=5: 13442.9s, 25672155136 attempts, 9358840219 affine nodes, 4576 candidates; branch position 21, decisions 16, defined 21; template [0, 0, 0, 1, 0, 2, 4, 8, 0, 3, 6, 12, 7, 16, 18, 10, 0, 18, 11, 27, 5, None, None, None, None, None, None, None, None, None, None, None]
n=5: 13462.9s, 25708871680 attempts, 9376512584 affine nodes, 4588 candidates; branch position 22, decisions 17, defined 22; template [0, 0, 0, 1, 0, 2, 4, 8, 0, 3, 6, 12, 7, 16, 26, 9, 0, 26, 24, 23, 8, 12, None, None, None, None, None, None, None, None, None, None]
n=5: 13482.9s, 25745539072 attempts, 9394120938 affine nodes, 4588 candidates; branch position 23, decisions 18, defined 23; template [0, 0, 0, 1, 0, 2, 4, 8, 0, 3, 6, 12, 7, 16, 31, 13, 0, 7, 3, 19, 14, 17, 18, None, None, None, None, None, None, None, None, None]
n=5: 13502.9s, 25782370304 attempts, 9411409456 affine nodes, 4588 candidates; branch position 21, decisions 16, defined 21; template [0, 0, 0, 1, 0, 2, 4, 8, 0, 3, 6, 12, 10, 16, 19, 21, 0, 27, 11, 15, 28, None, None, None, None, None, None, None, None, None, None, None]
n=5: 13522.9s, 25818972160 attempts, 9428070784 affine nodes, 4588 candidates; branch position 22, decisions 17, defined 22; template [0, 0, 0, 1, 0, 2, 4, 8, 0, 3, 6, 12, 10, 16, 27, 21, 0, 8, 27, 22, 12, 20, None, None, None, None, None, None, None, None, None, None]
n=5: 13542.9s, 25855754240 attempts, 9444715864 affine nodes, 4588 candidates; branch position 20, decisions 15, defined 20; template [0, 0, 0, 1, 0, 2, 4, 8, 0, 3, 6, 12, 12, 11, 16, 21, 0, 4, 11, 21, None, None, None, None, None, None, None, None, None, None, None, None]
n=5: 13562.9s, 25892487168 attempts, 9461874478 affine nodes, 4588 candidates; branch position 22, decisions 17, defined 22; template [0, 0, 0, 1, 0, 2, 4, 8, 0, 3, 6, 12, 12, 16, 23, 24, 0, 14, 30, 11, 13, 19, None, None, None, None, None, None, None, None, None, None]
n=5: 13582.9s, 25929170944 attempts, 9478387030 affine nodes, 4588 candidates; branch position 22, decisions 17, defined 22; template [0, 0, 0, 1, 0, 2, 4, 8, 0, 3, 6, 12, 12, 16, 30, 19, 0, 19, 25, 3, 23, 14, None, None, None, None, None, None, None, None, None, None]
n=5: 13602.9s, 25966067712 attempts, 9496967155 affine nodes, 4588 candidates; branch position 21, decisions 16, defined 21; template [0, 0, 0, 1, 0, 2, 4, 8, 0, 3, 6, 12, 15, 16, 10, 27, 0, 23, 7, 10, 29, None, None, None, None, None, None, None, None, None, None, None]
n=5: 13622.9s, 26002685952 attempts, 9514585426 affine nodes, 4604 candidates; branch position 23, decisions 18, defined 23; template [0, 0, 0, 1, 0, 2, 4, 8, 0, 3, 6, 12, 15, 16, 26, 23, 0, 30, 19, 23, 29, 14, 5, None, None, None, None, None, None, None, None, None]
n=5: 13642.9s, 26039418880 attempts, 9532808234 affine nodes, 4604 candidates; branch position 21, decisions 16, defined 21; template [0, 0, 0, 1, 0, 2, 4, 8, 0, 3, 6, 12, 16, 6, 5, 26, 0, 18, 13, 16, 25, None, None, None, None, None, None, None, None, None, None, None]
n=5: 13662.9s, 26076151808 attempts, 9551713504 affine nodes, 4604 candidates; branch position 21, decisions 16, defined 21; template [0, 0, 0, 1, 0, 2, 4, 8, 0, 3, 6, 12, 16, 6, 23, 25, 0, 16, 18, 13, 1, None, None, None, None, None, None, None, None, None, None, None]
n=5: 13682.9s, 26112819200 attempts, 9568798077 affine nodes, 4604 candidates; branch position 23, decisions 18, defined 23; template [0, 0, 0, 1, 0, 2, 4, 8, 0, 3, 6, 12, 16, 6, 28, 25, 0, 24, 8, 3, 22, 4, 14, None, None, None, None, None, None, None, None, None]
n=5: 13702.9s, 26149437440 attempts, 9587257213 affine nodes, 4633 candidates; branch position 22, decisions 17, defined 22; template [0, 0, 0, 1, 0, 2, 4, 8, 0, 3, 6, 12, 16, 9, 21, 30, 0, 17, 26, 18, 27, 13, None, None, None, None, None, None, None, None, None, None]
n=5: 13722.9s, 26186055680 attempts, 9604486013 affine nodes, 4633 candidates; branch position 21, decisions 16, defined 21; template [0, 0, 0, 1, 0, 2, 4, 8, 0, 3, 6, 12, 16, 9, 28, 27, 0, 4, 3, 16, 19, None, None, None, None, None, None, None, None, None, None, None]
n=5: 13742.9s, 26222804992 attempts, 9622134472 affine nodes, 4633 candidates; branch position 22, decisions 17, defined 22; template [0, 0, 0, 1, 0, 2, 4, 8, 0, 3, 6, 12, 16, 11, 21, 29, 0, 16, 20, 29, 29, 10, None, None, None, None, None, None, None, None, None, None]
n=5: 13762.9s, 26259456000 attempts, 9638435027 affine nodes, 4633 candidates; branch position 20, decisions 15, defined 20; template [0, 0, 0, 1, 0, 2, 4, 8, 0, 3, 6, 12, 16, 11, 28, 23, 0, 6, 8, 29, None, None, None, None, None, None, None, None, None, None, None, None]
n=5: 13782.9s, 26295975936 attempts, 9655228636 affine nodes, 4633 candidates; branch position 22, decisions 17, defined 22; template [0, 0, 0, 1, 0, 2, 4, 8, 0, 3, 6, 12, 16, 13, 19, 29, 0, 23, 8, 14, 13, 4, None, None, None, None, None, None, None, None, None, None]
n=5: 13802.9s, 26332676096 attempts, 9671538913 affine nodes, 4633 candidates; branch position 21, decisions 16, defined 21; template [0, 0, 0, 1, 0, 2, 4, 8, 0, 3, 6, 12, 16, 13, 27, 15, 0, 15, 27, 28, 5, None, None, None, None, None, None, None, None, None, None, None]
n=5: 13822.9s, 26369376256 attempts, 9688616633 affine nodes, 4633 candidates; branch position 22, decisions 17, defined 22; template [0, 0, 0, 1, 0, 2, 4, 8, 0, 3, 6, 12, 16, 20, 5, 23, 0, 23, 12, 18, 7, 1, None, None, None, None, None, None, None, None, None, None]
n=5: 13843.0s, 26406027264 attempts, 9705190686 affine nodes, 4646 candidates; branch position 22, decisions 17, defined 22; template [0, 0, 0, 1, 0, 2, 4, 8, 0, 3, 6, 12, 16, 20, 25, 9, 0, 28, 31, 4, 1, 6, None, None, None, None, None, None, None, None, None, None]
n=5: 13863.0s, 26442596352 attempts, 9721144072 affine nodes, 4675 candidates; branch position 21, decisions 16, defined 21; template [0, 0, 0, 1, 0, 2, 4, 8, 0, 3, 6, 12, 16, 21, 5, 30, 0, 25, 16, 30, 5, None, None, None, None, None, None, None, None, None, None, None]
n=5: 13883.0s, 26479198208 attempts, 9737480741 affine nodes, 4688 candidates; branch position 22, decisions 17, defined 22; template [0, 0, 0, 1, 0, 2, 4, 8, 0, 3, 6, 12, 16, 21, 27, 29, 0, 19, 23, 2, 24, 7, None, None, None, None, None, None, None, None, None, None]
n=5: 13903.0s, 26515914752 attempts, 9755330236 affine nodes, 4688 candidates; branch position 22, decisions 17, defined 22; template [0, 0, 0, 1, 0, 2, 4, 8, 0, 3, 6, 12, 16, 22, 21, 26, 0, 20, 22, 29, 24, 14, None, None, None, None, None, None, None, None, None, None]
n=5: 13923.0s, 26552582144 attempts, 9772654812 affine nodes, 4688 candidates; branch position 22, decisions 17, defined 22; template [0, 0, 0, 1, 0, 2, 4, 8, 0, 3, 6, 12, 16, 22, 29, 13, 0, 25, 5, 16, 22, 31, None, None, None, None, None, None, None, None, None, None]
n=5: 13943.0s, 26589265920 attempts, 9789950873 affine nodes, 4688 candidates; branch position 22, decisions 17, defined 22; template [0, 0, 0, 1, 0, 2, 4, 8, 0, 3, 6, 12, 16, 23, 21, 27, 0, 20, 7, 23, 14, 11, None, None, None, None, None, None, None, None, None, None]
n=5: 13963.0s, 26625835008 attempts, 9806355666 affine nodes, 4688 candidates; branch position 22, decisions 17, defined 22; template [0, 0, 0, 1, 0, 2, 4, 8, 0, 3, 6, 12, 16, 23, 30, 15, 0, 26, 20, 3, 14, 6, None, None, None, None, None, None, None, None, None, None]
n=5: 13983.0s, 26662371328 attempts, 9823306724 affine nodes, 4688 candidates; branch position 22, decisions 17, defined 22; template [0, 0, 0, 1, 0, 2, 4, 8, 0, 3, 6, 12, 16, 24, 23, 15, 0, 4, 3, 18, 25, 15, None, None, None, None, None, None, None, None, None, None]
n=5: 14003.0s, 26698973184 attempts, 9841562867 affine nodes, 4688 candidates; branch position 22, decisions 17, defined 22; template [0, 0, 0, 1, 0, 2, 4, 8, 0, 3, 6, 12, 16, 25, 19, 13, 0, 23, 21, 4, 10, 28, None, None, None, None, None, None, None, None, None, None]
n=5: 14023.0s, 26735607808 attempts, 9858092737 affine nodes, 4688 candidates; branch position 21, decisions 16, defined 21; template [0, 0, 0, 1, 0, 2, 4, 8, 0, 3, 6, 12, 16, 27, 10, 19, 0, 4, 18, 31, 10, None, None, None, None, None, None, None, None, None, None, None]
n=5: 14043.0s, 26772193280 attempts, 9874173671 affine nodes, 4702 candidates; branch position 21, decisions 16, defined 21; template [0, 0, 0, 1, 0, 2, 4, 8, 0, 3, 6, 12, 16, 27, 28, 15, 0, 9, 26, 18, 17, None, None, None, None, None, None, None, None, None, None, None]
n=5: 14063.0s, 26808827904 attempts, 9890449148 affine nodes, 4716 candidates; branch position 22, decisions 17, defined 22; template [0, 0, 0, 1, 0, 2, 4, 8, 0, 3, 6, 12, 16, 29, 23, 10, 0, 24, 22, 9, 10, 14, None, None, None, None, None, None, None, None, None, None]
n=5: 14083.0s, 26845462528 attempts, 9908157323 affine nodes, 4716 candidates; branch position 22, decisions 17, defined 22; template [0, 0, 0, 1, 0, 2, 4, 8, 0, 3, 6, 12, 16, 30, 19, 10, 0, 11, 26, 7, 1, 25, None, None, None, None, None, None, None, None, None, None]
n=5: 14103.0s, 26882031616 attempts, 9925193992 affine nodes, 4716 candidates; branch position 23, decisions 18, defined 23; template [0, 0, 0, 1, 0, 2, 4, 8, 0, 3, 6, 12, 16, 30, 29, 13, 0, 26, 9, 31, 15, 18, 21, None, None, None, None, None, None, None, None, None]
n=5: 14123.0s, 26918600704 attempts, 9942803719 affine nodes, 4729 candidates; branch position 23, decisions 18, defined 23; template [0, 0, 0, 1, 0, 2, 4, 8, 0, 3, 6, 12, 16, 31, 24, 10, 0, 6, 30, 27, 24, 14, 17, None, None, None, None, None, None, None, None, None]
n=5: 14143.0s, 26955218944 attempts, 9961391450 affine nodes, 4729 candidates; branch position 21, decisions 16, defined 21; template [0, 0, 0, 1, 0, 2, 4, 8, 0, 3, 6, 13, 7, 16, 12, 25, 0, 18, 13, 17, 29, None, None, None, None, None, None, None, None, None, None, None]
n=5: 14163.0s, 26991869952 attempts, 9979762717 affine nodes, 4729 candidates; branch position 22, decisions 17, defined 22; template [0, 0, 0, 1, 0, 2, 4, 8, 0, 3, 6, 13, 7, 16, 23, 5, 0, 13, 9, 16, 28, 27, None, None, None, None, None, None, None, None, None, None]
n=5: 14183.1s, 27028520960 attempts, 9998008437 affine nodes, 4743 candidates; branch position 22, decisions 17, defined 22; template [0, 0, 0, 1, 0, 2, 4, 8, 0, 3, 6, 13, 7, 16, 28, 24, 0, 26, 16, 25, 25, 28, None, None, None, None, None, None, None, None, None, None]
n=5: 14203.1s, 27065401344 attempts, 10015847208 affine nodes, 4743 candidates; branch position 23, decisions 18, defined 23; template [0, 0, 0, 1, 0, 2, 4, 8, 0, 3, 6, 13, 8, 12, 16, 31, 0, 18, 16, 9, 27, 6, 30, None, None, None, None, None, None, None, None, None]
n=5: 14223.1s, 27102183424 attempts, 10034477591 affine nodes, 4743 candidates; branch position 22, decisions 17, defined 22; template [0, 0, 0, 1, 0, 2, 4, 8, 0, 3, 6, 13, 8, 16, 23, 18, 0, 27, 5, 10, 10, 28, None, None, None, None, None, None, None, None, None, None]
n=5: 14243.1s, 27138768896 attempts, 10052976372 affine nodes, 4743 candidates; branch position 22, decisions 17, defined 22; template [0, 0, 0, 1, 0, 2, 4, 8, 0, 3, 6, 13, 8, 16, 28, 27, 0, 29, 31, 21, 30, 19, None, None, None, None, None, None, None, None, None, None]
n=5: 14263.1s, 27175665664 attempts, 10070320285 affine nodes, 4758 candidates; branch position 21, decisions 16, defined 21; template [0, 0, 0, 1, 0, 2, 4, 8, 0, 3, 6, 13, 10, 16, 9, 25, 0, 31, 19, 20, 25, None, None, None, None, None, None, None, None, None, None, None]
n=5: 14283.1s, 27212365824 attempts, 10086932442 affine nodes, 4758 candidates; branch position 22, decisions 17, defined 22; template [0, 0, 0, 1, 0, 2, 4, 8, 0, 3, 6, 13, 10, 16, 25, 5, 0, 14, 27, 17, 3, 11, None, None, None, None, None, None, None, None, None, None]
n=5: 14303.1s, 27248984064 attempts, 10103813752 affine nodes, 4758 candidates; branch position 21, decisions 16, defined 21; template [0, 0, 0, 1, 0, 2, 4, 8, 0, 3, 6, 13, 10, 16, 31, 18, 0, 9, 16, 30, 14, None, None, None, None, None, None, None, None, None, None, None]
n=5: 14323.1s, 27285782528 attempts, 10120675811 affine nodes, 4758 candidates; branch position 23, decisions 18, defined 23; template [0, 0, 0, 1, 0, 2, 4, 8, 0, 3, 6, 13, 13, 16, 19, 21, 0, 4, 25, 20, 3, 18, 21, None, None, None, None, None, None, None, None, None]
n=5: 14343.1s, 27322368000 attempts, 10137492583 affine nodes, 4758 candidates; branch position 21, decisions 16, defined 21; template [0, 0, 0, 1, 0, 2, 4, 8, 0, 3, 6, 13, 13, 16, 27, 10, 0, 25, 19, 28, 3, None, None, None, None, None, None, None, None, None, None, None]
n=5: 14363.1s, 27359068160 attempts, 10153960145 affine nodes, 4758 candidates; branch position 20, decisions 15, defined 20; template [0, 0, 0, 1, 0, 2, 4, 8, 0, 3, 6, 13, 16, 6, 9, 27, 0, 26, 16, 22, None, None, None, None, None, None, None, None, None, None, None, None]
n=5: 14383.1s, 27395784704 attempts, 10172056267 affine nodes, 4771 candidates; branch position 22, decisions 17, defined 22; template [0, 0, 0, 1, 0, 2, 4, 8, 0, 3, 6, 13, 16, 6, 23, 31, 0, 31, 12, 18, 20, 16, None, None, None, None, None, None, None, None, None, None]
n=5: 14403.1s, 27432402944 attempts, 10189900358 affine nodes, 4771 candidates; branch position 21, decisions 16, defined 21; template [0, 0, 0, 1, 0, 2, 4, 8, 0, 3, 6, 13, 16, 6, 29, 23, 0, 26, 7, 14, 8, None, None, None, None, None, None, None, None, None, None, None]
n=5: 14423.1s, 27469168640 attempts, 10207417889 affine nodes, 4771 candidates; branch position 22, decisions 17, defined 22; template [0, 0, 0, 1, 0, 2, 4, 8, 0, 3, 6, 13, 16, 11, 19, 27, 0, 25, 27, 22, 12, 24, None, None, None, None, None, None, None, None, None, None]
n=5: 14443.1s, 27505754112 attempts, 10223693597 affine nodes, 4771 candidates; branch position 23, decisions 18, defined 23; template [0, 0, 0, 1, 0, 2, 4, 8, 0, 3, 6, 13, 16, 11, 27, 28, 0, 16, 25, 28, 22, 14, 21, None, None, None, None, None, None, None, None, None]
n=5: 14463.1s, 27542519808 attempts, 10240988156 affine nodes, 4771 candidates; branch position 21, decisions 16, defined 21; template [0, 0, 0, 1, 0, 2, 4, 8, 0, 3, 6, 13, 16, 12, 19, 23, 0, 7, 30, 15, 23, None, None, None, None, None, None, None, None, None, None, None]
n=5: 14483.1s, 27579121664 attempts, 10257290632 affine nodes, 4771 candidates; branch position 21, decisions 16, defined 21; template [0, 0, 0, 1, 0, 2, 4, 8, 0, 3, 6, 13, 16, 12, 27, 5, 0, 27, 2, 20, 11, None, None, None, None, None, None, None, None, None, None, None]
n=5: 14503.1s, 27615117312 attempts, 10273746267 affine nodes, 4771 candidates; branch position 22, decisions 17, defined 22; template [0, 0, 0, 1, 0, 2, 4, 8, 0, 3, 6, 13, 16, 15, 19, 27, 0, 28, 5, 3, 3, 6, None, None, None, None, None, None, None, None, None, None]
n=5: 14523.1s, 27651047424 attempts, 10290608202 affine nodes, 4782 candidates; branch position 23, decisions 18, defined 23; template [0, 0, 0, 1, 0, 2, 4, 8, 0, 3, 6, 13, 16, 15, 27, 12, 0, 21, 12, 29, 18, 27, 10, None, None, None, None, None, None, None, None, None]
n=5: 14543.2s, 27686961152 attempts, 10308566986 affine nodes, 4782 candidates; branch position 21, decisions 16, defined 21; template [0, 0, 0, 1, 0, 2, 4, 8, 0, 3, 6, 13, 16, 20, 9, 28, 0, 23, 20, 2, 26, None, None, None, None, None, None, None, None, None, None, None]
n=5: 14563.2s, 27722858496 attempts, 10324657799 affine nodes, 4794 candidates; branch position 22, decisions 17, defined 22; template [0, 0, 0, 1, 0, 2, 4, 8, 0, 3, 6, 13, 16, 20, 23, 12, 0, 28, 30, 10, 10, 16, None, None, None, None, None, None, None, None, None, None]
n=5: 14583.2s, 27758657536 attempts, 10340406076 affine nodes, 4809 candidates; branch position 22, decisions 17, defined 22; template [0, 0, 0, 1, 0, 2, 4, 8, 0, 3, 6, 13, 16, 21, 10, 18, 0, 20, 30, 4, 11, 1, None, None, None, None, None, None, None, None, None, None]
n=5: 14603.2s, 27794505728 attempts, 10356342776 affine nodes, 4822 candidates; branch position 23, decisions 18, defined 23; template [0, 0, 0, 1, 0, 2, 4, 8, 0, 3, 6, 13, 16, 21, 27, 5, 0, 19, 7, 31, 14, 30, 21, None, None, None, None, None, None, None, None, None]
n=5: 14623.2s, 27830452224 attempts, 10372313240 affine nodes, 4837 candidates; branch position 22, decisions 17, defined 22; template [0, 0, 0, 1, 0, 2, 4, 8, 0, 3, 6, 13, 16, 22, 12, 5, 0, 23, 25, 7, 13, 10, None, None, None, None, None, None, None, None, None, None]
n=5: 14643.2s, 27866267648 attempts, 10388308568 affine nodes, 4837 candidates; branch position 22, decisions 17, defined 22; template [0, 0, 0, 1, 0, 2, 4, 8, 0, 3, 6, 13, 16, 22, 28, 5, 0, 29, 2, 26, 17, 11, None, None, None, None, None, None, None, None, None, None]
n=5: 14663.2s, 27901984768 attempts, 10405746402 affine nodes, 4837 candidates; branch position 20, decisions 15, defined 20; template [0, 0, 0, 1, 0, 2, 4, 8, 0, 3, 6, 13, 16, 23, 12, 5, 0, 10, 3, 19, None, None, None, None, None, None, None, None, None, None, None, None]
n=5: 14683.2s, 27937964032 attempts, 10423379383 affine nodes, 4837 candidates; branch position 22, decisions 17, defined 22; template [0, 0, 0, 1, 0, 2, 4, 8, 0, 3, 6, 13, 16, 23, 24, 28, 0, 26, 3, 22, 5, 17, None, None, None, None, None, None, None, None, None, None]
n=5: 14703.2s, 27973894144 attempts, 10441618439 affine nodes, 4837 candidates; branch position 21, decisions 16, defined 21; template [0, 0, 0, 1, 0, 2, 4, 8, 0, 3, 6, 13, 16, 24, 10, 20, 0, 24, 3, 10, 18, None, None, None, None, None, None, None, None, None, None, None]
n=5: 14723.2s, 28009807872 attempts, 10459352206 affine nodes, 4837 candidates; branch position 23, decisions 18, defined 23; template [0, 0, 0, 1, 0, 2, 4, 8, 0, 3, 6, 13, 16, 24, 28, 5, 0, 15, 31, 10, 6, 25, 30, None, None, None, None, None, None, None, None, None]
n=5: 14743.2s, 28045770752 attempts, 10476272741 affine nodes, 4837 candidates; branch position 22, decisions 17, defined 22; template [0, 0, 0, 1, 0, 2, 4, 8, 0, 3, 6, 13, 16, 25, 14, 18, 0, 14, 27, 17, 30, 27, None, None, None, None, None, None, None, None, None, None]
n=5: 14763.2s, 28081553408 attempts, 10493068070 affine nodes, 4851 candidates; branch position 22, decisions 17, defined 22; template [0, 0, 0, 1, 0, 2, 4, 8, 0, 3, 6, 13, 16, 25, 29, 26, 0, 14, 17, 2, 15, 24, None, None, None, None, None, None, None, None, None, None]
n=5: 14783.2s, 28117483520 attempts, 10509480772 affine nodes, 4851 candidates; branch position 23, decisions 18, defined 23; template [0, 0, 0, 1, 0, 2, 4, 8, 0, 3, 6, 13, 16, 26, 21, 10, 0, 6, 19, 27, 20, 16, 13, None, None, None, None, None, None, None, None, None]
n=5: 14803.2s, 28153315328 attempts, 10525559983 affine nodes, 4864 candidates; branch position 22, decisions 17, defined 22; template [0, 0, 0, 1, 0, 2, 4, 8, 0, 3, 6, 13, 16, 29, 10, 31, 0, 16, 25, 11, 27, 30, None, None, None, None, None, None, None, None, None, None]
n=5: 14823.2s, 28189261824 attempts, 10541136558 affine nodes, 4877 candidates; branch position 23, decisions 18, defined 23; template [0, 0, 0, 1, 0, 2, 4, 8, 0, 3, 6, 13, 16, 29, 31, 10, 0, 22, 31, 3, 6, 9, 5, None, None, None, None, None, None, None, None, None]
n=5: 14843.2s, 28225263978 attempts, 10558636032 affine nodes, 4877 candidates; branch position 18, decisions 13, defined 19; template [0, 0, 0, 1, 0, 2, 4, 8, 0, 3, 6, 13, 16, 30, 21, 12, 0, 22, 17, None, None, None, None, None, None, None, None, None, None, None, None, None]
n=5: 14863.2s, 28261089280 attempts, 10575446609 affine nodes, 4877 candidates; branch position 22, decisions 17, defined 22; template [0, 0, 0, 1, 0, 2, 4, 8, 0, 3, 6, 13, 16, 31, 10, 12, 0, 24, 17, 7, 20, 6, None, None, None, None, None, None, None, None, None, None]
n=5: 14883.2s, 28296986624 attempts, 10592518645 affine nodes, 4877 candidates; branch position 22, decisions 17, defined 22; template [0, 0, 0, 1, 0, 2, 4, 8, 0, 3, 6, 13, 16, 31, 24, 10, 0, 5, 19, 20, 18, 15, None, None, None, None, None, None, None, None, None, None]
n=5: 14903.2s, 28332965888 attempts, 10609351837 affine nodes, 4888 candidates; branch position 21, decisions 16, defined 21; template [0, 0, 0, 1, 0, 2, 4, 8, 0, 3, 6, 14, 7, 16, 18, 13, 0, 30, 15, 18, 18, None, None, None, None, None, None, None, None, None, None, None]
n=5: 14923.2s, 28368928768 attempts, 10627112498 affine nodes, 4888 candidates; branch position 22, decisions 17, defined 22; template [0, 0, 0, 1, 0, 2, 4, 8, 0, 3, 6, 14, 7, 16, 25, 23, 0, 19, 25, 2, 12, 18, None, None, None, None, None, None, None, None, None, None]
n=5: 14943.2s, 28404924416 attempts, 10644666111 affine nodes, 4900 candidates; branch position 23, decisions 18, defined 23; template [0, 0, 0, 1, 0, 2, 4, 8, 0, 3, 6, 14, 7, 16, 31, 5, 0, 22, 17, 12, 31, 6, 11, None, None, None, None, None, None, None, None, None]
n=5: 14963.2s, 28441001984 attempts, 10662302810 affine nodes, 4912 candidates; branch position 21, decisions 16, defined 21; template [0, 0, 0, 1, 0, 2, 4, 8, 0, 3, 6, 14, 8, 16, 19, 25, 0, 14, 25, 16, 1, None, None, None, None, None, None, None, None, None, None, None]
n=5: 14983.2s, 28476899328 attempts, 10679958038 affine nodes, 4934 candidates; branch position 22, decisions 17, defined 22; template [0, 0, 0, 1, 0, 2, 4, 8, 0, 3, 6, 14, 8, 16, 27, 15, 0, 21, 3, 18, 27, 31, None, None, None, None, None, None, None, None, None, None]
n=5: 15003.2s, 28512501760 attempts, 10697910306 affine nodes, 4934 candidates; branch position 22, decisions 17, defined 22; template [0, 0, 0, 1, 0, 2, 4, 8, 0, 3, 6, 14, 13, 16, 5, 19, 0, 4, 15, 27, 23, 17, None, None, None, None, None, None, None, None, None, None]
n=5: 15023.2s, 28548366336 attempts, 10716193682 affine nodes, 4934 candidates; branch position 23, decisions 18, defined 23; template [0, 0, 0, 1, 0, 2, 4, 8, 0, 3, 6, 14, 13, 16, 20, 19, 0, 24, 9, 12, 5, 20, 19, None, None, None, None, None, None, None, None, None]
n=5: 15043.3s, 28584230912 attempts, 10733584180 affine nodes, 4958 candidates; branch position 21, decisions 16, defined 21; template [0, 0, 0, 1, 0, 2, 4, 8, 0, 3, 6, 14, 13, 16, 27, 31, 0, 18, 29, 27, 12, None, None, None, None, None, None, None, None, None, None, None]
n=5: 15063.3s, 28620177408 attempts, 10751956841 affine nodes, 4958 candidates; branch position 22, decisions 17, defined 22; template [0, 0, 0, 1, 0, 2, 4, 8, 0, 3, 6, 14, 16, 9, 10, 23, 0, 13, 19, 26, 1, 6, None, None, None, None, None, None, None, None, None, None]
n=5: 15083.3s, 28656107520 attempts, 10769278854 affine nodes, 4958 candidates; branch position 22, decisions 17, defined 22; template [0, 0, 0, 1, 0, 2, 4, 8, 0, 3, 6, 14, 16, 9, 23, 28, 0, 5, 18, 31, 24, 17, None, None, None, None, None, None, None, None, None, None]
n=5: 15103.3s, 28691972096 attempts, 10786639682 affine nodes, 4969 candidates; branch position 21, decisions 16, defined 21; template [0, 0, 0, 1, 0, 2, 4, 8, 0, 3, 6, 14, 16, 9, 30, 26, 0, 26, 23, 11, 28, None, None, None, None, None, None, None, None, None, None, None]
n=5: 15123.3s, 28727918592 attempts, 10803087171 affine nodes, 4969 candidates; branch position 21, decisions 16, defined 21; template [0, 0, 0, 1, 0, 2, 4, 8, 0, 3, 6, 14, 16, 11, 23, 5, 0, 25, 21, 17, 1, None, None, None, None, None, None, None, None, None, None, None]
n=5: 15143.3s, 28763750400 attempts, 10820047951 affine nodes, 4969 candidates; branch position 23, decisions 18, defined 23; template [0, 0, 0, 1, 0, 2, 4, 8, 0, 3, 6, 14, 16, 11, 28, 18, 0, 25, 30, 12, 24, 7, 10, None, None, None, None, None, None, None, None, None]
n=5: 15163.3s, 28799664128 attempts, 10836897268 affine nodes, 4969 candidates; branch position 22, decisions 17, defined 22; template [0, 0, 0, 1, 0, 2, 4, 8, 0, 3, 6, 14, 16, 12, 19, 25, 0, 20, 24, 28, 19, 13, None, None, None, None, None, None, None, None, None, None]
n=5: 15183.3s, 28835495936 attempts, 10854781636 affine nodes, 4969 candidates; branch position 22, decisions 17, defined 22; template [0, 0, 0, 1, 0, 2, 4, 8, 0, 3, 6, 14, 16, 12, 25, 28, 0, 19, 7, 31, 13, 24, None, None, None, None, None, None, None, None, None, None]
n=5: 15203.3s, 28871557120 attempts, 10871586661 affine nodes, 4979 candidates; branch position 22, decisions 17, defined 22; template [0, 0, 0, 1, 0, 2, 4, 8, 0, 3, 6, 14, 16, 15, 5, 28, 0, 7, 16, 11, 14, 31, None, None, None, None, None, None, None, None, None, None]
n=5: 15223.3s, 28907520000 attempts, 10887860062 affine nodes, 4979 candidates; branch position 23, decisions 18, defined 23; template [0, 0, 0, 1, 0, 2, 4, 8, 0, 3, 6, 14, 16, 15, 23, 29, 0, 26, 16, 21, 5, 1, 13, None, None, None, None, None, None, None, None, None]
n=5: 15243.3s, 28943499264 attempts, 10904487757 affine nodes, 4979 candidates; branch position 21, decisions 16, defined 21; template [0, 0, 0, 1, 0, 2, 4, 8, 0, 3, 6, 14, 16, 15, 30, 26, 0, 11, 18, 3, 6, None, None, None, None, None, None, None, None, None, None, None]
n=5: 15263.3s, 28979494912 attempts, 10921784610 affine nodes, 4979 candidates; branch position 22, decisions 17, defined 22; template [0, 0, 0, 1, 0, 2, 4, 8, 0, 3, 6, 14, 16, 20, 13, 19, 0, 31, 14, 19, 15, 24, None, None, None, None, None, None, None, None, None, None]
n=5: 15283.3s, 29015293952 attempts, 10939394275 affine nodes, 4979 candidates; branch position 22, decisions 17, defined 22; template [0, 0, 0, 1, 0, 2, 4, 8, 0, 3, 6, 14, 16, 20, 25, 31, 0, 24, 12, 3, 6, 1, None, None, None, None, None, None, None, None, None, None]
n=5: 15303.3s, 29051191296 attempts, 10955595913 affine nodes, 4979 candidates; branch position 22, decisions 17, defined 22; template [0, 0, 0, 1, 0, 2, 4, 8, 0, 3, 6, 14, 16, 21, 10, 26, 0, 15, 27, 12, 3, 22, None, None, None, None, None, None, None, None, None, None]
n=5: 15323.3s, 29087006720 attempts, 10973195109 affine nodes, 4979 candidates; branch position 21, decisions 16, defined 21; template [0, 0, 0, 1, 0, 2, 4, 8, 0, 3, 6, 14, 16, 21, 28, 13, 0, 6, 23, 15, 24, None, None, None, None, None, None, None, None, None, None, None]
n=5: 15343.3s, 29122887680 attempts, 10988753347 affine nodes, 4979 candidates; branch position 20, decisions 15, defined 20; template [0, 0, 0, 1, 0, 2, 4, 8, 0, 3, 6, 14, 16, 22, 9, 26, 0, 18, 27, 13, None, None, None, None, None, None, None, None, None, None, None, None]
n=5: 15363.3s, 29158850560 attempts, 11004574253 affine nodes, 4979 candidates; branch position 22, decisions 17, defined 22; template [0, 0, 0, 1, 0, 2, 4, 8, 0, 3, 6, 14, 16, 22, 27, 5, 0, 15, 22, 29, 6, 16, None, None, None, None, None, None, None, None, None, None]
n=5: 15383.3s, 29194747904 attempts, 11020394203 affine nodes, 4979 candidates; branch position 22, decisions 17, defined 22; template [0, 0, 0, 1, 0, 2, 4, 8, 0, 3, 6, 14, 16, 23, 9, 31, 0, 11, 24, 21, 7, 1, None, None, None, None, None, None, None, None, None, None]
n=5: 15403.3s, 29230448640 attempts, 11035866289 affine nodes, 4979 candidates; branch position 21, decisions 16, defined 21; template [0, 0, 0, 1, 0, 2, 4, 8, 0, 3, 6, 14, 16, 23, 24, 13, 0, 16, 20, 11, 17, None, None, None, None, None, None, None, None, None, None, None]
n=5: 15423.3s, 29266231296 attempts, 11051646851 affine nodes, 4979 candidates; branch position 24, decisions 19, defined 24; template [0, 0, 0, 1, 0, 2, 4, 8, 0, 3, 6, 14, 16, 25, 9, 23, 0, 10, 24, 2, 31, 12, 15, 19, None, None, None, None, None, None, None, None]
n=5: 15443.3s, 29302046720 attempts, 11067596266 affine nodes, 4989 candidates; branch position 21, decisions 16, defined 21; template [0, 0, 0, 1, 0, 2, 4, 8, 0, 3, 6, 14, 16, 25, 27, 9, 0, 10, 3, 22, 1, None, None, None, None, None, None, None, None, None, None, None]
n=5: 15463.4s, 29337894912 attempts, 11083604282 affine nodes, 4999 candidates; branch position 22, decisions 17, defined 22; template [0, 0, 0, 1, 0, 2, 4, 8, 0, 3, 6, 14, 16, 26, 10, 31, 0, 11, 2, 19, 21, 12, None, None, None, None, None, None, None, None, None, None]
n=5: 15483.4s, 29373644800 attempts, 11099713533 affine nodes, 4999 candidates; branch position 22, decisions 17, defined 22; template [0, 0, 0, 1, 0, 2, 4, 8, 0, 3, 6, 14, 16, 26, 24, 29, 0, 25, 21, 10, 26, 21, None, None, None, None, None, None, None, None, None, None]
n=5: 15503.4s, 29409476608 attempts, 11116791170 affine nodes, 4999 candidates; branch position 23, decisions 18, defined 23; template [0, 0, 0, 1, 0, 2, 4, 8, 0, 3, 6, 14, 16, 27, 10, 19, 0, 9, 27, 31, 7, 24, 2, None, None, None, None, None, None, None, None, None]
n=5: 15523.4s, 29445242880 attempts, 11134864862 affine nodes, 4999 candidates; branch position 22, decisions 17, defined 22; template [0, 0, 0, 1, 0, 2, 4, 8, 0, 3, 6, 14, 16, 27, 28, 13, 0, 26, 17, 20, 15, 29, None, None, None, None, None, None, None, None, None, None]
n=5: 15543.4s, 29481123840 attempts, 11151102562 affine nodes, 5012 candidates; branch position 21, decisions 16, defined 21; template [0, 0, 0, 1, 0, 2, 4, 8, 0, 3, 6, 14, 16, 29, 13, 18, 0, 14, 25, 12, 24, None, None, None, None, None, None, None, None, None, None, None]
n=5: 15563.4s, 29516890112 attempts, 11166380860 affine nodes, 5012 candidates; branch position 20, decisions 15, defined 20; template [0, 0, 0, 1, 0, 2, 4, 8, 0, 3, 6, 14, 16, 30, 5, 18, 0, 6, 9, 26, None, None, None, None, None, None, None, None, None, None, None, None]
n=5: 15583.4s, 29552623616 attempts, 11184242621 affine nodes, 5012 candidates; branch position 21, decisions 16, defined 21; template [0, 0, 0, 1, 0, 2, 4, 8, 0, 3, 6, 14, 16, 30, 19, 28, 0, 5, 23, 17, 30, None, None, None, None, None, None, None, None, None, None, None]
n=5: 15603.4s, 29588422656 attempts, 11201138308 affine nodes, 5012 candidates; branch position 22, decisions 17, defined 22; template [0, 0, 0, 1, 0, 2, 4, 8, 0, 3, 6, 14, 16, 31, 5, 29, 0, 10, 31, 20, 6, 24, None, None, None, None, None, None, None, None, None, None]
n=5: 15623.4s, 29624287232 attempts, 11217306797 affine nodes, 5012 candidates; branch position 21, decisions 16, defined 21; template [0, 0, 0, 1, 0, 2, 4, 8, 0, 3, 6, 14, 16, 31, 21, 5, 0, 28, 14, 19, 29, None, None, None, None, None, None, None, None, None, None, None]
n=5: 15643.4s, 29660135424 attempts, 11234028918 affine nodes, 5021 candidates; branch position 21, decisions 16, defined 21; template [0, 0, 0, 1, 0, 2, 4, 8, 0, 3, 6, 15, 8, 6, 16, 29, 0, 19, 9, 27, 29, None, None, None, None, None, None, None, None, None, None, None]
n=5: 15663.4s, 29695983616 attempts, 11252241064 affine nodes, 5021 candidates; branch position 22, decisions 17, defined 22; template [0, 0, 0, 1, 0, 2, 4, 8, 0, 3, 6, 15, 8, 16, 20, 30, 0, 31, 3, 12, 22, 6, None, None, None, None, None, None, None, None, None, None]
n=5: 15683.4s, 29731782656 attempts, 11269763832 affine nodes, 5031 candidates; branch position 22, decisions 17, defined 22; template [0, 0, 0, 1, 0, 2, 4, 8, 0, 3, 6, 15, 8, 16, 28, 27, 0, 4, 15, 29, 3, 24, None, None, None, None, None, None, None, None, None, None]
n=5: 15703.4s, 29767827456 attempts, 11286837548 affine nodes, 5031 candidates; branch position 22, decisions 17, defined 22; template [0, 0, 0, 1, 0, 2, 4, 8, 0, 3, 6, 15, 10, 16, 9, 21, 0, 31, 17, 12, 20, 30, None, None, None, None, None, None, None, None, None, None]
n=5: 15723.4s, 29803675648 attempts, 11303256330 affine nodes, 5031 candidates; branch position 23, decisions 18, defined 23; template [0, 0, 0, 1, 0, 2, 4, 8, 0, 3, 6, 15, 10, 16, 25, 29, 0, 29, 14, 31, 1, 30, 20, None, None, None, None, None, None, None, None, None]
n=5: 15743.4s, 29839491072 attempts, 11319700380 affine nodes, 5031 candidates; branch position 21, decisions 16, defined 21; template [0, 0, 0, 1, 0, 2, 4, 8, 0, 3, 6, 15, 10, 16, 30, 21, 0, 29, 11, 18, 30, None, None, None, None, None, None, None, None, None, None, None]
n=5: 15763.4s, 29875519488 attempts, 11338088897 affine nodes, 5031 candidates; branch position 23, decisions 18, defined 23; template [0, 0, 0, 1, 0, 2, 4, 8, 0, 3, 6, 15, 12, 16, 19, 29, 0, 26, 2, 18, 25, 29, 13, None, None, None, None, None, None, None, None, None]
n=5: 15783.4s, 29911318528 attempts, 11355137282 affine nodes, 5042 candidates; branch position 22, decisions 17, defined 22; template [0, 0, 0, 1, 0, 2, 4, 8, 0, 3, 6, 15, 12, 16, 28, 27, 0, 29, 22, 9, 16, 4, None, None, None, None, None, None, None, None, None, None]
n=5: 15803.4s, 29947363328 attempts, 11372199253 affine nodes, 5042 candidates; branch position 22, decisions 17, defined 22; template [0, 0, 0, 1, 0, 2, 4, 8, 0, 3, 6, 15, 15, 16, 18, 25, 0, 26, 19, 20, 25, 22, None, None, None, None, None, None, None, None, None, None]
n=5: 15823.4s, 29983211520 attempts, 11388160878 affine nodes, 5042 candidates; branch position 22, decisions 17, defined 22; template [0, 0, 0, 1, 0, 2, 4, 8, 0, 3, 6, 15, 15, 16, 26, 30, 0, 27, 3, 22, 1, 4, None, None, None, None, None, None, None, None, None, None]
n=5: 15843.4s, 30019059712 attempts, 11404731333 affine nodes, 5042 candidates; branch position 22, decisions 17, defined 22; template [0, 0, 0, 1, 0, 2, 4, 8, 0, 3, 6, 15, 16, 6, 5, 20, 0, 5, 20, 30, 12, 24, None, None, None, None, None, None, None, None, None, None]
n=5: 15863.5s, 30055055360 attempts, 11422381109 affine nodes, 5042 candidates; branch position 21, decisions 16, defined 21; template [0, 0, 0, 1, 0, 2, 4, 8, 0, 3, 6, 15, 16, 6, 23, 26, 0, 15, 3, 23, 12, None, None, None, None, None, None, None, None, None, None, None]
n=5: 15883.5s, 30090903552 attempts, 11440042342 affine nodes, 5071 candidates; branch position 22, decisions 17, defined 22; template [0, 0, 0, 1, 0, 2, 4, 8, 0, 3, 6, 15, 16, 6, 30, 5, 0, 20, 31, 13, 14, 10, None, None, None, None, None, None, None, None, None, None]
n=5: 15903.5s, 30126850048 attempts, 11457332370 affine nodes, 5071 candidates; branch position 21, decisions 16, defined 21; template [0, 0, 0, 1, 0, 2, 4, 8, 0, 3, 6, 15, 16, 9, 21, 26, 0, 13, 14, 31, 25, None, None, None, None, None, None, None, None, None, None, None]
n=5: 15923.5s, 30162763776 attempts, 11474751108 affine nodes, 5082 candidates; branch position 21, decisions 16, defined 21; template [0, 0, 0, 1, 0, 2, 4, 8, 0, 3, 6, 15, 16, 9, 27, 30, 0, 8, 21, 24, 18, None, None, None, None, None, None, None, None, None, None, None]
n=5: 15943.5s, 30198661120 attempts, 11493176061 affine nodes, 5091 candidates; branch position 21, decisions 16, defined 21; template [0, 0, 0, 1, 0, 2, 4, 8, 0, 3, 6, 15, 16, 13, 19, 20, 0, 5, 16, 2, 30, None, None, None, None, None, None, None, None, None, None, None]
n=5: 15963.5s, 30234492928 attempts, 11510578414 affine nodes, 5104 candidates; branch position 22, decisions 17, defined 22; template [0, 0, 0, 1, 0, 2, 4, 8, 0, 3, 6, 15, 16, 13, 25, 23, 0, 31, 5, 17, 30, 11, None, None, None, None, None, None, None, None, None, None]
n=5: 15983.5s, 30270324736 attempts, 11528006454 affine nodes, 5118 candidates; branch position 21, decisions 16, defined 21; template [0, 0, 0, 1, 0, 2, 4, 8, 0, 3, 6, 15, 16, 20, 5, 19, 0, 26, 8, 13, 1, None, None, None, None, None, None, None, None, None, None, None]
n=5: 16003.5s, 30306222080 attempts, 11545164758 affine nodes, 5118 candidates; branch position 21, decisions 16, defined 21; template [0, 0, 0, 1, 0, 2, 4, 8, 0, 3, 6, 15, 16, 20, 23, 10, 0, 8, 24, 21, 6, None, None, None, None, None, None, None, None, None, None, None]
n=5: 16023.5s, 30341922816 attempts, 11562108618 affine nodes, 5118 candidates; branch position 21, decisions 16, defined 21; template [0, 0, 0, 1, 0, 2, 4, 8, 0, 3, 6, 15, 16, 20, 30, 27, 0, 21, 22, 12, 10, None, None, None, None, None, None, None, None, None, None, None]
n=5: 16043.5s, 30377803776 attempts, 11579022472 affine nodes, 5118 candidates; branch position 22, decisions 17, defined 22; template [0, 0, 0, 1, 0, 2, 4, 8, 0, 3, 6, 15, 16, 21, 23, 9, 0, 19, 9, 7, 7, 12, None, None, None, None, None, None, None, None, None, None]
n=5: 16063.5s, 30413619200 attempts, 11595889225 affine nodes, 5118 candidates; branch position 23, decisions 18, defined 23; template [0, 0, 0, 1, 0, 2, 4, 8, 0, 3, 6, 15, 16, 21, 31, 9, 0, 24, 27, 11, 28, 22, 1, None, None, None, None, None, None, None, None, None]
n=5: 16083.5s, 30449516544 attempts, 11612113165 affine nodes, 5118 candidates; branch position 22, decisions 17, defined 22; template [0, 0, 0, 1, 0, 2, 4, 8, 0, 3, 6, 15, 16, 22, 14, 27, 0, 10, 22, 2, 17, 7, None, None, None, None, None, None, None, None, None, None]
n=5: 16103.5s, 30485217280 attempts, 11627605905 affine nodes, 5118 candidates; branch position 21, decisions 16, defined 21; template [0, 0, 0, 1, 0, 2, 4, 8, 0, 3, 6, 15, 16, 22, 31, 10, 0, 18, 7, 12, 20, None, None, None, None, None, None, None, None, None, None, None]
n=5: 16123.5s, 30521098240 attempts, 11643649188 affine nodes, 5118 candidates; branch position 22, decisions 17, defined 22; template [0, 0, 0, 1, 0, 2, 4, 8, 0, 3, 6, 15, 16, 23, 14, 28, 0, 21, 23, 26, 14, 16, None, None, None, None, None, None, None, None, None, None]
n=5: 16143.5s, 30556962816 attempts, 11658997915 affine nodes, 5118 candidates; branch position 22, decisions 17, defined 22; template [0, 0, 0, 1, 0, 2, 4, 8, 0, 3, 6, 15, 16, 23, 29, 12, 0, 21, 25, 22, 14, 20, None, None, None, None, None, None, None, None, None, None]
n=5: 16163.5s, 30592827392 attempts, 11674775318 affine nodes, 5118 candidates; branch position 22, decisions 17, defined 22; template [0, 0, 0, 1, 0, 2, 4, 8, 0, 3, 6, 15, 16, 24, 14, 23, 0, 7, 14, 17, 1, 22, None, None, None, None, None, None, None, None, None, None]
n=5: 16183.5s, 30628528128 attempts, 11691108018 affine nodes, 5127 candidates; branch position 23, decisions 18, defined 24; template [0, 0, 0, 1, 0, 2, 4, 8, 0, 3, 6, 15, 16, 26, 9, 20, 0, 30, 21, 9, 19, 12, 24, None, None, None, None, None, None, None, None, 6]
n=5: 16203.5s, 30664359936 attempts, 11709140403 affine nodes, 5127 candidates; branch position 22, decisions 17, defined 22; template [0, 0, 0, 1, 0, 2, 4, 8, 0, 3, 6, 15, 16, 26, 24, 10, 0, 8, 30, 27, 1, 16, None, None, None, None, None, None, None, None, None, None]
n=5: 16223.5s, 30700142592 attempts, 11726147333 affine nodes, 5127 candidates; branch position 22, decisions 17, defined 22; template [0, 0, 0, 1, 0, 2, 4, 8, 0, 3, 6, 15, 16, 27, 12, 10, 0, 19, 14, 11, 29, 18, None, None, None, None, None, None, None, None, None, None]
n=5: 16243.5s, 30735925248 attempts, 11742317857 affine nodes, 5139 candidates; branch position 21, decisions 16, defined 21; template [0, 0, 0, 1, 0, 2, 4, 8, 0, 3, 6, 15, 16, 27, 24, 18, 0, 30, 20, 27, 1, None, None, None, None, None, None, None, None, None, None, None]
n=5: 16263.5s, 30771740672 attempts, 11758298569 affine nodes, 5139 candidates; branch position 22, decisions 17, defined 22; template [0, 0, 0, 1, 0, 2, 4, 8, 0, 3, 6, 15, 16, 29, 12, 20, 0, 5, 15, 11, 21, 26, None, None, None, None, None, None, None, None, None, None]
n=5: 16283.5s, 30807605248 attempts, 11773866530 affine nodes, 5139 candidates; branch position 22, decisions 17, defined 22; template [0, 0, 0, 1, 0, 2, 4, 8, 0, 3, 6, 15, 16, 29, 30, 10, 0, 15, 11, 19, 20, 30, None, None, None, None, None, None, None, None, None, None]
n=5: 16303.6s, 30843420672 attempts, 11790819337 affine nodes, 5152 candidates; branch position 21, decisions 16, defined 21; template [0, 0, 0, 1, 0, 2, 4, 8, 0, 3, 6, 15, 16, 30, 14, 10, 0, 11, 18, 14, 13, None, None, None, None, None, None, None, None, None, None, None]
n=5: 16323.6s, 30879268864 attempts, 11807956321 affine nodes, 5152 candidates; branch position 21, decisions 16, defined 21; template [0, 0, 0, 1, 0, 2, 4, 8, 0, 3, 6, 15, 16, 30, 29, 27, 0, 28, 3, 19, 26, None, None, None, None, None, None, None, None, None, None, None]
n=5: 16343.6s, 30915149824 attempts, 11824451690 affine nodes, 5161 candidates; branch position 22, decisions 17, defined 22; template [0, 0, 0, 1, 0, 2, 4, 8, 0, 3, 6, 15, 16, 31, 19, 10, 0, 26, 15, 20, 10, 18, None, None, None, None, None, None, None, None, None, None]
n=5: 16363.6s, 30950834176 attempts, 11841043725 affine nodes, 5161 candidates; branch position 22, decisions 17, defined 22; template [0, 0, 0, 1, 0, 2, 4, 8, 0, 3, 6, 16, 7, 25, 12, 17, 0, 6, 24, 4, 30, 19, None, None, None, None, None, None, None, None, None, None]
n=5: 16383.6s, 30986534912 attempts, 11858706696 affine nodes, 5161 candidates; branch position 22, decisions 17, defined 22; template [0, 0, 0, 1, 0, 2, 4, 8, 0, 3, 6, 16, 7, 25, 23, 26, 0, 5, 14, 28, 18, 14, None, None, None, None, None, None, None, None, None, None]
n=5: 16403.6s, 31022268416 attempts, 11876514829 affine nodes, 5161 candidates; branch position 22, decisions 17, defined 22; template [0, 0, 0, 1, 0, 2, 4, 8, 0, 3, 6, 16, 7, 28, 9, 13, 0, 14, 28, 2, 27, 18, None, None, None, None, None, None, None, None, None, None]
n=5: 16423.6s, 31057854464 attempts, 11893364408 affine nodes, 5161 candidates; branch position 22, decisions 17, defined 22; template [0, 0, 0, 1, 0, 2, 4, 8, 0, 3, 6, 16, 7, 28, 19, 13, 0, 29, 2, 19, 13, 7, None, None, None, None, None, None, None, None, None, None]
n=5: 16443.6s, 31093407744 attempts, 11910380726 affine nodes, 5161 candidates; branch position 21, decisions 16, defined 21; template [0, 0, 0, 1, 0, 2, 4, 8, 0, 3, 6, 16, 7, 28, 30, 17, 0, 21, 18, 13, 14, None, None, None, None, None, None, None, None, None, None, None]
n=5: 16463.6s, 31128977408 attempts, 11930213628 affine nodes, 5161 candidates; branch position 23, decisions 18, defined 23; template [0, 0, 0, 1, 0, 2, 4, 8, 0, 3, 6, 16, 7, 29, 14, 5, 0, 31, 27, 18, 12, 21, 9, None, None, None, None, None, None, None, None, None]
n=5: 16483.6s, 31164645376 attempts, 11952249430 affine nodes, 5161 candidates; branch position 22, decisions 17, defined 22; template [0, 0, 0, 1, 0, 2, 4, 8, 0, 3, 6, 16, 8, 6, 19, 23, 0, 29, 23, 26, 15, 16, None, None, None, None, None, None, None, None, None, None]
n=5: 16503.6s, 31200395264 attempts, 11971929322 affine nodes, 5161 candidates; branch position 22, decisions 17, defined 22; template [0, 0, 0, 1, 0, 2, 4, 8, 0, 3, 6, 16, 8, 6, 26, 28, 0, 7, 3, 10, 6, 23, None, None, None, None, None, None, None, None, None, None]
n=5: 16523.6s, 31236112384 attempts, 11990740306 affine nodes, 5161 candidates; branch position 22, decisions 17, defined 22; template [0, 0, 0, 1, 0, 2, 4, 8, 0, 3, 6, 16, 8, 12, 17, 15, 0, 19, 8, 15, 10, 22, None, None, None, None, None, None, None, None, None, None]
n=5: 16543.6s, 31271878656 attempts, 12008143633 affine nodes, 5161 candidates; branch position 23, decisions 18, defined 23; template [0, 0, 0, 1, 0, 2, 4, 8, 0, 3, 6, 16, 8, 12, 25, 28, 0, 10, 20, 4, 25, 18, 5, None, None, None, None, None, None, None, None, None]
n=5: 16563.6s, 31307759616 attempts, 12025684929 affine nodes, 5174 candidates; branch position 22, decisions 17, defined 22; template [0, 0, 0, 1, 0, 2, 4, 8, 0, 3, 6, 16, 8, 13, 17, 15, 0, 9, 29, 27, 27, 4, None, None, None, None, None, None, None, None, None, None]
n=5: 16583.6s, 31343542272 attempts, 12043047176 affine nodes, 5185 candidates; branch position 21, decisions 16, defined 21; template [0, 0, 0, 1, 0, 2, 4, 8, 0, 3, 6, 16, 8, 13, 23, 10, 0, 24, 14, 17, 15, None, None, None, None, None, None, None, None, None, None, None]
n=5: 16603.6s, 31379390464 attempts, 12060293872 affine nodes, 5185 candidates; branch position 22, decisions 17, defined 22; template [0, 0, 0, 1, 0, 2, 4, 8, 0, 3, 6, 16, 8, 13, 30, 10, 0, 8, 30, 25, 28, 19, None, None, None, None, None, None, None, None, None, None]
n=5: 16623.6s, 31415418880 attempts, 12078909135 affine nodes, 5185 candidates; branch position 21, decisions 16, defined 21; template [0, 0, 0, 1, 0, 2, 4, 8, 0, 3, 6, 16, 8, 15, 17, 12, 0, 17, 24, 19, 10, None, None, None, None, None, None, None, None, None, None, None]
n=5: 16643.6s, 31451201536 attempts, 12096324285 affine nodes, 5196 candidates; branch position 22, decisions 17, defined 23; template [0, 0, 0, 1, 0, 2, 4, 8, 0, 3, 6, 16, 8, 15, 25, 22, 0, 8, 5, 23, 20, 17, None, 15, None, None, None, None, None, None, None, None]
n=5: 16663.6s, 31487049728 attempts, 12113834864 affine nodes, 5206 candidates; branch position 21, decisions 16, defined 21; template [0, 0, 0, 1, 0, 2, 4, 8, 0, 3, 6, 16, 8, 17, 5, 12, 0, 5, 15, 18, 24, None, None, None, None, None, None, None, None, None, None, None]
n=5: 16683.6s, 31522717696 attempts, 12130654696 affine nodes, 5206 candidates; branch position 22, decisions 17, defined 22; template [0, 0, 0, 1, 0, 2, 4, 8, 0, 3, 6, 16, 8, 17, 26, 15, 0, 15, 11, 3, 29, 22, None, None, None, None, None, None, None, None, None, None]
n=5: 16703.6s, 31558320128 attempts, 12147397181 affine nodes, 5206 candidates; branch position 21, decisions 16, defined 21; template [0, 0, 0, 1, 0, 2, 4, 8, 0, 3, 6, 16, 8, 18, 5, 15, 0, 23, 26, 3, 29, None, None, None, None, None, None, None, None, None, None, None]
n=5: 16723.7s, 31593775104 attempts, 12167760092 affine nodes, 5206 candidates; branch position 21, decisions 16, defined 21; template [0, 0, 0, 1, 0, 2, 4, 8, 0, 3, 6, 16, 8, 21, 17, 10, 0, 23, 27, 18, 29, None, None, None, None, None, None, None, None, None, None, None]
n=5: 16743.7s, 31629377536 attempts, 12185580235 affine nodes, 5254 candidates; branch position 21, decisions 16, defined 21; template [0, 0, 0, 1, 0, 2, 4, 8, 0, 3, 6, 16, 8, 21, 28, 5, 0, 30, 2, 4, 25, None, None, None, None, None, None, None, None, None, None, None]
n=5: 16763.7s, 31665045504 attempts, 12203385815 affine nodes, 5269 candidates; branch position 22, decisions 17, defined 22; template [0, 0, 0, 1, 0, 2, 4, 8, 0, 3, 6, 16, 8, 22, 13, 29, 0, 13, 9, 29, 3, 10, None, None, None, None, None, None, None, None, None, None]
n=5: 16783.7s, 31700598784 attempts, 12220817040 affine nodes, 5285 candidates; branch position 22, decisions 17, defined 22; template [0, 0, 0, 1, 0, 2, 4, 8, 0, 3, 6, 16, 8, 22, 28, 15, 0, 4, 31, 26, 14, 31, None, None, None, None, None, None, None, None, None, None]
n=5: 16803.7s, 31736135680 attempts, 12238062422 affine nodes, 5341 candidates; branch position 22, decisions 17, defined 22; template [0, 0, 0, 1, 0, 2, 4, 8, 0, 3, 6, 16, 8, 23, 13, 31, 0, 6, 12, 17, 7, 12, None, None, None, None, None, None, None, None, None, None]
n=5: 16823.7s, 31771656192 attempts, 12254946157 affine nodes, 5402 candidates; branch position 23, decisions 18, defined 23; template [0, 0, 0, 1, 0, 2, 4, 8, 0, 3, 6, 16, 8, 23, 28, 26, 0, 15, 16, 10, 22, 29, 17, None, None, None, None, None, None, None, None, None]
n=5: 16843.7s, 31807275008 attempts, 12273000702 affine nodes, 5402 candidates; branch position 20, decisions 15, defined 20; template [0, 0, 0, 1, 0, 2, 4, 8, 0, 3, 6, 16, 8, 25, 19, 22, 0, 15, 30, 25, None, None, None, None, None, None, None, None, None, None, None, None]
n=5: 16863.7s, 31842959360 attempts, 12290239575 affine nodes, 5457 candidates; branch position 22, decisions 17, defined 22; template [0, 0, 0, 1, 0, 2, 4, 8, 0, 3, 6, 16, 8, 25, 29, 5, 0, 15, 22, 17, 1, 27, None, None, None, None, None, None, None, None, None, None]
n=5: 16883.7s, 31878578176 attempts, 12308582602 affine nodes, 5472 candidates; branch position 22, decisions 17, defined 22; template [0, 0, 0, 1, 0, 2, 4, 8, 0, 3, 6, 16, 8, 26, 17, 23, 0, 4, 14, 22, 3, 20, None, None, None, None, None, None, None, None, None, None]
n=5: 16903.7s, 31914213376 attempts, 12325798360 affine nodes, 5487 candidates; branch position 21, decisions 16, defined 21; template [0, 0, 0, 1, 0, 2, 4, 8, 0, 3, 6, 16, 8, 26, 25, 12, 0, 8, 18, 29, 12, None, None, None, None, None, None, None, None, None, None, None]
n=5: 16923.7s, 31949848576 attempts, 12343697376 affine nodes, 5530 candidates; branch position 23, decisions 18, defined 23; template [0, 0, 0, 1, 0, 2, 4, 8, 0, 3, 6, 16, 8, 27, 13, 28, 0, 24, 23, 14, 30, 12, 17, None, None, None, None, None, None, None, None, None]
n=5: 16943.7s, 31985385472 attempts, 12361193381 affine nodes, 5530 candidates; branch position 22, decisions 17, defined 22; template [0, 0, 0, 1, 0, 2, 4, 8, 0, 3, 6, 16, 8, 27, 25, 28, 0, 20, 27, 28, 3, 17, None, None, None, None, None, None, None, None, None, None]
n=5: 16963.7s, 32020922368 attempts, 12378214243 affine nodes, 5598 candidates; branch position 22, decisions 17, defined 22; template [0, 0, 0, 1, 0, 2, 4, 8, 0, 3, 6, 16, 8, 28, 17, 30, 0, 8, 3, 20, 17, 21, None, None, None, None, None, None, None, None, None, None]
n=5: 16983.7s, 32056360960 attempts, 12395084801 affine nodes, 5598 candidates; branch position 22, decisions 17, defined 22; template [0, 0, 0, 1, 0, 2, 4, 8, 0, 3, 6, 16, 8, 28, 31, 17, 0, 27, 17, 4, 13, 29, None, None, None, None, None, None, None, None, None, None]
n=5: 17003.7s, 32091892004 attempts, 12415139840 affine nodes, 5598 candidates; branch position 18, decisions 13, defined 19; template [0, 0, 0, 1, 0, 2, 4, 8, 0, 3, 6, 16, 8, 29, 23, 15, 0, 26, 17, None, None, None, None, None, None, None, None, None, None, None, None, None]
n=5: 17023.7s, 32127434752 attempts, 12434693547 affine nodes, 5598 candidates; branch position 23, decisions 18, defined 23; template [0, 0, 0, 1, 0, 2, 4, 8, 0, 3, 6, 16, 8, 31, 5, 22, 0, 29, 20, 31, 14, 6, 13, None, None, None, None, None, None, None, None, None]
n=5: 17043.7s, 32162955264 attempts, 12451971613 affine nodes, 5606 candidates; branch position 21, decisions 16, defined 21; template [0, 0, 0, 1, 0, 2, 4, 8, 0, 3, 6, 16, 8, 31, 22, 5, 0, 10, 14, 3, 19, None, None, None, None, None, None, None, None, None, None, None]
n=5: 17063.7s, 32198639616 attempts, 12468596712 affine nodes, 5606 candidates; branch position 22, decisions 17, defined 22; template [0, 0, 0, 1, 0, 2, 4, 8, 0, 3, 6, 16, 10, 12, 17, 24, 0, 15, 28, 23, 12, 21, None, None, None, None, None, None, None, None, None, None]
n=5: 17083.7s, 32234471424 attempts, 12484942929 affine nodes, 5606 candidates; branch position 22, decisions 17, defined 22; template [0, 0, 0, 1, 0, 2, 4, 8, 0, 3, 6, 16, 10, 12, 27, 28, 0, 8, 11, 28, 26, 30, None, None, None, None, None, None, None, None, None, None]
n=5: 17103.7s, 32270401536 attempts, 12501173281 affine nodes, 5606 candidates; branch position 21, decisions 16, defined 21; template [0, 0, 0, 1, 0, 2, 4, 8, 0, 3, 6, 16, 10, 13, 9, 29, 0, 23, 9, 24, 27, None, None, None, None, None, None, None, None, None, None, None]
n=5: 17123.7s, 32306233344 attempts, 12517399468 affine nodes, 5606 candidates; branch position 23, decisions 18, defined 23; template [0, 0, 0, 1, 0, 2, 4, 8, 0, 3, 6, 16, 10, 13, 23, 29, 0, 4, 21, 9, 5, 16, 2, None, None, None, None, None, None, None, None, None]
n=5: 17143.7s, 32342114304 attempts, 12533950538 affine nodes, 5606 candidates; branch position 21, decisions 16, defined 21; template [0, 0, 0, 1, 0, 2, 4, 8, 0, 3, 6, 16, 10, 13, 31, 21, 0, 8, 30, 21, 11, None, None, None, None, None, None, None, None, None, None, None]
n=5: 17163.7s, 32377978880 attempts, 12550243595 affine nodes, 5606 candidates; branch position 22, decisions 17, defined 22; template [0, 0, 0, 1, 0, 2, 4, 8, 0, 3, 6, 16, 10, 15, 20, 30, 0, 27, 13, 11, 24, 10, None, None, None, None, None, None, None, None, None, None]
n=5: 17183.7s, 32413843456 attempts, 12566545303 affine nodes, 5606 candidates; branch position 24, decisions 19, defined 24; template [0, 0, 0, 1, 0, 2, 4, 8, 0, 3, 6, 16, 10, 15, 29, 22, 0, 16, 27, 14, 3, 30, 15, 29, None, None, None, None, None, None, None, None]
n=5: 17203.7s, 32449495040 attempts, 12583182295 affine nodes, 5606 candidates; branch position 23, decisions 18, defined 23; template [0, 0, 0, 1, 0, 2, 4, 8, 0, 3, 6, 16, 10, 17, 22, 19, 0, 20, 29, 4, 27, 3, 24, None, None, None, None, None, None, None, None, None]
n=5: 17223.7s, 32485130240 attempts, 12599594959 affine nodes, 5606 candidates; branch position 23, decisions 18, defined 23; template [0, 0, 0, 1, 0, 2, 4, 8, 0, 3, 6, 16, 10, 17, 31, 22, 0, 14, 28, 11, 21, 19, 7, None, None, None, None, None, None, None, None, None]
n=5: 17243.7s, 32520765440 attempts, 12616423442 affine nodes, 5606 candidates; branch position 23, decisions 18, defined 23; template [0, 0, 0, 1, 0, 2, 4, 8, 0, 3, 6, 16, 10, 18, 29, 9, 0, 15, 5, 12, 12, 28, 24, None, None, None, None, None, None, None, None, None]
n=5: 17263.7s, 32556449792 attempts, 12633104293 affine nodes, 5606 candidates; branch position 22, decisions 17, defined 22; template [0, 0, 0, 1, 0, 2, 4, 8, 0, 3, 6, 16, 10, 21, 23, 29, 0, 4, 25, 13, 11, 28, None, None, None, None, None, None, None, None, None, None]
n=5: 17283.8s, 32592117760 attempts, 12649197632 affine nodes, 5676 candidates; branch position 20, decisions 15, defined 20; template [0, 0, 0, 1, 0, 2, 4, 8, 0, 3, 6, 16, 10, 21, 31, 23, 0, 23, 30, 20, None, None, None, None, None, None, None, None, None, None, None, None]
n=5: 17303.8s, 32627867648 attempts, 12665118380 affine nodes, 5676 candidates; branch position 22, decisions 17, defined 22; template [0, 0, 0, 1, 0, 2, 4, 8, 0, 3, 6, 16, 10, 22, 20, 13, 0, 16, 13, 9, 7, 21, None, None, None, None, None, None, None, None, None, None]
n=5: 17323.8s, 32663568384 attempts, 12681265726 affine nodes, 5739 candidates; branch position 22, decisions 17, defined 22; template [0, 0, 0, 1, 0, 2, 4, 8, 0, 3, 6, 16, 10, 22, 31, 27, 0, 14, 27, 11, 30, 21, None, None, None, None, None, None, None, None, None, None]
n=5: 17343.8s, 32699383808 attempts, 12697673431 affine nodes, 5739 candidates; branch position 23, decisions 18, defined 23; template [0, 0, 0, 1, 0, 2, 4, 8, 0, 3, 6, 16, 10, 23, 26, 5, 0, 7, 26, 10, 6, 26, 17, None, None, None, None, None, None, None, None, None]
n=5: 17363.8s, 32735150080 attempts, 12713882051 affine nodes, 5748 candidates; branch position 23, decisions 18, defined 23; template [0, 0, 0, 1, 0, 2, 4, 8, 0, 3, 6, 16, 10, 25, 5, 17, 0, 15, 11, 2, 28, 24, 6, None, None, None, None, None, None, None, None, None]
n=5: 17383.8s, 32770867200 attempts, 12729688432 affine nodes, 5760 candidates; branch position 22, decisions 17, defined 22; template [0, 0, 0, 1, 0, 2, 4, 8, 0, 3, 6, 16, 10, 25, 23, 30, 0, 29, 8, 13, 28, 6, None, None, None, None, None, None, None, None, None, None]
n=5: 17403.8s, 32806567936 attempts, 12746024138 affine nodes, 5810 candidates; branch position 22, decisions 17, defined 22; template [0, 0, 0, 1, 0, 2, 4, 8, 0, 3, 6, 16, 10, 26, 5, 24, 0, 11, 8, 29, 24, 28, None, None, None, None, None, None, None, None, None, None]
n=5: 17423.8s, 32842235904 attempts, 12762660399 affine nodes, 5810 candidates; branch position 22, decisions 17, defined 22; template [0, 0, 0, 1, 0, 2, 4, 8, 0, 3, 6, 16, 10, 26, 20, 13, 0, 20, 14, 11, 12, 17, None, None, None, None, None, None, None, None, None, None]
n=5: 17443.8s, 32877887488 attempts, 12778972374 affine nodes, 5868 candidates; branch position 22, decisions 17, defined 23; template [0, 0, 0, 1, 0, 2, 4, 8, 0, 3, 6, 16, 10, 27, 5, 30, 0, 28, 11, 13, 18, 23, None, None, None, None, None, None, 28, None, None, None]
n=5: 17463.8s, 32913571840 attempts, 12795140909 affine nodes, 5878 candidates; branch position 22, decisions 17, defined 22; template [0, 0, 0, 1, 0, 2, 4, 8, 0, 3, 6, 16, 10, 27, 23, 28, 0, 6, 15, 31, 21, 24, None, None, None, None, None, None, None, None, None, None]
n=5: 17483.8s, 32949108736 attempts, 12811361579 affine nodes, 5878 candidates; branch position 22, decisions 17, defined 22; template [0, 0, 0, 1, 0, 2, 4, 8, 0, 3, 6, 16, 10, 29, 19, 22, 0, 18, 17, 31, 22, 15, None, None, None, None, None, None, None, None, None, None]
n=5: 17503.8s, 32984711168 attempts, 12828205174 affine nodes, 5878 candidates; branch position 21, decisions 16, defined 21; template [0, 0, 0, 1, 0, 2, 4, 8, 0, 3, 6, 16, 10, 29, 30, 13, 0, 4, 9, 17, 22, None, None, None, None, None, None, None, None, None, None, None]
n=5: 17523.8s, 33020198912 attempts, 12844489974 affine nodes, 5893 candidates; branch position 21, decisions 16, defined 21; template [0, 0, 0, 1, 0, 2, 4, 8, 0, 3, 6, 16, 10, 30, 13, 28, 0, 16, 28, 11, 8, None, None, None, None, None, None, None, None, None, None, None]
n=5: 17543.8s, 33055710884 attempts, 12861046784 affine nodes, 5901 candidates; branch position 18, decisions 13, defined 19; template [0, 0, 0, 1, 0, 2, 4, 8, 0, 3, 6, 16, 10, 30, 26, 23, 0, 17, 24, None, None, None, None, None, None, None, None, None, None, None, None, None]
n=5: 17563.8s, 33091190784 attempts, 12877996509 affine nodes, 5901 candidates; branch position 21, decisions 16, defined 21; template [0, 0, 0, 1, 0, 2, 4, 8, 0, 3, 6, 16, 10, 31, 13, 19, 0, 15, 28, 4, 21, None, None, None, None, None, None, None, None, None, None, None]
n=5: 17583.8s, 33126875136 attempts, 12895601708 affine nodes, 5901 candidates; branch position 22, decisions 17, defined 22; template [0, 0, 0, 1, 0, 2, 4, 8, 0, 3, 6, 16, 10, 31, 27, 9, 0, 20, 25, 17, 13, 7, None, None, None, None, None, None, None, None, None, None]
n=5: 17603.8s, 33162723328 attempts, 12913578062 affine nodes, 5901 candidates; branch position 23, decisions 18, defined 23; template [0, 0, 0, 1, 0, 2, 4, 8, 0, 3, 6, 16, 12, 6, 9, 27, 0, 23, 2, 9, 29, 14, 18, None, None, None, None, None, None, None, None, None]
n=5: 17623.8s, 33198571520 attempts, 12931247025 affine nodes, 5901 candidates; branch position 22, decisions 17, defined 22; template [0, 0, 0, 1, 0, 2, 4, 8, 0, 3, 6, 16, 12, 6, 25, 5, 0, 27, 24, 10, 3, 7, None, None, None, None, None, None, None, None, None, None]
n=5: 17643.8s, 33234452480 attempts, 12948381419 affine nodes, 5921 candidates; branch position 21, decisions 16, defined 21; template [0, 0, 0, 1, 0, 2, 4, 8, 0, 3, 6, 16, 12, 6, 29, 24, 0, 30, 9, 14, 11, None, None, None, None, None, None, None, None, None, None, None]
n=5: 17663.8s, 33270022144 attempts, 12964679615 affine nodes, 5921 candidates; branch position 24, decisions 19, defined 24; template [0, 0, 0, 1, 0, 2, 4, 8, 0, 3, 6, 16, 12, 17, 27, 30, 0, 14, 21, 2, 19, 26, 30, 5, None, None, None, None, None, None, None, None]
n=5: 17683.8s, 33305624576 attempts, 12981739705 affine nodes, 5930 candidates; branch position 21, decisions 16, defined 21; template [0, 0, 0, 1, 0, 2, 4, 8, 0, 3, 6, 16, 12, 18, 9, 30, 0, 10, 13, 23, 30, None, None, None, None, None, None, None, None, None, None, None]
n=5: 17703.8s, 33341276160 attempts, 12998976661 affine nodes, 5983 candidates; branch position 23, decisions 18, defined 23; template [0, 0, 0, 1, 0, 2, 4, 8, 0, 3, 6, 16, 12, 18, 29, 5, 0, 9, 22, 7, 14, 21, 30, None, None, None, None, None, None, None, None, None]
n=5: 17723.8s, 33376976896 attempts, 13015354468 affine nodes, 5997 candidates; branch position 22, decisions 17, defined 22; template [0, 0, 0, 1, 0, 2, 4, 8, 0, 3, 6, 16, 12, 21, 23, 30, 0, 27, 8, 3, 6, 14, None, None, None, None, None, None, None, None, None, None]
n=5: 17743.9s, 33412612096 attempts, 13031832932 affine nodes, 6005 candidates; branch position 23, decisions 18, defined 23; template [0, 0, 0, 1, 0, 2, 4, 8, 0, 3, 6, 16, 12, 22, 5, 26, 0, 18, 31, 17, 24, 19, 9, None, None, None, None, None, None, None, None, None]
n=5: 17763.9s, 33448509440 attempts, 13049728254 affine nodes, 6005 candidates; branch position 22, decisions 17, defined 22; template [0, 0, 0, 1, 0, 2, 4, 8, 0, 3, 6, 16, 12, 22, 27, 29, 0, 16, 15, 28, 8, 17, None, None, None, None, None, None, None, None, None, None]
n=5: 17783.9s, 33484455936 attempts, 13067255758 affine nodes, 6005 candidates; branch position 20, decisions 15, defined 20; template [0, 0, 0, 1, 0, 2, 4, 8, 0, 3, 6, 16, 12, 23, 20, 26, 0, 20, 8, 24, None, None, None, None, None, None, None, None, None, None, None, None]
n=5: 17803.9s, 33520173056 attempts, 13084617466 affine nodes, 6005 candidates; branch position 23, decisions 18, defined 23; template [0, 0, 0, 1, 0, 2, 4, 8, 0, 3, 6, 16, 12, 25, 5, 22, 0, 13, 20, 31, 14, 20, 19, None, None, None, None, None, None, None, None, None]
n=5: 17823.9s, 33555791872 attempts, 13102053320 affine nodes, 6005 candidates; branch position 23, decisions 18, defined 23; template [0, 0, 0, 1, 0, 2, 4, 8, 0, 3, 6, 16, 12, 25, 27, 17, 0, 8, 18, 22, 6, 17, 5, None, None, None, None, None, None, None, None, None]
n=5: 17843.9s, 33591525376 attempts, 13118977190 affine nodes, 6005 candidates; branch position 21, decisions 16, defined 21; template [0, 0, 0, 1, 0, 2, 4, 8, 0, 3, 6, 16, 12, 27, 17, 22, 0, 6, 2, 18, 20, None, None, None, None, None, None, None, None, None, None, None]
n=5: 17863.9s, 33627160576 attempts, 13134964232 affine nodes, 6015 candidates; branch position 21, decisions 16, defined 21; template [0, 0, 0, 1, 0, 2, 4, 8, 0, 3, 6, 16, 12, 28, 9, 19, 0, 30, 8, 2, 29, None, None, None, None, None, None, None, None, None, None, None]
n=5: 17883.9s, 33662877696 attempts, 13150856134 affine nodes, 6082 candidates; branch position 22, decisions 17, defined 22; template [0, 0, 0, 1, 0, 2, 4, 8, 0, 3, 6, 16, 12, 29, 9, 15, 0, 13, 2, 27, 24, 7, None, None, None, None, None, None, None, None, None, None]
n=5: 17903.9s, 33698447360 attempts, 13167966286 affine nodes, 6137 candidates; branch position 22, decisions 17, defined 22; template [0, 0, 0, 1, 0, 2, 4, 8, 0, 3, 6, 16, 12, 29, 23, 19, 0, 5, 8, 28, 19, 25, None, None, None, None, None, None, None, None, None, None]
n=5: 17923.9s, 33734230016 attempts, 13185557085 affine nodes, 6137 candidates; branch position 22, decisions 17, defined 22; template [0, 0, 0, 1, 0, 2, 4, 8, 0, 3, 6, 16, 12, 30, 9, 22, 0, 9, 31, 7, 20, 1, None, None, None, None, None, None, None, None, None, None]
n=5: 17943.9s, 33769979904 attempts, 13201657181 affine nodes, 6176 candidates; branch position 22, decisions 17, defined 22; template [0, 0, 0, 1, 0, 2, 4, 8, 0, 3, 6, 16, 12, 30, 26, 15, 0, 8, 27, 31, 14, 16, None, None, None, None, None, None, None, None, None, None]
n=5: 17963.9s, 33805828096 attempts, 13217825894 affine nodes, 6176 candidates; branch position 22, decisions 17, defined 22; template [0, 0, 0, 1, 0, 2, 4, 8, 0, 3, 6, 16, 12, 31, 9, 29, 0, 21, 31, 25, 18, 14, None, None, None, None, None, None, None, None, None, None]
n=5: 17983.9s, 33841528832 attempts, 13233965916 affine nodes, 6250 candidates; branch position 22, decisions 17, defined 23; template [0, 0, 0, 1, 0, 2, 4, 8, 0, 3, 6, 16, 12, 31, 29, 15, 0, 14, 28, 19, 8, 1, None, 22, None, None, None, None, None, None, None, None]
n=5: 18003.9s, 33877491712 attempts, 13253128556 affine nodes, 6250 candidates; branch position 21, decisions 16, defined 21; template [0, 0, 0, 1, 0, 2, 4, 8, 0, 3, 6, 16, 13, 6, 19, 10, 0, 24, 28, 14, 7, None, None, None, None, None, None, None, None, None, None, None]
n=5: 18023.9s, 33913421824 attempts, 13270654807 affine nodes, 6250 candidates; branch position 23, decisions 18, defined 23; template [0, 0, 0, 1, 0, 2, 4, 8, 0, 3, 6, 16, 13, 6, 26, 9, 0, 24, 21, 29, 8, 18, 6, None, None, None, None, None, None, None, None, None]
n=5: 18043.9s, 33949319168 attempts, 13287994265 affine nodes, 6261 candidates; branch position 21, decisions 16, defined 21; template [0, 0, 0, 1, 0, 2, 4, 8, 0, 3, 6, 16, 13, 6, 31, 17, 0, 10, 7, 31, 28, None, None, None, None, None, None, None, None, None, None, None]
n=5: 18063.9s, 33985150976 attempts, 13304254764 affine nodes, 6261 candidates; branch position 22, decisions 17, defined 22; template [0, 0, 0, 1, 0, 2, 4, 8, 0, 3, 6, 16, 13, 17, 19, 26, 0, 23, 12, 3, 14, 31, None, None, None, None, None, None, None, None, None, None]
n=5: 18083.9s, 34020917248 attempts, 13320344856 affine nodes, 6309 candidates; branch position 22, decisions 17, defined 22; template [0, 0, 0, 1, 0, 2, 4, 8, 0, 3, 6, 16, 13, 17, 29, 10, 0, 13, 7, 24, 17, 11, None, None, None, None, None, None, None, None, None, None]
n=5: 18103.9s, 34056617984 attempts, 13338034472 affine nodes, 6318 candidates; branch position 21, decisions 16, defined 21; template [0, 0, 0, 1, 0, 2, 4, 8, 0, 3, 6, 16, 13, 18, 17, 27, 0, 20, 22, 31, 19, None, None, None, None, None, None, None, None, None, None, None]
n=5: 18123.9s, 34092318720 attempts, 13355295334 affine nodes, 6331 candidates; branch position 22, decisions 17, defined 22; template [0, 0, 0, 1, 0, 2, 4, 8, 0, 3, 6, 16, 13, 18, 29, 10, 0, 27, 22, 19, 12, 7, None, None, None, None, None, None, None, None, None, None]
n=5: 18144.0s, 34128101376 attempts, 13371839999 affine nodes, 6374 candidates; branch position 23, decisions 18, defined 23; template [0, 0, 0, 1, 0, 2, 4, 8, 0, 3, 6, 16, 13, 21, 17, 27, 0, 19, 12, 10, 28, 6, 21, None, None, None, None, None, None, None, None, None]
n=5: 18164.0s, 34163818496 attempts, 13387639290 affine nodes, 6374 candidates; branch position 21, decisions 16, defined 21; template [0, 0, 0, 1, 0, 2, 4, 8, 0, 3, 6, 16, 13, 21, 28, 15, 0, 4, 29, 26, 11, None, None, None, None, None, None, None, None, None, None, None]
n=5: 18184.0s, 34199617536 attempts, 13404358626 affine nodes, 6374 candidates; branch position 21, decisions 16, defined 21; template [0, 0, 0, 1, 0, 2, 4, 8, 0, 3, 6, 16, 13, 22, 17, 26, 0, 18, 13, 10, 31, None, None, None, None, None, None, None, None, None, None, None]
n=5: 18204.0s, 34235334656 attempts, 13421634084 affine nodes, 6374 candidates; branch position 21, decisions 16, defined 21; template [0, 0, 0, 1, 0, 2, 4, 8, 0, 3, 6, 16, 13, 22, 28, 24, 0, 6, 30, 25, 31, None, None, None, None, None, None, None, None, None, None, None]
n=5: 18224.0s, 34271281152 attempts, 13439546982 affine nodes, 6374 candidates; branch position 20, decisions 15, defined 20; template [0, 0, 0, 1, 0, 2, 4, 8, 0, 3, 6, 16, 13, 23, 14, 26, 0, 4, 8, 15, None, None, None, None, None, None, None, None, None, None, None, None]
n=5: 18244.0s, 34307227648 attempts, 13457215849 affine nodes, 6374 candidates; branch position 22, decisions 17, defined 22; template [0, 0, 0, 1, 0, 2, 4, 8, 0, 3, 6, 16, 13, 23, 27, 15, 0, 11, 25, 14, 23, 19, None, None, None, None, None, None, None, None, None, None]
n=5: 18264.0s, 34343124992 attempts, 13474448879 affine nodes, 6374 candidates; branch position 21, decisions 16, defined 21; template [0, 0, 0, 1, 0, 2, 4, 8, 0, 3, 6, 16, 13, 25, 14, 17, 0, 28, 18, 10, 12, None, None, None, None, None, None, None, None, None, None, None]
n=5: 18284.0s, 34378661888 attempts, 13490773274 affine nodes, 6374 candidates; branch position 23, decisions 18, defined 23; template [0, 0, 0, 1, 0, 2, 4, 8, 0, 3, 6, 16, 13, 25, 23, 28, 0, 16, 18, 31, 19, 9, 14, None, None, None, None, None, None, None, None, None]
n=5: 18304.0s, 34414247936 attempts, 13507194065 affine nodes, 6391 candidates; branch position 23, decisions 18, defined 23; template [0, 0, 0, 1, 0, 2, 4, 8, 0, 3, 6, 16, 13, 26, 14, 22, 0, 9, 23, 14, 26, 23, 5, None, None, None, None, None, None, None, None, None]
n=5: 18324.0s, 34449784832 attempts, 13523251784 affine nodes, 6391 candidates; branch position 22, decisions 17, defined 22; template [0, 0, 0, 1, 0, 2, 4, 8, 0, 3, 6, 16, 13, 26, 23, 31, 0, 9, 11, 21, 5, 1, None, None, None, None, None, None, None, None, None, None]
n=5: 18344.0s, 34485518336 attempts, 13539346535 affine nodes, 6401 candidates; branch position 22, decisions 17, defined 22; template [0, 0, 0, 1, 0, 2, 4, 8, 0, 3, 6, 16, 13, 28, 14, 27, 0, 13, 14, 25, 28, 24, None, None, None, None, None, None, None, None, None, None]
n=5: 18364.0s, 34521350144 attempts, 13554818059 affine nodes, 6401 candidates; branch position 22, decisions 17, defined 22; template [0, 0, 0, 1, 0, 2, 4, 8, 0, 3, 6, 16, 13, 28, 27, 21, 0, 8, 18, 29, 1, 18, None, None, None, None, None, None, None, None, None, None]
n=5: 18384.0s, 34557050880 attempts, 13572298324 affine nodes, 6401 candidates; branch position 22, decisions 17, defined 22; template [0, 0, 0, 1, 0, 2, 4, 8, 0, 3, 6, 16, 13, 29, 19, 15, 0, 10, 5, 27, 7, 28, None, None, None, None, None, None, None, None, None, None]
n=5: 18404.0s, 34592784384 attempts, 13589462810 affine nodes, 6440 candidates; branch position 21, decisions 16, defined 21; template [0, 0, 0, 1, 0, 2, 4, 8, 0, 3, 6, 16, 13, 29, 25, 22, 0, 9, 31, 10, 24, None, None, None, None, None, None, None, None, None, None, None]
n=5: 18424.0s, 34628534272 attempts, 13606019084 affine nodes, 6450 candidates; branch position 21, decisions 16, defined 21; template [0, 0, 0, 1, 0, 2, 4, 8, 0, 3, 6, 16, 13, 30, 17, 21, 0, 14, 2, 27, 18, None, None, None, None, None, None, None, None, None, None, None]
n=5: 18444.0s, 34664251392 attempts, 13622469132 affine nodes, 6493 candidates; branch position 22, decisions 17, defined 22; template [0, 0, 0, 1, 0, 2, 4, 8, 0, 3, 6, 16, 13, 30, 28, 17, 0, 31, 13, 9, 10, 4, None, None, None, None, None, None, None, None, None, None]
n=5: 18464.0s, 34700034048 attempts, 13638964292 affine nodes, 6504 candidates; branch position 24, decisions 19, defined 24; template [0, 0, 0, 1, 0, 2, 4, 8, 0, 3, 6, 16, 13, 31, 14, 26, 0, 30, 28, 22, 3, 7, 29, 12, None, None, None, None, None, None, None, None]
n=5: 18484.0s, 34735751168 attempts, 13655856834 affine nodes, 6514 candidates; branch position 22, decisions 17, defined 22; template [0, 0, 0, 1, 0, 2, 4, 8, 0, 3, 6, 16, 13, 31, 27, 19, 0, 21, 18, 12, 7, 29, None, None, None, None, None, None, None, None, None, None]
n=5: 18504.0s, 34771664896 attempts, 13674041664 affine nodes, 6520 candidates; branch position 22, decisions 17, defined 22; template [0, 0, 0, 1, 0, 2, 4, 8, 0, 3, 6, 16, 15, 6, 17, 22, 0, 29, 31, 10, 7, 22, None, None, None, None, None, None, None, None, None, None]
n=5: 18524.0s, 34807480320 attempts, 13691831503 affine nodes, 6529 candidates; branch position 21, decisions 16, defined 21; template [0, 0, 0, 1, 0, 2, 4, 8, 0, 3, 6, 16, 15, 6, 25, 28, 0, 15, 3, 20, 27, None, None, None, None, None, None, None, None, None, None, None]
n=5: 18544.0s, 34843443200 attempts, 13708746739 affine nodes, 6529 candidates; branch position 23, decisions 18, defined 23; template [0, 0, 0, 1, 0, 2, 4, 8, 0, 3, 6, 16, 15, 17, 10, 13, 0, 5, 18, 10, 1, 30, 21, None, None, None, None, None, None, None, None, None]
n=5: 18564.1s, 34879258624 attempts, 13725702033 affine nodes, 6529 candidates; branch position 22, decisions 17, defined 22; template [0, 0, 0, 1, 0, 2, 4, 8, 0, 3, 6, 16, 15, 17, 26, 29, 0, 24, 20, 31, 19, 6, None, None, None, None, None, None, None, None, None, None]
n=5: 18584.1s, 34915024896 attempts, 13741794458 affine nodes, 6586 candidates; branch position 23, decisions 18, defined 23; template [0, 0, 0, 1, 0, 2, 4, 8, 0, 3, 6, 16, 15, 18, 12, 28, 0, 11, 29, 12, 22, 16, 19, None, None, None, None, None, None, None, None, None]
n=5: 18604.1s, 34950692864 attempts, 13759893508 affine nodes, 6622 candidates; branch position 21, decisions 16, defined 21; template [0, 0, 0, 1, 0, 2, 4, 8, 0, 3, 6, 16, 15, 18, 29, 13, 0, 5, 20, 27, 11, None, None, None, None, None, None, None, None, None, None, None]
n=5: 18624.1s, 34986590208 attempts, 13777458714 affine nodes, 6634 candidates; branch position 22, decisions 17, defined 22; template [0, 0, 0, 1, 0, 2, 4, 8, 0, 3, 6, 16, 15, 21, 12, 28, 0, 4, 21, 11, 31, 22, None, None, None, None, None, None, None, None, None, None]
n=5: 18644.1s, 35022340096 attempts, 13796000857 affine nodes, 6634 candidates; branch position 20, decisions 15, defined 20; template [0, 0, 0, 1, 0, 2, 4, 8, 0, 3, 6, 16, 15, 21, 26, 23, 0, 4, 30, 3, None, None, None, None, None, None, None, None, None, None, None, None]
n=5: 18664.1s, 35058139136 attempts, 13812868038 affine nodes, 6634 candidates; branch position 21, decisions 16, defined 21; template [0, 0, 0, 1, 0, 2, 4, 8, 0, 3, 6, 16, 15, 22, 10, 30, 0, 26, 15, 24, 19, None, None, None, None, None, None, None, None, None, None, None]
n=5: 18684.1s, 35093823488 attempts, 13829073534 affine nodes, 6634 candidates; branch position 23, decisions 18, defined 23; template [0, 0, 0, 1, 0, 2, 4, 8, 0, 3, 6, 16, 15, 22, 27, 12, 0, 4, 8, 22, 13, 7, 24, None, None, None, None, None, None, None, None, None]
n=5: 18704.1s, 35129688064 attempts, 13844765385 affine nodes, 6641 candidates; branch position 22, decisions 17, defined 22; template [0, 0, 0, 1, 0, 2, 4, 8, 0, 3, 6, 16, 15, 23, 12, 27, 0, 10, 16, 24, 5, 25, None, None, None, None, None, None, None, None, None, None]
n=5: 18724.1s, 35165437952 attempts, 13860883848 affine nodes, 6650 candidates; branch position 22, decisions 17, defined 22; template [0, 0, 0, 1, 0, 2, 4, 8, 0, 3, 6, 16, 15, 23, 29, 12, 0, 13, 28, 25, 16, 11, None, None, None, None, None, None, None, None, None, None]
n=5: 18744.1s, 35201155072 attempts, 13877949404 affine nodes, 6650 candidates; branch position 21, decisions 16, defined 21; template [0, 0, 0, 1, 0, 2, 4, 8, 0, 3, 6, 16, 15, 26, 19, 29, 0, 16, 29, 2, 26, None, None, None, None, None, None, None, None, None, None, None]
n=5: 18764.1s, 35236790272 attempts, 13896232393 affine nodes, 6650 candidates; branch position 22, decisions 17, defined 22; template [0, 0, 0, 1, 0, 2, 4, 8, 0, 3, 6, 16, 15, 26, 30, 12, 0, 4, 14, 9, 19, 7, None, None, None, None, None, None, None, None, None, None]
n=5: 18784.1s, 35272572928 attempts, 13913433988 affine nodes, 6663 candidates; branch position 22, decisions 17, defined 23; template [0, 0, 0, 1, 0, 2, 4, 8, 0, 3, 6, 16, 15, 27, 20, 19, 0, 13, 16, 24, 6, 25, None, 15, None, None, None, None, None, None, None, None]
n=5: 18804.1s, 35308257280 attempts, 13930692617 affine nodes, 6663 candidates; branch position 21, decisions 16, defined 21; template [0, 0, 0, 1, 0, 2, 4, 8, 0, 3, 6, 16, 15, 28, 10, 17, 0, 26, 30, 21, 3, None, None, None, None, None, None, None, None, None, None, None]
n=5: 18824.1s, 35344023552 attempts, 13946781835 affine nodes, 6711 candidates; branch position 23, decisions 18, defined 23; template [0, 0, 0, 1, 0, 2, 4, 8, 0, 3, 6, 16, 15, 28, 27, 12, 0, 20, 12, 9, 25, 7, 26, None, None, None, None, None, None, None, None, None]
n=5: 18844.1s, 35379757056 attempts, 13963958797 affine nodes, 6720 candidates; branch position 22, decisions 17, defined 22; template [0, 0, 0, 1, 0, 2, 4, 8, 0, 3, 6, 16, 15, 29, 17, 12, 0, 30, 5, 21, 11, 16, None, None, None, None, None, None, None, None, None, None]
n=5: 18864.1s, 35415506944 attempts, 13981815763 affine nodes, 6732 candidates; branch position 22, decisions 17, defined 22; template [0, 0, 0, 1, 0, 2, 4, 8, 0, 3, 6, 16, 15, 29, 25, 12, 0, 17, 7, 26, 21, 16, None, None, None, None, None, None, None, None, None, None]
n=5: 18884.1s, 35451289600 attempts, 13999291311 affine nodes, 6732 candidates; branch position 22, decisions 17, defined 22; template [0, 0, 0, 1, 0, 2, 4, 8, 0, 3, 6, 16, 15, 30, 12, 5, 0, 20, 8, 26, 7, 15, None, None, None, None, None, None, None, None, None, None]
n=5: 18904.1s, 35487088640 attempts, 14015473870 affine nodes, 6753 candidates; branch position 23, decisions 18, defined 23; template [0, 0, 0, 1, 0, 2, 4, 8, 0, 3, 6, 16, 15, 30, 23, 28, 0, 24, 7, 3, 18, 1, 27, None, None, None, None, None, None, None, None, None]
n=5: 18924.1s, 35522887680 attempts, 14032082040 affine nodes, 6799 candidates; branch position 22, decisions 17, defined 22; template [0, 0, 0, 1, 0, 2, 4, 8, 0, 3, 6, 16, 15, 31, 12, 19, 0, 20, 23, 2, 21, 26, None, None, None, None, None, None, None, None, None, None]
n=5: 18944.1s, 35558703104 attempts, 14049020103 affine nodes, 6803 candidates; branch position 23, decisions 18, defined 23; template [0, 0, 0, 1, 0, 2, 4, 8, 0, 3, 6, 16, 15, 31, 27, 17, 0, 14, 13, 28, 26, 4, 19, None, None, None, None, None, None, None, None, None]
n=5: 18964.1s, 35594436608 attempts, 14065804893 affine nodes, 6821 candidates; branch position 23, decisions 18, defined 23; template [0, 0, 0, 1, 0, 2, 4, 8, 0, 3, 6, 16, 16, 9, 23, 28, 0, 16, 25, 14, 22, 30, 10, None, None, None, None, None, None, None, None, None]
n=5: 18984.1s, 35630170112 attempts, 14082482997 affine nodes, 6821 candidates; branch position 23, decisions 18, defined 23; template [0, 0, 0, 1, 0, 2, 4, 8, 0, 3, 6, 16, 16, 12, 19, 26, 0, 26, 25, 7, 11, 31, 14, None, None, None, None, None, None, None, None, None]
n=5: 19004.2s, 35665936384 attempts, 14098976236 affine nodes, 6821 candidates; branch position 22, decisions 17, defined 22; template [0, 0, 0, 1, 0, 2, 4, 8, 0, 3, 6, 16, 16, 12, 30, 5, 0, 23, 16, 27, 1, 9, None, None, None, None, None, None, None, None, None, None]
n=5: 19024.2s, 35701686272 attempts, 14115386080 affine nodes, 6835 candidates; branch position 22, decisions 17, defined 22; template [0, 0, 0, 1, 0, 2, 4, 8, 0, 3, 6, 16, 16, 13, 14, 31, 0, 13, 25, 14, 11, 12, None, None, None, None, None, None, None, None, None, None]
n=5: 19044.2s, 35737550848 attempts, 14131343748 affine nodes, 6871 candidates; branch position 23, decisions 18, defined 23; template [0, 0, 0, 1, 0, 2, 4, 8, 0, 3, 6, 16, 16, 13, 28, 19, 0, 31, 7, 15, 25, 1, 11, None, None, None, None, None, None, None, None, None]
n=5: 19064.2s, 35773366272 attempts, 14147674027 affine nodes, 6881 candidates; branch position 21, decisions 16, defined 21; template [0, 0, 0, 1, 0, 2, 4, 8, 0, 3, 6, 16, 16, 15, 13, 23, 0, 13, 28, 18, 23, None, None, None, None, None, None, None, None, None, None, None]
n=5: 19084.2s, 35809083392 attempts, 14164194993 affine nodes, 6932 candidates; branch position 22, decisions 17, defined 22; template [0, 0, 0, 1, 0, 2, 4, 8, 0, 3, 6, 16, 16, 15, 29, 12, 0, 4, 29, 22, 24, 23, None, None, None, None, None, None, None, None, None, None]
n=5: 19104.2s, 35844849664 attempts, 14180783437 affine nodes, 6942 candidates; branch position 22, decisions 17, defined 22; template [0, 0, 0, 1, 0, 2, 4, 8, 0, 3, 6, 16, 16, 21, 12, 28, 0, 4, 21, 11, 13, 24, None, None, None, None, None, None, None, None, None, None]
n=5: 19124.2s, 35880730624 attempts, 14197909017 affine nodes, 6942 candidates; branch position 21, decisions 16, defined 21; template [0, 0, 0, 1, 0, 2, 4, 8, 0, 3, 6, 16, 16, 21, 27, 15, 0, 11, 7, 3, 5, None, None, None, None, None, None, None, None, None, None, None]
n=5: 19144.2s, 35916578816 attempts, 14214321021 affine nodes, 6942 candidates; branch position 21, decisions 16, defined 21; template [0, 0, 0, 1, 0, 2, 4, 8, 0, 3, 6, 16, 16, 22, 5, 30, 0, 5, 7, 27, 24, None, None, None, None, None, None, None, None, None, None, None]
n=5: 19164.2s, 35952427008 attempts, 14230767491 affine nodes, 6942 candidates; branch position 22, decisions 17, defined 22; template [0, 0, 0, 1, 0, 2, 4, 8, 0, 3, 6, 16, 16, 22, 25, 12, 0, 27, 18, 10, 5, 13, None, None, None, None, None, None, None, None, None, None]
n=5: 19184.2s, 35988226048 attempts, 14247139014 affine nodes, 6942 candidates; branch position 22, decisions 17, defined 22; template [0, 0, 0, 1, 0, 2, 4, 8, 0, 3, 6, 16, 16, 23, 5, 13, 0, 20, 16, 10, 5, 3, None, None, None, None, None, None, None, None, None, None]
n=5: 19204.2s, 36024041472 attempts, 14263770636 affine nodes, 6942 candidates; branch position 22, decisions 17, defined 22; template [0, 0, 0, 1, 0, 2, 4, 8, 0, 3, 6, 16, 16, 23, 13, 31, 0, 23, 27, 14, 30, 1, None, None, None, None, None, None, None, None, None, None]
n=5: 19224.2s, 36059873280 attempts, 14280186877 affine nodes, 6942 candidates; branch position 22, decisions 17, defined 22; template [0, 0, 0, 1, 0, 2, 4, 8, 0, 3, 6, 16, 16, 23, 28, 12, 0, 18, 16, 13, 11, 3, None, None, None, None, None, None, None, None, None, None]
n=5: 19244.2s, 36095770624 attempts, 14296876060 affine nodes, 6942 candidates; branch position 21, decisions 16, defined 21; template [0, 0, 0, 1, 0, 2, 4, 8, 0, 3, 6, 16, 16, 25, 10, 30, 0, 27, 2, 21, 7, None, None, None, None, None, None, None, None, None, None, None]
n=5: 19264.2s, 36131602432 attempts, 14313077708 affine nodes, 6978 candidates; branch position 22, decisions 17, defined 22; template [0, 0, 0, 1, 0, 2, 4, 8, 0, 3, 6, 16, 16, 25, 23, 26, 0, 27, 18, 22, 24, 4, None, None, None, None, None, None, None, None, None, None]
n=5: 19284.2s, 36167385088 attempts, 14329495469 affine nodes, 6992 candidates; branch position 22, decisions 17, defined 22; template [0, 0, 0, 1, 0, 2, 4, 8, 0, 3, 6, 16, 16, 26, 9, 23, 0, 19, 7, 9, 5, 14, None, None, None, None, None, None, None, None, None, None]
n=5: 19304.2s, 36203266048 attempts, 14345864987 affine nodes, 6992 candidates; branch position 22, decisions 17, defined 22; template [0, 0, 0, 1, 0, 2, 4, 8, 0, 3, 6, 16, 16, 26, 25, 5, 0, 8, 18, 10, 19, 7, None, None, None, None, None, None, None, None, None, None]
n=5: 19324.2s, 36239065088 attempts, 14362585023 affine nodes, 7003 candidates; branch position 22, decisions 17, defined 22; template [0, 0, 0, 1, 0, 2, 4, 8, 0, 3, 6, 16, 16, 27, 9, 30, 0, 18, 13, 2, 7, 3, None, None, None, None, None, None, None, None, None, None]
n=5: 19344.2s, 36274946048 attempts, 14379074745 affine nodes, 7036 candidates; branch position 22, decisions 17, defined 22; template [0, 0, 0, 1, 0, 2, 4, 8, 0, 3, 6, 16, 16, 27, 23, 15, 0, 6, 31, 23, 18, 3, None, None, None, None, None, None, None, None, None, None]
n=5: 19364.2s, 36310663168 attempts, 14395597740 affine nodes, 7058 candidates; branch position 23, decisions 18, defined 23; template [0, 0, 0, 1, 0, 2, 4, 8, 0, 3, 6, 16, 16, 29, 10, 13, 0, 31, 27, 19, 28, 12, 1, None, None, None, None, None, None, None, None, None]
n=5: 19384.3s, 36346347520 attempts, 14412092012 affine nodes, 7070 candidates; branch position 23, decisions 17, defined 23; template [0, 0, 0, 1, 0, 2, 4, 8, 0, 3, 6, 16, 16, 29, 23, 31, 0, 25, 5, 11, 21, 10, 30, None, None, None, None, None, None, None, None, None]
n=5: 19404.3s, 36381917184 attempts, 14428994605 affine nodes, 7070 candidates; branch position 22, decisions 17, defined 22; template [0, 0, 0, 1, 0, 2, 4, 8, 0, 3, 6, 16, 16, 30, 9, 28, 0, 16, 11, 25, 26, 4, None, None, None, None, None, None, None, None, None, None]
n=5: 19424.3s, 36417536000 attempts, 14446456565 affine nodes, 7070 candidates; branch position 23, decisions 18, defined 23; template [0, 0, 0, 1, 0, 2, 4, 8, 0, 3, 6, 16, 16, 30, 23, 15, 0, 9, 14, 30, 27, 4, 18, None, None, None, None, None, None, None, None, None]
n=5: 19444.3s, 36453154816 attempts, 14463612179 affine nodes, 7070 candidates; branch position 22, decisions 17, defined 22; template [0, 0, 0, 1, 0, 2, 4, 8, 0, 3, 6, 16, 16, 31, 9, 23, 0, 18, 31, 27, 30, 11, None, None, None, None, None, None, None, None, None, None]
n=5: 19464.3s, 36488822784 attempts, 14479989477 affine nodes, 7077 candidates; branch position 21, decisions 16, defined 21; template [0, 0, 0, 1, 0, 2, 4, 8, 0, 3, 6, 16, 16, 31, 19, 9, 0, 6, 25, 19, 30, None, None, None, None, None, None, None, None, None, None, None]
n=5: 19484.3s, 36524244992 attempts, 14498173087 affine nodes, 7077 candidates; branch position 22, decisions 17, defined 22; template [0, 0, 0, 1, 0, 2, 4, 8, 0, 3, 6, 16, 19, 6, 5, 29, 0, 17, 3, 11, 27, 9, None, None, None, None, None, None, None, None, None, None]
n=5: 19504.3s, 36559765504 attempts, 14519246027 affine nodes, 7077 candidates; branch position 22, decisions 17, defined 22; template [0, 0, 0, 1, 0, 2, 4, 8, 0, 3, 6, 16, 19, 6, 20, 10, 0, 15, 2, 19, 24, 31, None, None, None, None, None, None, None, None, None, None]
n=5: 19524.3s, 36595449856 attempts, 14539001072 affine nodes, 7077 candidates; branch position 21, decisions 16, defined 21; template [0, 0, 0, 1, 0, 2, 4, 8, 0, 3, 6, 16, 19, 6, 29, 15, 0, 28, 22, 12, 29, None, None, None, None, None, None, None, None, None, None, None]
n=5: 19544.3s, 36631085056 attempts, 14559000273 affine nodes, 7077 candidates; branch position 22, decisions 17, defined 22; template [0, 0, 0, 1, 0, 2, 4, 8, 0, 3, 6, 16, 19, 9, 29, 5, 0, 23, 8, 2, 25, 28, None, None, None, None, None, None, None, None, None, None]
n=5: 19564.3s, 36666753024 attempts, 14577089086 affine nodes, 7077 candidates; branch position 23, decisions 18, defined 23; template [0, 0, 0, 1, 0, 2, 4, 8, 0, 3, 6, 16, 19, 12, 29, 23, 0, 5, 22, 18, 23, 3, 24, None, None, None, None, None, None, None, None, None]
n=5: 19584.3s, 36702322688 attempts, 14594908803 affine nodes, 7128 candidates; branch position 22, decisions 17, defined 22; template [0, 0, 0, 1, 0, 2, 4, 8, 0, 3, 6, 16, 19, 13, 14, 28, 0, 10, 20, 31, 5, 29, None, None, None, None, None, None, None, None, None, None]
n=5: 19604.3s, 36738056192 attempts, 14612553619 affine nodes, 7163 candidates; branch position 23, decisions 18, defined 23; template [0, 0, 0, 1, 0, 2, 4, 8, 0, 3, 6, 16, 19, 13, 30, 24, 0, 9, 31, 10, 21, 18, 16, None, None, None, None, None, None, None, None, None]
n=5: 19624.3s, 36773740544 attempts, 14630795121 affine nodes, 7163 candidates; branch position 22, decisions 17, defined 23; template [0, 0, 0, 1, 0, 2, 4, 8, 0, 3, 6, 16, 19, 15, 20, 17, 0, 20, 24, 28, 26, 19, None, None, None, None, None, 25, None, None, None, None]
n=5: 19644.3s, 36809605120 attempts, 14647841804 affine nodes, 7209 candidates; branch position 22, decisions 17, defined 22; template [0, 0, 0, 1, 0, 2, 4, 8, 0, 3, 6, 16, 19, 15, 30, 23, 0, 11, 23, 12, 21, 26, None, None, None, None, None, None, None, None, None, None]
n=5: 19664.3s, 36845469696 attempts, 14665331751 affine nodes, 7209 candidates; branch position 19, decisions 14, defined 19; template [0, 0, 0, 1, 0, 2, 4, 8, 0, 3, 6, 16, 19, 21, 26, 9, 0, 9, 17, None, None, None, None, None, None, None, None, None, None, None, None, None]
n=5: 19684.3s, 36881367040 attempts, 14682786887 affine nodes, 7220 candidates; branch position 20, decisions 15, defined 20; template [0, 0, 0, 1, 0, 2, 4, 8, 0, 3, 6, 16, 19, 21, 31, 24, 0, 5, 22, 14, None, None, None, None, None, None, None, None, None, None, None, None]
n=5: 19704.3s, 36917182464 attempts, 14700233743 affine nodes, 7220 candidates; branch position 23, decisions 18, defined 23; template [0, 0, 0, 1, 0, 2, 4, 8, 0, 3, 6, 16, 19, 22, 20, 13, 0, 30, 9, 3, 16, 31, 24, None, None, None, None, None, None, None, None, None]
n=5: 19724.3s, 36953030656 attempts, 14717454724 affine nodes, 7231 candidates; branch position 22, decisions 17, defined 22; template [0, 0, 0, 1, 0, 2, 4, 8, 0, 3, 6, 16, 19, 22, 31, 13, 0, 15, 11, 23, 23, 14, None, None, None, None, None, None, None, None, None, None]
n=5: 19744.3s, 36988665856 attempts, 14735236831 affine nodes, 7239 candidates; branch position 21, decisions 16, defined 21; template [0, 0, 0, 1, 0, 2, 4, 8, 0, 3, 6, 16, 19, 23, 14, 9, 0, 30, 2, 12, 24, None, None, None, None, None, None, None, None, None, None, None]
n=5: 19764.3s, 37024546816 attempts, 14753358486 affine nodes, 7239 candidates; branch position 22, decisions 17, defined 22; template [0, 0, 0, 1, 0, 2, 4, 8, 0, 3, 6, 16, 19, 23, 29, 10, 0, 10, 28, 21, 3, 27, None, None, None, None, None, None, None, None, None, None]
n=5: 19784.3s, 37060345856 attempts, 14771223101 affine nodes, 7251 candidates; branch position 22, decisions 17, defined 22; template [0, 0, 0, 1, 0, 2, 4, 8, 0, 3, 6, 16, 19, 25, 14, 17, 0, 26, 22, 3, 25, 28, None, None, None, None, None, None, None, None, None, None]
n=5: 19804.4s, 37096177664 attempts, 14788879894 affine nodes, 7293 candidates; branch position 23, decisions 18, defined 23; template [0, 0, 0, 1, 0, 2, 4, 8, 0, 3, 6, 16, 19, 25, 30, 12, 0, 30, 15, 22, 13, 29, 17, None, None, None, None, None, None, None, None, None]
n=5: 19824.4s, 37131911168 attempts, 14806885493 affine nodes, 7332 candidates; branch position 23, decisions 18, defined 23; template [0, 0, 0, 1, 0, 2, 4, 8, 0, 3, 6, 16, 19, 26, 20, 13, 0, 19, 31, 27, 1, 7, 24, None, None, None, None, None, None, None, None, None]
n=5: 19844.4s, 37167448064 attempts, 14824528185 affine nodes, 7332 candidates; branch position 22, decisions 17, defined 22; template [0, 0, 0, 1, 0, 2, 4, 8, 0, 3, 6, 16, 19, 27, 10, 15, 0, 29, 23, 2, 30, 15, None, None, None, None, None, None, None, None, None, None]
n=5: 19864.4s, 37203212461 attempts, 14842068992 affine nodes, 7365 candidates; branch position 18, decisions 13, defined 19; template [0, 0, 0, 1, 0, 2, 4, 8, 0, 3, 6, 16, 19, 27, 28, 23, 0, 23, 24, None, None, None, None, None, None, None, None, None, None, None, None, None]
n=5: 19884.4s, 37238816768 attempts, 14858901041 affine nodes, 7378 candidates; branch position 21, decisions 16, defined 21; template [0, 0, 0, 1, 0, 2, 4, 8, 0, 3, 6, 16, 19, 28, 14, 10, 0, 10, 23, 26, 7, None, None, None, None, None, None, None, None, None, None, None]
n=5: 19904.4s, 37274320896 attempts, 14876739267 affine nodes, 7378 candidates; branch position 22, decisions 17, defined 22; template [0, 0, 0, 1, 0, 2, 4, 8, 0, 3, 6, 16, 19, 29, 10, 17, 0, 31, 9, 24, 14, 6, None, None, None, None, None, None, None, None, None, None]
n=5: 19924.4s, 37309923328 attempts, 14897255803 affine nodes, 7378 candidates; branch position 21, decisions 16, defined 21; template [0, 0, 0, 1, 0, 2, 4, 8, 0, 3, 6, 16, 19, 29, 31, 15, 0, 4, 26, 19, 14, None, None, None, None, None, None, None, None, None, None, None]
n=5: 19944.4s, 37345542144 attempts, 14914567766 affine nodes, 7378 candidates; branch position 23, decisions 18, defined 23; template [0, 0, 0, 1, 0, 2, 4, 8, 0, 3, 6, 16, 19, 30, 13, 28, 0, 16, 12, 9, 31, 24, 15, None, None, None, None, None, None, None, None, None]
n=5: 19964.4s, 37381226496 attempts, 14932432623 affine nodes, 7387 candidates; branch position 20, decisions 15, defined 20; template [0, 0, 0, 1, 0, 2, 4, 8, 0, 3, 6, 16, 21, 6, 5, 28, 0, 6, 21, 24, None, None, None, None, None, None, None, None, None, None, None, None]
n=5: 19984.4s, 37416910848 attempts, 14951324291 affine nodes, 7387 candidates; branch position 23, decisions 18, defined 23; template [0, 0, 0, 1, 0, 2, 4, 8, 0, 3, 6, 16, 21, 6, 13, 26, 0, 24, 18, 23, 15, 21, 12, None, None, None, None, None, None, None, None, None]
n=5: 20004.4s, 37452658380 attempts, 14968422400 affine nodes, 7394 candidates; branch position 18, decisions 13, defined 19; template [0, 0, 0, 1, 0, 2, 4, 8, 0, 3, 6, 16, 21, 6, 28, 27, 0, 26, 13, None, None, None, None, None, None, None, None, None, None, None, None, None]
n=5: 20024.4s, 37488377856 attempts, 14986838505 affine nodes, 7394 candidates; branch position 21, decisions 16, defined 21; template [0, 0, 0, 1, 0, 2, 4, 8, 0, 3, 6, 16, 21, 9, 14, 23, 0, 17, 9, 13, 27, None, None, None, None, None, None, None, None, None, None, None]
n=5: 20044.4s, 37524062208 attempts, 15004033029 affine nodes, 7428 candidates; branch position 22, decisions 17, defined 22; template [0, 0, 0, 1, 0, 2, 4, 8, 0, 3, 6, 16, 21, 9, 30, 23, 0, 17, 7, 30, 1, 18, None, None, None, None, None, None, None, None, None, None]
n=5: 20064.4s, 37559697408 attempts, 15020918983 affine nodes, 7428 candidates; branch position 22, decisions 17, defined 22; template [0, 0, 0, 1, 0, 2, 4, 8, 0, 3, 6, 16, 21, 11, 26, 9, 0, 6, 9, 22, 29, 23, None, None, None, None, None, None, None, None, None, None]
n=5: 20084.4s, 37595398144 attempts, 15037635631 affine nodes, 7483 candidates; branch position 22, decisions 17, defined 22; template [0, 0, 0, 1, 0, 2, 4, 8, 0, 3, 6, 16, 21, 12, 5, 27, 0, 31, 28, 7, 30, 23, None, None, None, None, None, None, None, None, None, None]
n=5: 20104.4s, 37630853120 attempts, 15053350826 affine nodes, 7492 candidates; branch position 21, decisions 16, defined 21; template [0, 0, 0, 1, 0, 2, 4, 8, 0, 3, 6, 16, 21, 12, 29, 26, 0, 10, 21, 4, 3, None, None, None, None, None, None, None, None, None, None, None]
n=5: 20124.4s, 37666439168 attempts, 15069570015 affine nodes, 7497 candidates; branch position 22, decisions 17, defined 22; template [0, 0, 0, 1, 0, 2, 4, 8, 0, 3, 6, 16, 21, 13, 25, 10, 0, 20, 25, 29, 15, 6, None, None, None, None, None, None, None, None, None, None]
n=5: 20144.4s, 37702254592 attempts, 15085568147 affine nodes, 7497 candidates; branch position 20, decisions 15, defined 20; template [0, 0, 0, 1, 0, 2, 4, 8, 0, 3, 6, 16, 21, 13, 30, 27, 0, 19, 30, 4, None, None, None, None, None, None, None, None, None, None, None, None]
n=5: 20164.4s, 37737791488 attempts, 15103796934 affine nodes, 7497 candidates; branch position 23, decisions 18, defined 23; template [0, 0, 0, 1, 0, 2, 4, 8, 0, 3, 6, 16, 21, 15, 26, 30, 0, 5, 7, 24, 31, 21, 22, None, None, None, None, None, None, None, None, None]
n=5: 20184.5s, 37773557760 attempts, 15121359847 affine nodes, 7497 candidates; branch position 21, decisions 16, defined 21; template [0, 0, 0, 1, 0, 2, 4, 8, 0, 3, 6, 16, 21, 26, 5, 15, 0, 7, 28, 21, 12, None, None, None, None, None, None, None, None, None, None, None]
n=5: 20204.5s, 37809127424 attempts, 15138536496 affine nodes, 7506 candidates; branch position 22, decisions 17, defined 22; template [0, 0, 0, 1, 0, 2, 4, 8, 0, 3, 6, 16, 21, 26, 25, 23, 0, 17, 7, 13, 27, 31, None, None, None, None, None, None, None, None, None, None]
n=5: 20224.5s, 37844844544 attempts, 15156300445 affine nodes, 7506 candidates; branch position 22, decisions 17, defined 22; template [0, 0, 0, 1, 0, 2, 4, 8, 0, 3, 6, 16, 21, 27, 10, 22, 0, 5, 25, 11, 8, 25, None, None, None, None, None, None, None, None, None, None]
n=5: 20244.5s, 37880184832 attempts, 15173842204 affine nodes, 7506 candidates; branch position 22, decisions 17, defined 22; template [0, 0, 0, 1, 0, 2, 4, 8, 0, 3, 6, 16, 21, 27, 28, 22, 0, 5, 23, 2, 16, 11, None, None, None, None, None, None, None, None, None, None]
n=5: 20264.5s, 37915967488 attempts, 15190355857 affine nodes, 7515 candidates; branch position 23, decisions 18, defined 23; template [0, 0, 0, 1, 0, 2, 4, 8, 0, 3, 6, 16, 21, 28, 14, 27, 0, 4, 13, 21, 27, 20, 7, None, None, None, None, None, None, None, None, None]
n=5: 20284.5s, 37951569920 attempts, 15207045871 affine nodes, 7557 candidates; branch position 22, decisions 17, defined 22; template [0, 0, 0, 1, 0, 2, 4, 8, 0, 3, 6, 16, 21, 29, 14, 10, 0, 9, 7, 20, 19, 4, None, None, None, None, None, None, None, None, None, None]
n=5: 20304.5s, 37987254272 attempts, 15224338999 affine nodes, 7567 candidates; branch position 21, decisions 16, defined 21; template [0, 0, 0, 1, 0, 2, 4, 8, 0, 3, 6, 16, 21, 30, 5, 27, 0, 24, 26, 23, 28, None, None, None, None, None, None, None, None, None, None, None]
n=5: 20324.5s, 38022938624 attempts, 15241192385 affine nodes, 7586 candidates; branch position 22, decisions 17, defined 22; template [0, 0, 0, 1, 0, 2, 4, 8, 0, 3, 6, 16, 21, 30, 25, 28, 0, 10, 27, 2, 1, 15, None, None, None, None, None, None, None, None, None, None]
n=5: 20344.5s, 38058557440 attempts, 15257554310 affine nodes, 7586 candidates; branch position 22, decisions 17, defined 22; template [0, 0, 0, 1, 0, 2, 4, 8, 0, 3, 6, 16, 21, 31, 9, 28, 0, 5, 22, 29, 27, 4, None, None, None, None, None, None, None, None, None, None]
n=5: 20364.5s, 38094258176 attempts, 15274023659 affine nodes, 7611 candidates; branch position 22, decisions 17, defined 22; template [0, 0, 0, 1, 0, 2, 4, 8, 0, 3, 6, 16, 21, 31, 27, 15, 0, 23, 3, 27, 22, 29, None, None, None, None, None, None, None, None, None, None]
n=5: 20384.5s, 38129958912 attempts, 15291240226 affine nodes, 7633 candidates; branch position 22, decisions 17, defined 22; template [0, 0, 0, 1, 0, 2, 4, 8, 0, 3, 6, 16, 22, 6, 12, 9, 0, 28, 31, 2, 7, 3, None, None, None, None, None, None, None, None, None, None]
n=5: 20404.5s, 38165725184 attempts, 15309431308 affine nodes, 7642 candidates; branch position 23, decisions 18, defined 23; template [0, 0, 0, 1, 0, 2, 4, 8, 0, 3, 6, 16, 22, 6, 25, 31, 0, 5, 23, 26, 25, 4, 11, None, None, None, None, None, None, None, None, None]
n=5: 20424.5s, 38201393152 attempts, 15327019347 affine nodes, 7642 candidates; branch position 20, decisions 15, defined 20; template [0, 0, 0, 1, 0, 2, 4, 8, 0, 3, 6, 16, 22, 9, 10, 27, 0, 8, 15, 11, None, None, None, None, None, None, None, None, None, None, None, None]
n=5: 20444.5s, 38237143040 attempts, 15344275061 affine nodes, 7679 candidates; branch position 22, decisions 17, defined 22; template [0, 0, 0, 1, 0, 2, 4, 8, 0, 3, 6, 16, 22, 9, 27, 21, 0, 11, 15, 2, 1, 17, None, None, None, None, None, None, None, None, None, None]
n=5: 20464.5s, 38272827392 attempts, 15361520634 affine nodes, 7693 candidates; branch position 23, decisions 18, defined 23; template [0, 0, 0, 1, 0, 2, 4, 8, 0, 3, 6, 16, 22, 11, 12, 27, 0, 17, 27, 15, 1, 10, 14, None, None, None, None, None, None, None, None, None]
n=5: 20484.5s, 38308577280 attempts, 15377660810 affine nodes, 7730 candidates; branch position 23, decisions 18, defined 23; template [0, 0, 0, 1, 0, 2, 4, 8, 0, 3, 6, 16, 22, 11, 31, 5, 0, 14, 25, 30, 18, 13, 9, None, None, None, None, None, None, None, None, None]
n=5: 20504.5s, 38344523776 attempts, 15395026920 affine nodes, 7730 candidates; branch position 22, decisions 17, defined 22; template [0, 0, 0, 1, 0, 2, 4, 8, 0, 3, 6, 16, 22, 12, 27, 9, 0, 8, 11, 22, 17, 26, None, None, None, None, None, None, None, None, None, None]
n=5: 20524.5s, 38380453888 attempts, 15413363324 affine nodes, 7730 candidates; branch position 22, decisions 17, defined 22; template [0, 0, 0, 1, 0, 2, 4, 8, 0, 3, 6, 16, 22, 13, 10, 15, 0, 31, 8, 28, 28, 15, None, None, None, None, None, None, None, None, None, None]
n=5: 20544.5s, 38416334848 attempts, 15430340930 affine nodes, 7730 candidates; branch position 22, decisions 17, defined 22; template [0, 0, 0, 1, 0, 2, 4, 8, 0, 3, 6, 16, 22, 13, 25, 28, 0, 31, 22, 4, 16, 24, None, None, None, None, None, None, None, None, None, None]
n=5: 20564.6s, 38452068352 attempts, 15447950866 affine nodes, 7730 candidates; branch position 22, decisions 17, defined 22; template [0, 0, 0, 1, 0, 2, 4, 8, 0, 3, 6, 16, 22, 15, 12, 24, 0, 8, 20, 26, 14, 9, None, None, None, None, None, None, None, None, None, None]
n=5: 20584.6s, 38487834624 attempts, 15463575756 affine nodes, 7730 candidates; branch position 22, decisions 17, defined 22; template [0, 0, 0, 1, 0, 2, 4, 8, 0, 3, 6, 16, 22, 15, 25, 31, 0, 13, 7, 14, 28, 7, None, None, None, None, None, None, None, None, None, None]
n=5: 20604.6s, 38523568128 attempts, 15479959083 affine nodes, 7730 candidates; branch position 23, decisions 18, defined 23; template [0, 0, 0, 1, 0, 2, 4, 8, 0, 3, 6, 16, 22, 25, 10, 26, 0, 5, 12, 20, 17, 11, 30, None, None, None, None, None, None, None, None, None]
n=5: 20624.6s, 38559154176 attempts, 15496178307 affine nodes, 7738 candidates; branch position 23, decisions 18, defined 23; template [0, 0, 0, 1, 0, 2, 4, 8, 0, 3, 6, 16, 22, 25, 26, 17, 0, 16, 5, 11, 8, 29, 10, None, None, None, None, None, None, None, None, None]
n=5: 20644.6s, 38594854912 attempts, 15512803083 affine nodes, 7738 candidates; branch position 23, decisions 18, defined 23; template [0, 0, 0, 1, 0, 2, 4, 8, 0, 3, 6, 16, 22, 27, 10, 13, 0, 25, 29, 18, 14, 6, 30, None, None, None, None, None, None, None, None, None]
n=5: 20664.6s, 38630653952 attempts, 15528725474 affine nodes, 7738 candidates; branch position 22, decisions 17, defined 23; template [0, 0, 0, 1, 0, 2, 4, 8, 0, 3, 6, 16, 22, 27, 31, 13, 0, 17, 24, 31, 15, 6, None, 5, None, None, None, None, None, None, None, None]
n=5: 20684.6s, 38666551296 attempts, 15544382929 affine nodes, 7747 candidates; branch position 22, decisions 17, defined 22; template [0, 0, 0, 1, 0, 2, 4, 8, 0, 3, 6, 16, 22, 28, 19, 12, 0, 25, 21, 27, 8, 26, None, None, None, None, None, None, None, None, None, None]
n=5: 20704.6s, 38702350336 attempts, 15560667168 affine nodes, 7771 candidates; branch position 22, decisions 17, defined 22; template [0, 0, 0, 1, 0, 2, 4, 8, 0, 3, 6, 16, 22, 29, 10, 13, 0, 10, 8, 17, 7, 22, None, None, None, None, None, None, None, None, None, None]
n=5: 20724.6s, 38738198528 attempts, 15578165461 affine nodes, 7780 candidates; branch position 22, decisions 17, defined 22; template [0, 0, 0, 1, 0, 2, 4, 8, 0, 3, 6, 16, 22, 29, 19, 26, 0, 6, 13, 24, 15, 17, None, None, None, None, None, None, None, None, None, None]
n=5: 20744.6s, 38773932032 attempts, 15595341865 affine nodes, 7780 candidates; branch position 22, decisions 17, defined 22; template [0, 0, 0, 1, 0, 2, 4, 8, 0, 3, 6, 16, 22, 30, 9, 15, 0, 20, 22, 12, 25, 6, None, None, None, None, None, None, None, None, None, None]
n=5: 20764.6s, 38809649152 attempts, 15611964922 affine nodes, 7794 candidates; branch position 23, decisions 18, defined 23; template [0, 0, 0, 1, 0, 2, 4, 8, 0, 3, 6, 16, 22, 30, 19, 29, 0, 24, 22, 3, 10, 22, 2, None, None, None, None, None, None, None, None, None]
n=5: 20784.6s, 38845415424 attempts, 15628499412 affine nodes, 7822 candidates; branch position 22, decisions 17, defined 22; template [0, 0, 0, 1, 0, 2, 4, 8, 0, 3, 6, 16, 22, 31, 10, 26, 0, 19, 14, 10, 25, 18, None, None, None, None, None, None, None, None, None, None]
n=5: 20804.6s, 38881296384 attempts, 15644660808 affine nodes, 7843 candidates; branch position 21, decisions 16, defined 21; template [0, 0, 0, 1, 0, 2, 4, 8, 0, 3, 6, 16, 22, 31, 19, 13, 0, 21, 22, 18, 13, None, None, None, None, None, None, None, None, None, None, None]
n=5: 20824.6s, 38917079040 attempts, 15662191918 affine nodes, 7843 candidates; branch position 23, decisions 18, defined 23; template [0, 0, 0, 1, 0, 2, 4, 8, 0, 3, 6, 16, 23, 6, 9, 30, 0, 25, 26, 20, 6, 11, 16, None, None, None, None, None, None, None, None, None]
n=5: 20844.6s, 38952976384 attempts, 15680065558 affine nodes, 7843 candidates; branch position 22, decisions 17, defined 22; template [0, 0, 0, 1, 0, 2, 4, 8, 0, 3, 6, 16, 23, 6, 25, 9, 0, 11, 26, 9, 10, 4, None, None, None, None, None, None, None, None, None, None]
n=5: 20864.6s, 38988775424 attempts, 15697216042 affine nodes, 7857 candidates; branch position 23, decisions 18, defined 23; template [0, 0, 0, 1, 0, 2, 4, 8, 0, 3, 6, 16, 23, 6, 31, 24, 0, 15, 20, 12, 19, 1, 6, None, None, None, None, None, None, None, None, None]
n=5: 20884.6s, 39024623616 attempts, 15715135430 affine nodes, 7857 candidates; branch position 22, decisions 17, defined 22; template [0, 0, 0, 1, 0, 2, 4, 8, 0, 3, 6, 16, 23, 9, 20, 27, 0, 7, 9, 27, 8, 17, None, None, None, None, None, None, None, None, None, None]
n=5: 20904.6s, 39060406272 attempts, 15732537803 affine nodes, 7889 candidates; branch position 22, decisions 17, defined 23; template [0, 0, 0, 1, 0, 2, 4, 8, 0, 3, 6, 16, 23, 9, 31, 21, 0, 20, 5, 24, 15, 31, None, 6, None, None, None, None, None, None, None, None]
n=5: 20924.6s, 39096303616 attempts, 15748969822 affine nodes, 7896 candidates; branch position 23, decisions 18, defined 23; template [0, 0, 0, 1, 0, 2, 4, 8, 0, 3, 6, 16, 23, 11, 20, 30, 0, 9, 14, 27, 15, 28, 24, None, None, None, None, None, None, None, None, None]
n=5: 20944.6s, 39132004352 attempts, 15765238616 affine nodes, 7902 candidates; branch position 22, decisions 17, defined 22; template [0, 0, 0, 1, 0, 2, 4, 8, 0, 3, 6, 16, 23, 11, 31, 27, 0, 19, 26, 4, 10, 13, None, None, None, None, None, None, None, None, None, None]
n=5: 20964.6s, 39167836160 attempts, 15782192133 affine nodes, 7905 candidates; branch position 21, decisions 16, defined 21; template [0, 0, 0, 1, 0, 2, 4, 8, 0, 3, 6, 16, 23, 12, 30, 24, 0, 17, 31, 10, 21, None, None, None, None, None, None, None, None, None, None, None]
n=5: 20984.7s, 39203700736 attempts, 15800439591 affine nodes, 7905 candidates; branch position 22, decisions 17, defined 22; template [0, 0, 0, 1, 0, 2, 4, 8, 0, 3, 6, 16, 23, 13, 20, 27, 0, 6, 9, 18, 30, 27, None, None, None, None, None, None, None, None, None, None]
n=5: 21004.7s, 39239729152 attempts, 15818480526 affine nodes, 7905 candidates; branch position 22, decisions 17, defined 22; template [0, 0, 0, 1, 0, 2, 4, 8, 0, 3, 6, 16, 23, 13, 30, 27, 0, 9, 11, 20, 30, 24, None, None, None, None, None, None, None, None, None, None]
n=5: 21024.7s, 39275544576 attempts, 15834599885 affine nodes, 7905 candidates; branch position 22, decisions 17, defined 22; template [0, 0, 0, 1, 0, 2, 4, 8, 0, 3, 6, 16, 23, 15, 20, 27, 0, 11, 31, 2, 24, 17, None, None, None, None, None, None, None, None, None, None]
n=5: 21044.7s, 39311278080 attempts, 15850436238 affine nodes, 7910 candidates; branch position 23, decisions 18, defined 23; template [0, 0, 0, 1, 0, 2, 4, 8, 0, 3, 6, 16, 23, 15, 30, 19, 0, 30, 2, 10, 15, 16, 18, None, None, None, None, None, None, None, None, None]
n=5: 21064.7s, 39346995200 attempts, 15868056475 affine nodes, 7918 candidates; branch position 22, decisions 17, defined 22; template [0, 0, 0, 1, 0, 2, 4, 8, 0, 3, 6, 16, 23, 25, 14, 21, 0, 31, 18, 20, 15, 11, None, None, None, None, None, None, None, None, None, None]
n=5: 21084.7s, 39382712320 attempts, 15885601820 affine nodes, 7918 candidates; branch position 21, decisions 16, defined 21; template [0, 0, 0, 1, 0, 2, 4, 8, 0, 3, 6, 16, 23, 26, 5, 13, 0, 7, 12, 19, 31, None, None, None, None, None, None, None, None, None, None, None]
n=5: 21104.7s, 39418494976 attempts, 15901575338 affine nodes, 7928 candidates; branch position 21, decisions 16, defined 21; template [0, 0, 0, 1, 0, 2, 4, 8, 0, 3, 6, 16, 23, 26, 20, 12, 0, 27, 24, 28, 3, None, None, None, None, None, None, None, None, None, None, None]
n=5: 21124.7s, 39454310400 attempts, 15917438460 affine nodes, 7936 candidates; branch position 23, decisions 18, defined 23; template [0, 0, 0, 1, 0, 2, 4, 8, 0, 3, 6, 16, 23, 28, 10, 13, 0, 19, 8, 12, 30, 27, 5, None, None, None, None, None, None, None, None, None]
n=5: 21144.7s, 39490174976 attempts, 15933157929 affine nodes, 7975 candidates; branch position 22, decisions 17, defined 22; template [0, 0, 0, 1, 0, 2, 4, 8, 0, 3, 6, 16, 23, 28, 31, 5, 0, 23, 27, 7, 14, 9, None, None, None, None, None, None, None, None, None, None]
n=5: 21164.7s, 39525924864 attempts, 15950634888 affine nodes, 7975 candidates; branch position 22, decisions 17, defined 22; template [0, 0, 0, 1, 0, 2, 4, 8, 0, 3, 6, 16, 23, 29, 14, 26, 0, 17, 8, 14, 16, 11, None, None, None, None, None, None, None, None, None, None]
n=5: 21184.7s, 39561625600 attempts, 15968574999 affine nodes, 7985 candidates; branch position 22, decisions 17, defined 22; template [0, 0, 0, 1, 0, 2, 4, 8, 0, 3, 6, 16, 23, 29, 31, 12, 0, 14, 23, 28, 5, 1, None, None, None, None, None, None, None, None, None, None]
n=5: 21204.7s, 39597457408 attempts, 15984692331 affine nodes, 8017 candidates; branch position 21, decisions 16, defined 21; template [0, 0, 0, 1, 0, 2, 4, 8, 0, 3, 6, 16, 23, 30, 13, 5, 0, 11, 29, 27, 7, None, None, None, None, None, None, None, None, None, None, None]
n=5: 21224.7s, 39633240064 attempts, 16001190254 affine nodes, 8071 candidates; branch position 21, decisions 16, defined 21; template [0, 0, 0, 1, 0, 2, 4, 8, 0, 3, 6, 16, 23, 30, 28, 15, 0, 29, 30, 15, 19, None, None, None, None, None, None, None, None, None, None, None]
n=5: 21244.7s, 39669104640 attempts, 16017241199 affine nodes, 8087 candidates; branch position 22, decisions 17, defined 22; template [0, 0, 0, 1, 0, 2, 4, 8, 0, 3, 6, 16, 23, 31, 14, 10, 0, 29, 8, 3, 10, 19, None, None, None, None, None, None, None, None, None, None]
n=5: 21264.7s, 39704952832 attempts, 16034371482 affine nodes, 8094 candidates; branch position 22, decisions 17, defined 22; template [0, 0, 0, 1, 0, 2, 4, 8, 0, 3, 6, 16, 25, 6, 9, 15, 0, 8, 18, 31, 3, 4, None, None, None, None, None, None, None, None, None, None]
n=5: 21284.7s, 39740669952 attempts, 16052593055 affine nodes, 8094 candidates; branch position 21, decisions 16, defined 21; template [0, 0, 0, 1, 0, 2, 4, 8, 0, 3, 6, 16, 25, 6, 20, 30, 0, 15, 28, 21, 16, None, None, None, None, None, None, None, None, None, None, None]
n=5: 21304.7s, 39776518144 attempts, 16069814416 affine nodes, 8094 candidates; branch position 22, decisions 17, defined 22; template [0, 0, 0, 1, 0, 2, 4, 8, 0, 3, 6, 16, 25, 12, 14, 21, 0, 26, 3, 31, 14, 16, None, None, None, None, None, None, None, None, None, None]
n=5: 21324.7s, 39812202496 attempts, 16086850485 affine nodes, 8094 candidates; branch position 22, decisions 17, defined 22; template [0, 0, 0, 1, 0, 2, 4, 8, 0, 3, 6, 16, 25, 12, 30, 19, 0, 27, 24, 30, 29, 9, None, None, None, None, None, None, None, None, None, None]
n=5: 21344.7s, 39847804928 attempts, 16103922018 affine nodes, 8094 candidates; branch position 22, decisions 17, defined 22; template [0, 0, 0, 1, 0, 2, 4, 8, 0, 3, 6, 16, 25, 13, 22, 5, 0, 4, 7, 13, 28, 23, None, None, None, None, None, None, None, None, None, None]
n=5: 21364.7s, 39883522048 attempts, 16120016610 affine nodes, 8102 candidates; branch position 23, decisions 18, defined 23; template [0, 0, 0, 1, 0, 2, 4, 8, 0, 3, 6, 16, 25, 13, 30, 23, 0, 6, 30, 13, 21, 24, 1, None, None, None, None, None, None, None, None, None]
n=5: 21384.7s, 39919271936 attempts, 16136109690 affine nodes, 8102 candidates; branch position 23, decisions 18, defined 23; template [0, 0, 0, 1, 0, 2, 4, 8, 0, 3, 6, 16, 25, 22, 17, 10, 0, 10, 21, 24, 12, 11, 22, None, None, None, None, None, None, None, None, None]
n=5: 21404.7s, 39954905132 attempts, 16153313280 affine nodes, 8111 candidates; branch position 18, decisions 13, defined 19; template [0, 0, 0, 1, 0, 2, 4, 8, 0, 3, 6, 16, 25, 23, 5, 30, 0, 24, 26, None, None, None, None, None, None, None, None, None, None, None, None, None]
n=5: 21424.7s, 39990542336 attempts, 16170398569 affine nodes, 8111 candidates; branch position 21, decisions 16, defined 22; template [0, 0, 0, 1, 0, 2, 4, 8, 0, 3, 6, 16, 25, 23, 26, 15, 0, 27, 8, 28, 22, None, None, None, 2, None, None, None, None, None, None, None]
n=5: 21444.8s, 40026357760 attempts, 16187027727 affine nodes, 8111 candidates; branch position 21, decisions 16, defined 21; template [0, 0, 0, 1, 0, 2, 4, 8, 0, 3, 6, 16, 25, 28, 14, 23, 0, 9, 3, 23, 6, None, None, None, None, None, None, None, None, None, None, None]
n=5: 21464.8s, 40062189568 attempts, 16202864348 affine nodes, 8111 candidates; branch position 22, decisions 17, defined 22; template [0, 0, 0, 1, 0, 2, 4, 8, 0, 3, 6, 16, 25, 29, 9, 15, 0, 30, 3, 23, 5, 22, None, None, None, None, None, None, None, None, None, None]
n=5: 21484.8s, 40097873920 attempts, 16220566054 affine nodes, 8111 candidates; branch position 21, decisions 16, defined 21; template [0, 0, 0, 1, 0, 2, 4, 8, 0, 3, 6, 16, 25, 29, 23, 10, 0, 14, 12, 31, 16, None, None, None, None, None, None, None, None, None, None, None]
n=5: 21504.8s, 40133738496 attempts, 16238084503 affine nodes, 8118 candidates; branch position 22, decisions 17, defined 22; template [0, 0, 0, 1, 0, 2, 4, 8, 0, 3, 6, 16, 25, 30, 9, 29, 0, 17, 29, 14, 27, 18, None, None, None, None, None, None, None, None, None, None]
n=5: 21524.8s, 40169504768 attempts, 16254883669 affine nodes, 8170 candidates; branch position 23, decisions 18, defined 23; template [0, 0, 0, 1, 0, 2, 4, 8, 0, 3, 6, 16, 25, 30, 23, 29, 0, 25, 15, 28, 23, 17, 9, None, None, None, None, None, None, None, None, None]
n=5: 21544.8s, 40205418496 attempts, 16271044293 affine nodes, 8178 candidates; branch position 22, decisions 17, defined 22; template [0, 0, 0, 1, 0, 2, 4, 8, 0, 3, 6, 16, 25, 31, 13, 10, 0, 8, 2, 25, 12, 7, None, None, None, None, None, None, None, None, None, None]
n=5: 21564.8s, 40241201152 attempts, 16288043402 affine nodes, 8219 candidates; branch position 21, decisions 16, defined 21; template [0, 0, 0, 1, 0, 2, 4, 8, 0, 3, 6, 16, 25, 31, 28, 13, 0, 26, 29, 14, 14, None, None, None, None, None, None, None, None, None, None, None]
n=5: 21584.8s, 40276672512 attempts, 16306493185 affine nodes, 8219 candidates; branch position 22, decisions 17, defined 22; template [0, 0, 0, 1, 0, 2, 4, 8, 0, 3, 6, 16, 26, 6, 19, 9, 0, 20, 22, 25, 31, 21, None, None, None, None, None, None, None, None, None, None]
n=5: 21604.8s, 40312438784 attempts, 16323802228 affine nodes, 8219 candidates; branch position 24, decisions 19, defined 24; template [0, 0, 0, 1, 0, 2, 4, 8, 0, 3, 6, 16, 26, 6, 29, 15, 0, 8, 16, 13, 18, 28, 14, 5, None, None, None, None, None, None, None, None]
n=5: 21624.8s, 40348139520 attempts, 16340691688 affine nodes, 8219 candidates; branch position 23, decisions 18, defined 23; template [0, 0, 0, 1, 0, 2, 4, 8, 0, 3, 6, 16, 26, 13, 19, 15, 0, 30, 8, 2, 17, 20, 9, None, None, None, None, None, None, None, None, None]
n=5: 21644.8s, 40383823872 attempts, 16356458550 affine nodes, 8228 candidates; branch position 22, decisions 17, defined 22; template [0, 0, 0, 1, 0, 2, 4, 8, 0, 3, 6, 16, 26, 13, 31, 21, 0, 9, 2, 28, 13, 17, None, None, None, None, None, None, None, None, None, None]
n=5: 21664.8s, 40419475456 attempts, 16374913143 affine nodes, 8228 candidates; branch position 21, decisions 16, defined 21; template [0, 0, 0, 1, 0, 2, 4, 8, 0, 3, 6, 16, 26, 15, 19, 21, 0, 7, 5, 17, 31, None, None, None, None, None, None, None, None, None, None, None]
n=5: 21684.8s, 40455225344 attempts, 16392396809 affine nodes, 8228 candidates; branch position 22, decisions 17, defined 22; template [0, 0, 0, 1, 0, 2, 4, 8, 0, 3, 6, 16, 26, 21, 10, 15, 0, 6, 24, 11, 11, 19, None, None, None, None, None, None, None, None, None, None]
n=5: 21704.8s, 40490876928 attempts, 16409648395 affine nodes, 8230 candidates; branch position 20, decisions 15, defined 20; template [0, 0, 0, 1, 0, 2, 4, 8, 0, 3, 6, 16, 26, 21, 22, 30, 0, 16, 27, 9, None, None, None, None, None, None, None, None, None, None, None, None]
n=5: 21724.8s, 40526610432 attempts, 16426640466 affine nodes, 8230 candidates; branch position 22, decisions 17, defined 22; template [0, 0, 0, 1, 0, 2, 4, 8, 0, 3, 6, 16, 26, 23, 10, 30, 0, 17, 8, 22, 24, 16, None, None, None, None, None, None, None, None, None, None]
n=5: 21744.8s, 40562393088 attempts, 16442249095 affine nodes, 8236 candidates; branch position 22, decisions 17, defined 22; template [0, 0, 0, 1, 0, 2, 4, 8, 0, 3, 6, 16, 26, 23, 25, 30, 0, 17, 30, 20, 23, 7, None, None, None, None, None, None, None, None, None, None]
n=5: 21764.8s, 40598306816 attempts, 16458613492 affine nodes, 8260 candidates; branch position 21, decisions 16, defined 21; template [0, 0, 0, 1, 0, 2, 4, 8, 0, 3, 6, 16, 26, 28, 14, 23, 0, 7, 12, 9, 17, None, None, None, None, None, None, None, None, None, None, None]
n=5: 21784.8s, 40634122240 attempts, 16475302522 affine nodes, 8279 candidates; branch position 24, decisions 19, defined 24; template [0, 0, 0, 1, 0, 2, 4, 8, 0, 3, 6, 16, 26, 29, 10, 30, 0, 17, 28, 25, 21, 27, 23, 15, None, None, None, None, None, None, None, None]
n=5: 21804.8s, 40669888512 attempts, 16493000112 affine nodes, 8323 candidates; branch position 22, decisions 17, defined 22; template [0, 0, 0, 1, 0, 2, 4, 8, 0, 3, 6, 16, 26, 29, 20, 15, 0, 18, 15, 4, 25, 17, None, None, None, None, None, None, None, None, None, None]
n=5: 21824.8s, 40705735844 attempts, 16510353408 affine nodes, 8323 candidates; branch position 18, decisions 13, defined 19; template [0, 0, 0, 1, 0, 2, 4, 8, 0, 3, 6, 16, 26, 30, 5, 15, 0, 15, 3, None, None, None, None, None, None, None, None, None, None, None, None, None]
n=5: 21844.8s, 40741453824 attempts, 16527206525 affine nodes, 8377 candidates; branch position 23, decisions 18, defined 23; template [0, 0, 0, 1, 0, 2, 4, 8, 0, 3, 6, 16, 26, 30, 19, 29, 0, 23, 29, 27, 15, 20, 26, None, None, None, None, None, None, None, None, None]
n=5: 21864.9s, 40777302016 attempts, 16544251376 affine nodes, 8377 candidates; branch position 21, decisions 16, defined 21; template [0, 0, 0, 1, 0, 2, 4, 8, 0, 3, 6, 16, 26, 31, 10, 23, 0, 30, 9, 19, 14, None, None, None, None, None, None, None, None, None, None, None]
n=5: 21884.9s, 40813182976 attempts, 16560837277 affine nodes, 8388 candidates; branch position 22, decisions 17, defined 22; template [0, 0, 0, 1, 0, 2, 4, 8, 0, 3, 6, 16, 26, 31, 19, 15, 0, 6, 12, 11, 30, 16, None, None, None, None, None, None, None, None, None, None]
n=5: 21904.9s, 40849031168 attempts, 16577762789 affine nodes, 8398 candidates; branch position 21, decisions 16, defined 21; template [0, 0, 0, 1, 0, 2, 4, 8, 0, 3, 6, 16, 27, 6, 9, 15, 0, 27, 16, 23, 26, None, None, None, None, None, None, None, None, None, None, None]
n=5: 21924.9s, 40884895744 attempts, 16595435621 affine nodes, 8398 candidates; branch position 22, decisions 17, defined 22; template [0, 0, 0, 1, 0, 2, 4, 8, 0, 3, 6, 16, 27, 6, 19, 24, 0, 4, 22, 28, 25, 16, None, None, None, None, None, None, None, None, None, None]
n=5: 21944.9s, 40920776704 attempts, 16612130515 affine nodes, 8398 candidates; branch position 23, decisions 18, defined 23; template [0, 0, 0, 1, 0, 2, 4, 8, 0, 3, 6, 16, 27, 12, 14, 9, 0, 13, 20, 15, 22, 3, 21, None, None, None, None, None, None, None, None, None]
n=5: 21964.9s, 40956608512 attempts, 16628559050 affine nodes, 8406 candidates; branch position 22, decisions 17, defined 23; template [0, 0, 0, 1, 0, 2, 4, 8, 0, 3, 6, 16, 27, 15, 5, 31, 0, 5, 12, 2, 31, 27, None, None, 22, None, None, None, None, None, None, None]
n=5: 21984.9s, 40992243712 attempts, 16645465989 affine nodes, 8412 candidates; branch position 20, decisions 15, defined 20; template [0, 0, 0, 1, 0, 2, 4, 8, 0, 3, 6, 16, 27, 15, 28, 13, 0, 24, 18, 20, None, None, None, None, None, None, None, None, None, None, None, None]
n=5: 22004.9s, 41028075520 attempts, 16662673144 affine nodes, 8412 candidates; branch position 22, decisions 17, defined 22; template [0, 0, 0, 1, 0, 2, 4, 8, 0, 3, 6, 16, 27, 21, 14, 9, 0, 6, 9, 20, 5, 27, None, None, None, None, None, None, None, None, None, None]
n=5: 22024.9s, 41063989248 attempts, 16679926179 affine nodes, 8418 candidates; branch position 20, decisions 15, defined 20; template [0, 0, 0, 1, 0, 2, 4, 8, 0, 3, 6, 16, 27, 22, 5, 17, 0, 19, 5, 12, None, None, None, None, None, None, None, None, None, None, None, None]
n=5: 22044.9s, 41099853824 attempts, 16695671121 affine nodes, 8418 candidates; branch position 21, decisions 16, defined 21; template [0, 0, 0, 1, 0, 2, 4, 8, 0, 3, 6, 16, 27, 22, 28, 12, 0, 30, 21, 2, 7, None, None, None, None, None, None, None, None, None, None, None]
n=5: 22064.9s, 41135783936 attempts, 16711518366 affine nodes, 8437 candidates; branch position 22, decisions 17, defined 22; template [0, 0, 0, 1, 0, 2, 4, 8, 0, 3, 6, 16, 27, 28, 14, 21, 0, 19, 13, 3, 24, 16, None, None, None, None, None, None, None, None, None, None]
n=5: 22084.9s, 41171730432 attempts, 16727601940 affine nodes, 8450 candidates; branch position 22, decisions 17, defined 22; template [0, 0, 0, 1, 0, 2, 4, 8, 0, 3, 6, 16, 27, 29, 9, 17, 0, 23, 15, 28, 16, 10, None, None, None, None, None, None, None, None, None, None]
n=5: 22104.9s, 41207595008 attempts, 16744561448 affine nodes, 8481 candidates; branch position 21, decisions 16, defined 21; template [0, 0, 0, 1, 0, 2, 4, 8, 0, 3, 6, 16, 27, 29, 20, 9, 0, 13, 28, 20, 26, None, None, None, None, None, None, None, None, None, None, None]
n=5: 22124.9s, 41243475968 attempts, 16761815695 affine nodes, 8501 candidates; branch position 22, decisions 17, defined 22; template [0, 0, 0, 1, 0, 2, 4, 8, 0, 3, 6, 16, 27, 30, 10, 22, 0, 26, 29, 4, 17, 6, None, None, None, None, None, None, None, None, None, None]
n=5: 22144.9s, 41279373312 attempts, 16778026689 affine nodes, 8517 candidates; branch position 22, decisions 17, defined 22; template [0, 0, 0, 1, 0, 2, 4, 8, 0, 3, 6, 16, 27, 30, 23, 12, 0, 8, 20, 29, 6, 13, None, None, None, None, None, None, None, None, None, None]
n=5: 22164.9s, 41315287040 attempts, 16794596188 affine nodes, 8538 candidates; branch position 21, decisions 16, defined 21; template [0, 0, 0, 1, 0, 2, 4, 8, 0, 3, 6, 16, 27, 31, 13, 5, 0, 11, 5, 31, 31, None, None, None, None, None, None, None, None, None, None, None]
n=5: 22184.9s, 41350791168 attempts, 16811256092 affine nodes, 8565 candidates; branch position 22, decisions 17, defined 22; template [0, 0, 0, 1, 0, 2, 4, 8, 0, 3, 6, 16, 27, 31, 22, 24, 0, 13, 18, 2, 1, 27, None, None, None, None, None, None, None, None, None, None]
n=5: 22204.9s, 41386377216 attempts, 16831771648 affine nodes, 8565 candidates; branch position 21, decisions 16, defined 21; template [0, 0, 0, 1, 0, 2, 4, 8, 0, 3, 6, 16, 28, 6, 13, 19, 0, 13, 9, 26, 12, None, None, None, None, None, None, None, None, None, None, None]
n=5: 22224.9s, 41422061568 attempts, 16852146495 affine nodes, 8565 candidates; branch position 22, decisions 17, defined 22; template [0, 0, 0, 1, 0, 2, 4, 8, 0, 3, 6, 16, 28, 6, 23, 30, 0, 5, 8, 28, 6, 19, None, None, None, None, None, None, None, None, None, None]
n=5: 22244.9s, 41457680384 attempts, 16872678372 affine nodes, 8565 candidates; branch position 22, decisions 17, defined 22; template [0, 0, 0, 1, 0, 2, 4, 8, 0, 3, 6, 16, 28, 9, 13, 19, 0, 5, 28, 26, 25, 22, None, None, None, None, None, None, None, None, None, None]
n=5: 22264.9s, 41493266432 attempts, 16890620809 affine nodes, 8565 candidates; branch position 22, decisions 17, defined 22; template [0, 0, 0, 1, 0, 2, 4, 8, 0, 3, 6, 16, 28, 11, 9, 23, 0, 18, 31, 26, 1, 24, None, None, None, None, None, None, None, None, None, None]
n=5: 22284.9s, 41528868864 attempts, 16907478899 affine nodes, 8569 candidates; branch position 22, decisions 17, defined 22; template [0, 0, 0, 1, 0, 2, 4, 8, 0, 3, 6, 16, 28, 11, 25, 17, 0, 4, 8, 21, 3, 16, None, None, None, None, None, None, None, None, None, None]
n=5: 22304.9s, 41564536832 attempts, 16924700682 affine nodes, 8569 candidates; branch position 21, decisions 16, defined 21; template [0, 0, 0, 1, 0, 2, 4, 8, 0, 3, 6, 16, 28, 12, 17, 27, 0, 17, 8, 20, 31, None, None, None, None, None, None, None, None, None, None, None]
n=5: 22324.9s, 41600253952 attempts, 16941870215 affine nodes, 8598 candidates; branch position 22, decisions 17, defined 22; template [0, 0, 0, 1, 0, 2, 4, 8, 0, 3, 6, 16, 28, 12, 31, 22, 0, 19, 29, 15, 24, 29, None, None, None, None, None, None, None, None, None, None]
n=5: 22345.0s, 41635954688 attempts, 16959777999 affine nodes, 8598 candidates; branch position 22, decisions 17, defined 22; template [0, 0, 0, 1, 0, 2, 4, 8, 0, 3, 6, 16, 28, 13, 17, 31, 0, 11, 31, 22, 17, 3, None, None, None, None, None, None, None, None, None, None]
n=5: 22365.0s, 41671688192 attempts, 16976394145 affine nodes, 8622 candidates; branch position 22, decisions 17, defined 22; template [0, 0, 0, 1, 0, 2, 4, 8, 0, 3, 6, 16, 28, 13, 27, 22, 0, 11, 28, 4, 21, 27, None, None, None, None, None, None, None, None, None, None]
n=5: 22385.0s, 41707421696 attempts, 16994447649 affine nodes, 8622 candidates; branch position 22, decisions 17, defined 22; template [0, 0, 0, 1, 0, 2, 4, 8, 0, 3, 6, 16, 28, 15, 13, 31, 0, 16, 23, 14, 27, 7, None, None, None, None, None, None, None, None, None, None]
n=5: 22405.0s, 41742991360 attempts, 17011675900 affine nodes, 8628 candidates; branch position 21, decisions 16, defined 21; template [0, 0, 0, 1, 0, 2, 4, 8, 0, 3, 6, 16, 28, 15, 27, 19, 0, 28, 5, 14, 16, None, None, None, None, None, None, None, None, None, None, None]
n=5: 22425.0s, 41778626560 attempts, 17028514354 affine nodes, 8628 candidates; branch position 21, decisions 16, defined 21; template [0, 0, 0, 1, 0, 2, 4, 8, 0, 3, 6, 16, 28, 17, 13, 30, 0, 9, 29, 4, 13, None, None, None, None, None, None, None, None, None, None, None]
n=5: 22445.0s, 41814261760 attempts, 17045589723 affine nodes, 8632 candidates; branch position 23, decisions 18, defined 23; template [0, 0, 0, 1, 0, 2, 4, 8, 0, 3, 6, 16, 28, 18, 5, 27, 0, 9, 20, 12, 18, 3, 7, None, None, None, None, None, None, None, None, None]
n=5: 22465.0s, 41849946112 attempts, 17064512644 affine nodes, 8638 candidates; branch position 22, decisions 17, defined 22; template [0, 0, 0, 1, 0, 2, 4, 8, 0, 3, 6, 16, 28, 21, 10, 5, 0, 19, 24, 10, 26, 18, None, None, None, None, None, None, None, None, None, None]
n=5: 22485.0s, 41885712384 attempts, 17082589717 affine nodes, 8638 candidates; branch position 23, decisions 18, defined 23; template [0, 0, 0, 1, 0, 2, 4, 8, 0, 3, 6, 16, 28, 21, 23, 24, 0, 23, 26, 18, 12, 29, 17, None, None, None, None, None, None, None, None, None]
n=5: 22505.0s, 41921429504 attempts, 17100275012 affine nodes, 8638 candidates; branch position 22, decisions 17, defined 22; template [0, 0, 0, 1, 0, 2, 4, 8, 0, 3, 6, 16, 28, 22, 9, 30, 0, 6, 20, 29, 12, 11, None, None, None, None, None, None, None, None, None, None]
n=5: 22525.0s, 41957228544 attempts, 17117425254 affine nodes, 8645 candidates; branch position 23, decisions 18, defined 23; template [0, 0, 0, 1, 0, 2, 4, 8, 0, 3, 6, 16, 28, 22, 25, 9, 0, 13, 16, 20, 7, 27, 31, None, None, None, None, None, None, None, None, None]
n=5: 22545.0s, 41992962048 attempts, 17134646045 affine nodes, 8674 candidates; branch position 22, decisions 17, defined 22; template [0, 0, 0, 1, 0, 2, 4, 8, 0, 3, 6, 16, 28, 23, 10, 13, 0, 20, 3, 31, 10, 25, None, None, None, None, None, None, None, None, None, None]
n=5: 22565.0s, 42028695552 attempts, 17151740265 affine nodes, 8702 candidates; branch position 21, decisions 16, defined 21; template [0, 0, 0, 1, 0, 2, 4, 8, 0, 3, 6, 16, 28, 23, 19, 30, 0, 17, 26, 13, 31, None, None, None, None, None, None, None, None, None, None, None]
n=5: 22585.0s, 42064445440 attempts, 17169976825 affine nodes, 8702 candidates; branch position 21, decisions 16, defined 21; template [0, 0, 0, 1, 0, 2, 4, 8, 0, 3, 6, 16, 28, 25, 13, 5, 0, 31, 2, 24, 19, None, None, None, None, None, None, None, None, None, None, None]
n=5: 22605.0s, 42100244480 attempts, 17186999427 affine nodes, 8702 candidates; branch position 23, decisions 18, defined 23; template [0, 0, 0, 1, 0, 2, 4, 8, 0, 3, 6, 16, 28, 25, 27, 9, 0, 7, 3, 27, 20, 16, 13, None, None, None, None, None, None, None, None, None]
n=5: 22625.0s, 42136010752 attempts, 17204880448 affine nodes, 8713 candidates; branch position 23, decisions 18, defined 23; template [0, 0, 0, 1, 0, 2, 4, 8, 0, 3, 6, 16, 28, 26, 13, 23, 0, 25, 20, 26, 5, 15, 25, None, None, None, None, None, None, None, None, None]
n=5: 22645.0s, 42171711488 attempts, 17222157875 affine nodes, 8741 candidates; branch position 23, decisions 18, defined 23; template [0, 0, 0, 1, 0, 2, 4, 8, 0, 3, 6, 16, 28, 26, 23, 15, 0, 10, 8, 18, 5, 1, 28, None, None, None, None, None, None, None, None, None]
n=5: 22665.0s, 42207477760 attempts, 17240118781 affine nodes, 8741 candidates; branch position 23, decisions 17, defined 23; template [0, 0, 0, 1, 0, 2, 4, 8, 0, 3, 6, 16, 28, 27, 12, 9, 0, 13, 2, 17, 31, 23, 28, None, None, None, None, None, None, None, None, None]
n=5: 22685.0s, 42243260416 attempts, 17258057683 affine nodes, 8774 candidates; branch position 24, decisions 19, defined 24; template [0, 0, 0, 1, 0, 2, 4, 8, 0, 3, 6, 16, 28, 27, 20, 13, 0, 28, 15, 31, 5, 22, 21, 14, None, None, None, None, None, None, None, None]
n=5: 22705.0s, 42279075840 attempts, 17275320714 affine nodes, 8774 candidates; branch position 22, decisions 17, defined 22; template [0, 0, 0, 1, 0, 2, 4, 8, 0, 3, 6, 16, 29, 6, 9, 22, 0, 16, 18, 31, 28, 14, None, None, None, None, None, None, None, None, None, None]
n=5: 22725.0s, 42314727424 attempts, 17292153406 affine nodes, 8774 candidates; branch position 21, decisions 16, defined 21; template [0, 0, 0, 1, 0, 2, 4, 8, 0, 3, 6, 16, 29, 6, 19, 26, 0, 6, 26, 20, 13, None, None, None, None, None, None, None, None, None, None, None]
n=5: 22745.0s, 42350444544 attempts, 17309680997 affine nodes, 8774 candidates; branch position 22, decisions 17, defined 22; template [0, 0, 0, 1, 0, 2, 4, 8, 0, 3, 6, 16, 29, 9, 13, 19, 0, 8, 23, 17, 17, 20, None, None, None, None, None, None, None, None, None, None]
n=5: 22765.0s, 42386112512 attempts, 17326468957 affine nodes, 8780 candidates; branch position 22, decisions 17, defined 22; template [0, 0, 0, 1, 0, 2, 4, 8, 0, 3, 6, 16, 29, 9, 30, 17, 0, 19, 16, 30, 21, 16, None, None, None, None, None, None, None, None, None, None]
n=5: 22785.0s, 42421862400 attempts, 17342286663 affine nodes, 8790 candidates; branch position 23, decisions 18, defined 23; template [0, 0, 0, 1, 0, 2, 4, 8, 0, 3, 6, 16, 29, 12, 30, 19, 0, 5, 7, 23, 14, 22, 11, None, None, None, None, None, None, None, None, None]
n=5: 22805.0s, 42457726976 attempts, 17358103957 affine nodes, 8790 candidates; branch position 22, decisions 17, defined 22; template [0, 0, 0, 1, 0, 2, 4, 8, 0, 3, 6, 16, 29, 13, 20, 15, 0, 24, 18, 20, 5, 18, None, None, None, None, None, None, None, None, None, None]
n=5: 22825.0s, 42493624320 attempts, 17374552660 affine nodes, 8790 candidates; branch position 21, decisions 16, defined 21; template [0, 0, 0, 1, 0, 2, 4, 8, 0, 3, 6, 16, 29, 15, 13, 17, 0, 23, 3, 25, 22, None, None, None, None, None, None, None, None, None, None, None]
n=5: 22845.0s, 42529406976 attempts, 17390442074 affine nodes, 8798 candidates; branch position 23, decisions 18, defined 23; template [0, 0, 0, 1, 0, 2, 4, 8, 0, 3, 6, 16, 29, 15, 26, 10, 0, 13, 31, 17, 30, 26, 16, None, None, None, None, None, None, None, None, None]
n=5: 22865.0s, 42565025792 attempts, 17406970837 affine nodes, 8825 candidates; branch position 22, decisions 17, defined 22; template [0, 0, 0, 1, 0, 2, 4, 8, 0, 3, 6, 16, 29, 18, 13, 9, 0, 7, 22, 2, 16, 21, None, None, None, None, None, None, None, None, None, None]
n=5: 22885.0s, 42600677376 attempts, 17423949818 affine nodes, 8830 candidates; branch position 22, decisions 17, defined 22; template [0, 0, 0, 1, 0, 2, 4, 8, 0, 3, 6, 16, 29, 21, 9, 23, 0, 31, 24, 17, 11, 14, None, None, None, None, None, None, None, None, None, None]
n=5: 22905.0s, 42636525568 attempts, 17440095538 affine nodes, 8846 candidates; branch position 21, decisions 16, defined 21; template [0, 0, 0, 1, 0, 2, 4, 8, 0, 3, 6, 16, 29, 22, 5, 12, 0, 8, 31, 21, 7, None, None, None, None, None, None, None, None, None, None, None]
n=5: 22925.0s, 42672404081 attempts, 17455906816 affine nodes, 8846 candidates; branch position 18, decisions 13, defined 19; template [0, 0, 0, 1, 0, 2, 4, 8, 0, 3, 6, 16, 29, 22, 13, 31, 0, 27, 2, None, None, None, None, None, None, None, None, None, None, None, None, None]
n=5: 22945.1s, 42708303872 attempts, 17471829772 affine nodes, 8852 candidates; branch position 22, decisions 17, defined 22; template [0, 0, 0, 1, 0, 2, 4, 8, 0, 3, 6, 16, 29, 23, 12, 10, 0, 23, 9, 21, 25, 20, None, None, None, None, None, None, None, None, None, None]
n=5: 22965.1s, 42744184832 attempts, 17487355006 affine nodes, 8884 candidates; branch position 22, decisions 17, defined 22; template [0, 0, 0, 1, 0, 2, 4, 8, 0, 3, 6, 16, 29, 23, 30, 12, 0, 17, 13, 26, 26, 7, None, None, None, None, None, None, None, None, None, None]
n=5: 22985.1s, 42780033024 attempts, 17503226537 affine nodes, 8884 candidates; branch position 22, decisions 17, defined 22; template [0, 0, 0, 1, 0, 2, 4, 8, 0, 3, 6, 16, 29, 25, 20, 12, 0, 13, 27, 10, 3, 11, None, None, None, None, None, None, None, None, None, None]
n=5: 23005.1s, 42815832064 attempts, 17519496941 affine nodes, 8884 candidates; branch position 22, decisions 17, defined 22; template [0, 0, 0, 1, 0, 2, 4, 8, 0, 3, 6, 16, 29, 26, 9, 17, 0, 31, 2, 13, 22, 18, None, None, None, None, None, None, None, None, None, None]
n=5: 23025.1s, 42851581952 attempts, 17535517904 affine nodes, 8915 candidates; branch position 21, decisions 16, defined 21; template [0, 0, 0, 1, 0, 2, 4, 8, 0, 3, 6, 16, 29, 26, 20, 17, 0, 25, 15, 4, 23, None, None, None, None, None, None, None, None, None, None, None]
n=5: 23045.1s, 42887462912 attempts, 17551750600 affine nodes, 8930 candidates; branch position 23, decisions 18, defined 23; template [0, 0, 0, 1, 0, 2, 4, 8, 0, 3, 6, 16, 29, 27, 12, 5, 0, 8, 15, 10, 28, 4, 25, None, None, None, None, None, None, None, None, None]
n=5: 23065.1s, 42923360256 attempts, 17568341658 affine nodes, 8930 candidates; branch position 23, decisions 18, defined 23; template [0, 0, 0, 1, 0, 2, 4, 8, 0, 3, 6, 16, 30, 6, 5, 28, 0, 13, 9, 14, 20, 16, 2, None, None, None, None, None, None, None, None, None]
n=5: 23085.1s, 42958979072 attempts, 17585438531 affine nodes, 8930 candidates; branch position 22, decisions 17, defined 22; template [0, 0, 0, 1, 0, 2, 4, 8, 0, 3, 6, 16, 30, 6, 23, 13, 0, 13, 25, 10, 12, 30, None, None, None, None, None, None, None, None, None, None]
n=5: 23105.1s, 42994745344 attempts, 17602272485 affine nodes, 8930 candidates; branch position 22, decisions 17, defined 22; template [0, 0, 0, 1, 0, 2, 4, 8, 0, 3, 6, 16, 30, 11, 5, 23, 0, 30, 20, 28, 31, 6, None, None, None, None, None, None, None, None, None, None]
n=5: 23125.1s, 43030462464 attempts, 17619604435 affine nodes, 8930 candidates; branch position 23, decisions 18, defined 23; template [0, 0, 0, 1, 0, 2, 4, 8, 0, 3, 6, 16, 30, 11, 23, 12, 0, 14, 22, 27, 7, 1, 11, None, None, None, None, None, None, None, None, None]
n=5: 23145.1s, 43066277888 attempts, 17636499766 affine nodes, 8930 candidates; branch position 23, decisions 18, defined 23; template [0, 0, 0, 1, 0, 2, 4, 8, 0, 3, 6, 16, 30, 12, 17, 5, 0, 10, 13, 20, 24, 22, 27, None, None, None, None, None, None, None, None, None]
n=5: 23165.1s, 43102044160 attempts, 17652665778 affine nodes, 8948 candidates; branch position 23, decisions 18, defined 23; template [0, 0, 0, 1, 0, 2, 4, 8, 0, 3, 6, 16, 30, 12, 25, 23, 0, 13, 22, 29, 27, 6, 2, None, None, None, None, None, None, None, None, None]
n=5: 23185.1s, 43137843200 attempts, 17669249709 affine nodes, 8963 candidates; branch position 22, decisions 17, defined 22; template [0, 0, 0, 1, 0, 2, 4, 8, 0, 3, 6, 16, 30, 13, 14, 17, 0, 15, 5, 21, 12, 10, None, None, None, None, None, None, None, None, None, None]
n=5: 23205.1s, 43173625856 attempts, 17685656010 affine nodes, 8970 candidates; branch position 23, decisions 18, defined 23; template [0, 0, 0, 1, 0, 2, 4, 8, 0, 3, 6, 16, 30, 13, 27, 5, 0, 7, 25, 19, 28, 4, 13, None, None, None, None, None, None, None, None, None]
n=5: 23225.1s, 43209506816 attempts, 17702611021 affine nodes, 8977 candidates; branch position 22, decisions 17, defined 22; template [0, 0, 0, 1, 0, 2, 4, 8, 0, 3, 6, 16, 30, 15, 19, 29, 0, 30, 3, 27, 20, 16, None, None, None, None, None, None, None, None, None, None]
n=5: 23245.1s, 43245338624 attempts, 17718669681 affine nodes, 8982 candidates; branch position 21, decisions 16, defined 21; template [0, 0, 0, 1, 0, 2, 4, 8, 0, 3, 6, 16, 30, 21, 10, 12, 0, 4, 8, 13, 19, None, None, None, None, None, None, None, None, None, None, None]
n=5: 23265.1s, 43281252352 attempts, 17734679741 affine nodes, 8996 candidates; branch position 23, decisions 18, defined 23; template [0, 0, 0, 1, 0, 2, 4, 8, 0, 3, 6, 16, 30, 21, 23, 15, 0, 27, 24, 12, 21, 17, 22, None, None, None, None, None, None, None, None, None]
n=5: 23285.2s, 43317035008 attempts, 17751473390 affine nodes, 9019 candidates; branch position 23, decisions 18, defined 23; template [0, 0, 0, 1, 0, 2, 4, 8, 0, 3, 6, 16, 30, 22, 10, 13, 0, 14, 2, 30, 15, 28, 17, None, None, None, None, None, None, None, None, None]
n=5: 23305.2s, 43352834048 attempts, 17767542124 affine nodes, 9056 candidates; branch position 21, decisions 16, defined 21; template [0, 0, 0, 1, 0, 2, 4, 8, 0, 3, 6, 16, 30, 22, 29, 19, 0, 7, 22, 27, 1, None, None, None, None, None, None, None, None, None, None, None]
n=5: 23325.2s, 43388698624 attempts, 17783690688 affine nodes, 9064 candidates; branch position 23, decisions 18, defined 23; template [0, 0, 0, 1, 0, 2, 4, 8, 0, 3, 6, 16, 30, 23, 19, 12, 0, 11, 7, 21, 26, 14, 12, None, None, None, None, None, None, None, None, None]
n=5: 23345.2s, 43424530432 attempts, 17800178267 affine nodes, 9080 candidates; branch position 21, decisions 16, defined 21; template [0, 0, 0, 1, 0, 2, 4, 8, 0, 3, 6, 16, 30, 25, 5, 28, 0, 9, 7, 22, 27, None, None, None, None, None, None, None, None, None, None, None]
n=5: 23365.2s, 43460296704 attempts, 17817258888 affine nodes, 9111 candidates; branch position 22, decisions 17, defined 22; template [0, 0, 0, 1, 0, 2, 4, 8, 0, 3, 6, 16, 30, 25, 23, 5, 0, 4, 24, 29, 13, 23, None, None, None, None, None, None, None, None, None, None]
n=5: 23385.2s, 43496210432 attempts, 17833455589 affine nodes, 9111 candidates; branch position 21, decisions 16, defined 21; template [0, 0, 0, 1, 0, 2, 4, 8, 0, 3, 6, 16, 30, 26, 9, 19, 0, 19, 8, 2, 31, None, None, None, None, None, None, None, None, None, None, None]
n=5: 23405.2s, 43531894784 attempts, 17849900965 affine nodes, 9130 candidates; branch position 22, decisions 17, defined 22; template [0, 0, 0, 1, 0, 2, 4, 8, 0, 3, 6, 16, 30, 26, 23, 13, 0, 11, 8, 14, 19, 1, None, None, None, None, None, None, None, None, None, None]
n=5: 23425.2s, 43567710208 attempts, 17866415333 affine nodes, 9160 candidates; branch position 22, decisions 17, defined 22; template [0, 0, 0, 1, 0, 2, 4, 8, 0, 3, 6, 16, 30, 27, 12, 19, 0, 9, 23, 31, 8, 12, None, None, None, None, None, None, None, None, None, None]
n=5: 23445.2s, 43603525632 attempts, 17883289867 affine nodes, 9176 candidates; branch position 22, decisions 17, defined 22; template [0, 0, 0, 1, 0, 2, 4, 8, 0, 3, 6, 16, 30, 27, 23, 19, 0, 26, 14, 29, 27, 3, None, None, None, None, None, None, None, None, None, None]
n=5: 23465.2s, 43639160832 attempts, 17901004662 affine nodes, 9176 candidates; branch position 22, decisions 17, defined 22; template [0, 0, 0, 1, 0, 2, 4, 8, 0, 3, 6, 16, 31, 6, 13, 22, 0, 7, 13, 19, 30, 11, None, None, None, None, None, None, None, None, None, None]
n=5: 23485.2s, 43674845184 attempts, 17918132288 affine nodes, 9176 candidates; branch position 23, decisions 18, defined 23; template [0, 0, 0, 1, 0, 2, 4, 8, 0, 3, 6, 16, 31, 6, 23, 28, 0, 10, 14, 21, 19, 23, 13, None, None, None, None, None, None, None, None, None]
n=5: 23505.2s, 43710562304 attempts, 17934787009 affine nodes, 9181 candidates; branch position 22, decisions 17, defined 22; template [0, 0, 0, 1, 0, 2, 4, 8, 0, 3, 6, 16, 31, 12, 17, 21, 0, 17, 28, 3, 18, 25, None, None, None, None, None, None, None, None, None, None]
n=5: 23525.2s, 43746344960 attempts, 17950892166 affine nodes, 9194 candidates; branch position 22, decisions 17, defined 22; template [0, 0, 0, 1, 0, 2, 4, 8, 0, 3, 6, 16, 31, 13, 10, 5, 0, 19, 26, 2, 1, 20, None, None, None, None, None, None, None, None, None, None]
n=5: 23545.2s, 43782045696 attempts, 17967610674 affine nodes, 9213 candidates; branch position 23, decisions 18, defined 23; template [0, 0, 0, 1, 0, 2, 4, 8, 0, 3, 6, 16, 31, 13, 20, 27, 0, 27, 13, 20, 29, 3, 10, None, None, None, None, None, None, None, None, None]
n=5: 23565.2s, 43817893888 attempts, 17984094735 affine nodes, 9224 candidates; branch position 23, decisions 18, defined 23; template [0, 0, 0, 1, 0, 2, 4, 8, 0, 3, 6, 16, 31, 15, 5, 13, 0, 23, 20, 25, 19, 14, 10, None, None, None, None, None, None, None, None, None]
n=5: 23585.2s, 43853643776 attempts, 18000576270 affine nodes, 9235 candidates; branch position 22, decisions 17, defined 22; template [0, 0, 0, 1, 0, 2, 4, 8, 0, 3, 6, 16, 31, 15, 20, 29, 0, 18, 8, 15, 25, 20, None, None, None, None, None, None, None, None, None, None]
n=5: 23605.2s, 43889311744 attempts, 18017211793 affine nodes, 9253 candidates; branch position 22, decisions 17, defined 22; template [0, 0, 0, 1, 0, 2, 4, 8, 0, 3, 6, 16, 31, 21, 14, 29, 0, 18, 14, 17, 17, 23, None, None, None, None, None, None, None, None, None, None]
n=5: 23625.2s, 43924996096 attempts, 18033627239 affine nodes, 9268 candidates; branch position 22, decisions 17, defined 22; template [0, 0, 0, 1, 0, 2, 4, 8, 0, 3, 6, 16, 31, 22, 5, 27, 0, 11, 18, 21, 15, 31, None, None, None, None, None, None, None, None, None, None]
n=5: 23645.2s, 43960860672 attempts, 18050306591 affine nodes, 9273 candidates; branch position 23, decisions 18, defined 23; template [0, 0, 0, 1, 0, 2, 4, 8, 0, 3, 6, 16, 31, 22, 20, 27, 0, 19, 16, 27, 13, 9, 22, None, None, None, None, None, None, None, None, None]
n=5: 23665.2s, 43996692480 attempts, 18066848574 affine nodes, 9291 candidates; branch position 22, decisions 17, defined 22; template [0, 0, 0, 1, 0, 2, 4, 8, 0, 3, 6, 16, 31, 23, 13, 10, 0, 18, 31, 12, 19, 26, None, None, None, None, None, None, None, None, None, None]
n=5: 23685.2s, 44032589824 attempts, 18083005690 affine nodes, 9307 candidates; branch position 22, decisions 17, defined 22; template [0, 0, 0, 1, 0, 2, 4, 8, 0, 3, 6, 16, 31, 23, 28, 13, 0, 24, 12, 7, 25, 10, None, None, None, None, None, None, None, None, None, None]
n=5: 23705.3s, 44068175872 attempts, 18099840774 affine nodes, 9338 candidates; branch position 23, decisions 18, defined 23; template [0, 0, 0, 1, 0, 2, 4, 8, 0, 3, 6, 16, 31, 25, 19, 27, 0, 10, 17, 9, 5, 20, 13, None, None, None, None, None, None, None, None, None]
n=5: 23725.3s, 44103942144 attempts, 18116697156 affine nodes, 9348 candidates; branch position 22, decisions 16, defined 22; template [0, 0, 0, 1, 0, 2, 4, 8, 0, 3, 6, 16, 31, 26, 13, 29, 0, 30, 17, 11, 20, 9, None, None, None, None, None, None, None, None, None, None]
n=5: 23745.3s, 44139642880 attempts, 18133476518 affine nodes, 9389 candidates; branch position 23, decisions 18, defined 23; template [0, 0, 0, 1, 0, 2, 4, 8, 0, 3, 6, 16, 31, 26, 23, 5, 0, 8, 21, 24, 6, 22, 18, None, None, None, None, None, None, None, None, None]
n=5: 23765.3s, 44175455165 attempts, 18149801984 affine nodes, 9397 candidates; branch position 18, decisions 13, defined 19; template [0, 0, 0, 1, 0, 2, 4, 8, 0, 3, 6, 16, 31, 27, 13, 22, 0, 25, 27, None, None, None, None, None, None, None, None, None, None, None, None, None]
n=5: 23785.3s, 44211257344 attempts, 18166022876 affine nodes, 9402 candidates; branch position 21, decisions 16, defined 21; template [0, 0, 0, 1, 0, 2, 4, 8, 0, 3, 6, 16, 31, 27, 23, 9, 0, 9, 24, 18, 7, None, None, None, None, None, None, None, None, None, None, None]
n=5: 23805.3s, 44247105536 attempts, 18183873104 affine nodes, 9402 candidates; branch position 22, decisions 17, defined 22; template [0, 0, 0, 1, 0, 2, 4, 8, 0, 3, 8, 5, 14, 16, 20, 9, 0, 6, 30, 13, 31, 3, None, None, None, None, None, None, None, None, None, None]
n=5: 23825.3s, 44282855424 attempts, 18201244072 affine nodes, 9402 candidates; branch position 21, decisions 16, defined 21; template [0, 0, 0, 1, 0, 2, 4, 8, 0, 3, 8, 5, 14, 16, 28, 23, 0, 9, 13, 26, 21, None, None, None, None, None, None, None, None, None, None, None]
n=5: 23845.3s, 44318720000 attempts, 18218956823 affine nodes, 9402 candidates; branch position 21, decisions 16, defined 21; template [0, 0, 0, 1, 0, 2, 4, 8, 0, 3, 8, 5, 15, 16, 19, 29, 0, 25, 16, 2, 7, None, None, None, None, None, None, None, None, None, None, None]
n=5: 23865.3s, 44354453504 attempts, 18236333157 affine nodes, 9402 candidates; branch position 22, decisions 17, defined 22; template [0, 0, 0, 1, 0, 2, 4, 8, 0, 3, 8, 5, 15, 16, 28, 21, 0, 28, 7, 16, 21, 27, None, None, None, None, None, None, None, None, None, None]
n=5: 23885.3s, 44390236160 attempts, 18254113925 affine nodes, 9402 candidates; branch position 23, decisions 18, defined 23; template [0, 0, 0, 1, 0, 2, 4, 8, 0, 3, 8, 5, 16, 20, 14, 25, 0, 21, 23, 16, 8, 7, 25, None, None, None, None, None, None, None, None, None]
n=5: 23905.3s, 44425920512 attempts, 18271155775 affine nodes, 9402 candidates; branch position 21, decisions 16, defined 21; template [0, 0, 0, 1, 0, 2, 4, 8, 0, 3, 8, 5, 16, 20, 29, 15, 0, 7, 11, 22, 28, None, None, None, None, None, None, None, None, None, None, None]
n=5: 23925.3s, 44461604864 attempts, 18287985239 affine nodes, 9402 candidates; branch position 22, decisions 17, defined 23; template [0, 0, 0, 1, 0, 2, 4, 8, 0, 3, 8, 5, 16, 22, 25, 29, 0, 8, 2, 21, 25, 30, None, None, None, None, 24, None, None, None, None, None]
n=5: 23945.3s, 44497321984 attempts, 18305714366 affine nodes, 9402 candidates; branch position 22, decisions 17, defined 22; template [0, 0, 0, 1, 0, 2, 4, 8, 0, 3, 8, 5, 16, 23, 27, 20, 0, 5, 19, 26, 12, 10, None, None, None, None, None, None, None, None, None, None]
n=5: 23965.3s, 44533039104 attempts, 18323253498 affine nodes, 9402 candidates; branch position 22, decisions 17, defined 22; template [0, 0, 0, 1, 0, 2, 4, 8, 0, 3, 8, 5, 16, 25, 6, 23, 0, 20, 30, 3, 21, 13, None, None, None, None, None, None, None, None, None, None]
n=5: 23985.3s, 44568756224 attempts, 18340969129 affine nodes, 9402 candidates; branch position 21, decisions 16, defined 21; template [0, 0, 0, 1, 0, 2, 4, 8, 0, 3, 8, 5, 16, 26, 6, 15, 0, 24, 23, 12, 12, None, None, None, None, None, None, None, None, None, None, None]
n=5: 24005.3s, 44604407808 attempts, 18358971808 affine nodes, 9402 candidates; branch position 23, decisions 18, defined 23; template [0, 0, 0, 1, 0, 2, 4, 8, 0, 3, 8, 5, 16, 26, 19, 20, 0, 30, 7, 21, 21, 1, 2, None, None, None, None, None, None, None, None, None]
n=5: 24025.3s, 44639846400 attempts, 18376341571 affine nodes, 9402 candidates; branch position 21, decisions 16, defined 21; template [0, 0, 0, 1, 0, 2, 4, 8, 0, 3, 8, 5, 16, 30, 9, 18, 0, 17, 27, 12, 22, None, None, None, None, None, None, None, None, None, None, None]
n=5: 24045.3s, 44675170304 attempts, 18395334362 affine nodes, 9402 candidates; branch position 22, decisions 17, defined 22; template [0, 0, 0, 1, 0, 2, 4, 8, 0, 3, 8, 5, 16, 31, 14, 20, 0, 27, 24, 28, 23, 3, None, None, None, None, None, None, None, None, None, None]
n=5: 24065.3s, 44710805504 attempts, 18413012025 affine nodes, 9402 candidates; branch position 22, decisions 17, defined 22; template [0, 0, 0, 1, 0, 2, 4, 8, 0, 3, 8, 12, 15, 16, 13, 21, 0, 21, 13, 22, 22, 11, None, None, None, None, None, None, None, None, None, None]
n=5: 24085.3s, 44746702848 attempts, 18429688774 affine nodes, 9402 candidates; branch position 23, decisions 18, defined 23; template [0, 0, 0, 1, 0, 2, 4, 8, 0, 3, 8, 12, 15, 16, 23, 29, 0, 11, 20, 25, 22, 31, 26, None, None, None, None, None, None, None, None, None]
n=5: 24105.3s, 44782583808 attempts, 18445711288 affine nodes, 9402 candidates; branch position 23, decisions 18, defined 23; template [0, 0, 0, 1, 0, 2, 4, 8, 0, 3, 8, 12, 16, 21, 5, 30, 0, 17, 24, 19, 8, 20, 30, None, None, None, None, None, None, None, None, None]
n=5: 24125.3s, 44818432000 attempts, 18462033436 affine nodes, 9402 candidates; branch position 22, decisions 17, defined 22; template [0, 0, 0, 1, 0, 2, 4, 8, 0, 3, 8, 12, 16, 21, 23, 25, 0, 13, 22, 14, 25, 16, None, None, None, None, None, None, None, None, None, None]
n=5: 24145.4s, 44854214656 attempts, 18478463633 affine nodes, 9407 candidates; branch position 22, decisions 17, defined 22; template [0, 0, 0, 1, 0, 2, 4, 8, 0, 3, 8, 12, 16, 22, 19, 29, 0, 17, 13, 10, 3, 6, None, None, None, None, None, None, None, None, None, None]
n=5: 24165.4s, 44889980928 attempts, 18495483532 affine nodes, 9415 candidates; branch position 22, decisions 17, defined 22; template [0, 0, 0, 1, 0, 2, 4, 8, 0, 3, 8, 12, 16, 23, 13, 18, 0, 23, 26, 16, 10, 31, None, None, None, None, None, None, None, None, None, None]
n=5: 24185.4s, 44925812736 attempts, 18513087854 affine nodes, 9415 candidates; branch position 20, decisions 15, defined 20; template [0, 0, 0, 1, 0, 2, 4, 8, 0, 3, 8, 12, 16, 23, 30, 6, 0, 13, 2, 23, None, None, None, None, None, None, None, None, None, None, None, None]
n=5: 24205.4s, 44961759232 attempts, 18531003674 affine nodes, 9415 candidates; branch position 22, decisions 17, defined 22; template [0, 0, 0, 1, 0, 2, 4, 8, 0, 3, 8, 12, 16, 24, 22, 19, 0, 30, 26, 9, 20, 12, None, None, None, None, None, None, None, None, None, None]
n=5: 24225.4s, 44997656576 attempts, 18547330685 affine nodes, 9415 candidates; branch position 21, decisions 16, defined 21; template [0, 0, 0, 1, 0, 2, 4, 8, 0, 3, 8, 12, 16, 25, 30, 6, 0, 18, 12, 21, 31, None, None, None, None, None, None, None, None, None, None, None]
n=5: 24245.4s, 45033619456 attempts, 18563360509 affine nodes, 9421 candidates; branch position 23, decisions 18, defined 23; template [0, 0, 0, 1, 0, 2, 4, 8, 0, 3, 8, 12, 16, 26, 19, 9, 0, 6, 28, 18, 13, 28, 31, None, None, None, None, None, None, None, None, None]
n=5: 24265.4s, 45069533184 attempts, 18579891983 affine nodes, 9424 candidates; branch position 22, decisions 17, defined 22; template [0, 0, 0, 1, 0, 2, 4, 8, 0, 3, 8, 13, 13, 6, 16, 25, 0, 8, 15, 27, 22, 25, None, None, None, None, None, None, None, None, None, None]
n=5: 24285.4s, 45105430528 attempts, 18598782719 affine nodes, 9430 candidates; branch position 22, decisions 17, defined 22; template [0, 0, 0, 1, 0, 2, 4, 8, 0, 3, 8, 13, 13, 16, 20, 19, 0, 30, 7, 15, 1, 29, None, None, None, None, None, None, None, None, None, None]
n=5: 24305.4s, 45141295104 attempts, 18615952464 affine nodes, 9430 candidates; branch position 23, decisions 18, defined 23; template [0, 0, 0, 1, 0, 2, 4, 8, 0, 3, 8, 13, 13, 16, 30, 21, 0, 15, 29, 3, 12, 1, 28, None, None, None, None, None, None, None, None, None]
n=5: 24325.4s, 45177307136 attempts, 18632984632 affine nodes, 9430 candidates; branch position 22, decisions 17, defined 22; template [0, 0, 0, 1, 0, 2, 4, 8, 0, 3, 8, 13, 14, 16, 19, 23, 0, 16, 21, 4, 25, 1, None, None, None, None, None, None, None, None, None, None]
n=5: 24345.4s, 45213253632 attempts, 18649396823 affine nodes, 9430 candidates; branch position 21, decisions 16, defined 21; template [0, 0, 0, 1, 0, 2, 4, 8, 0, 3, 8, 13, 14, 16, 28, 12, 0, 19, 3, 14, 21, None, None, None, None, None, None, None, None, None, None, None]
n=5: 24365.4s, 45249216512 attempts, 18665584174 affine nodes, 9430 candidates; branch position 21, decisions 16, defined 21; template [0, 0, 0, 1, 0, 2, 4, 8, 0, 3, 8, 13, 16, 20, 14, 25, 0, 7, 31, 21, 13, None, None, None, None, None, None, None, None, None, None, None]
n=5: 24385.4s, 45284950016 attempts, 18681315553 affine nodes, 9433 candidates; branch position 23, decisions 18, defined 23; template [0, 0, 0, 1, 0, 2, 4, 8, 0, 3, 8, 13, 16, 20, 29, 23, 0, 27, 12, 3, 28, 10, 21, None, None, None, None, None, None, None, None, None]
n=5: 24405.4s, 45320814592 attempts, 18698640739 affine nodes, 9433 candidates; branch position 24, decisions 19, defined 24; template [0, 0, 0, 1, 0, 2, 4, 8, 0, 3, 8, 13, 16, 22, 25, 19, 0, 25, 13, 26, 23, 11, 21, 7, None, None, None, None, None, None, None, None]
n=5: 24425.4s, 45356711936 attempts, 18715572622 affine nodes, 9441 candidates; branch position 22, decisions 17, defined 22; template [0, 0, 0, 1, 0, 2, 4, 8, 0, 3, 8, 13, 16, 23, 19, 14, 0, 26, 12, 10, 5, 21, None, None, None, None, None, None, None, None, None, None]
n=5: 24445.4s, 45392445440 attempts, 18732317297 affine nodes, 9441 candidates; branch position 22, decisions 17, defined 22; template [0, 0, 0, 1, 0, 2, 4, 8, 0, 3, 8, 13, 16, 24, 6, 20, 0, 25, 21, 14, 23, 26, None, None, None, None, None, None, None, None, None, None]
n=5: 24465.4s, 45428342784 attempts, 18748948721 affine nodes, 9441 candidates; branch position 22, decisions 17, defined 22; template [0, 0, 0, 1, 0, 2, 4, 8, 0, 3, 8, 13, 16, 25, 6, 30, 0, 17, 2, 4, 13, 9, None, None, None, None, None, None, None, None, None, None]
n=5: 24485.4s, 45464272896 attempts, 18766399352 affine nodes, 9446 candidates; branch position 21, decisions 16, defined 21; template [0, 0, 0, 1, 0, 2, 4, 8, 0, 3, 8, 13, 16, 26, 9, 23, 0, 7, 26, 2, 23, None, None, None, None, None, None, None, None, None, None, None]
n=5: 24505.4s, 45500104704 attempts, 18782467076 affine nodes, 9451 candidates; branch position 20, decisions 15, defined 20; template [0, 0, 0, 1, 0, 2, 4, 8, 0, 3, 8, 13, 16, 26, 25, 6, 0, 17, 20, 10, None, None, None, None, None, None, None, None, None, None, None, None]
n=5: 24525.4s, 45536100352 attempts, 18798826594 affine nodes, 9451 candidates; branch position 19, decisions 14, defined 19; template [0, 0, 0, 1, 0, 2, 4, 8, 0, 3, 8, 14, 13, 16, 18, 31, 0, 9, 20, None, None, None, None, None, None, None, None, None, None, None, None, None]
n=5: 24545.4s, 45572046848 attempts, 18814804639 affine nodes, 9451 candidates; branch position 22, decisions 17, defined 22; template [0, 0, 0, 1, 0, 2, 4, 8, 0, 3, 8, 14, 13, 16, 25, 15, 0, 13, 26, 20, 7, 3, None, None, None, None, None, None, None, None, None, None]
n=5: 24565.4s, 45608042496 attempts, 18831273917 affine nodes, 9451 candidates; branch position 22, decisions 17, defined 22; template [0, 0, 0, 1, 0, 2, 4, 8, 0, 3, 8, 14, 14, 16, 5, 21, 0, 18, 23, 10, 6, 26, None, None, None, None, None, None, None, None, None, None]
n=5: 24585.5s, 45644087296 attempts, 18849978266 affine nodes, 9451 candidates; branch position 22, decisions 17, defined 22; template [0, 0, 0, 1, 0, 2, 4, 8, 0, 3, 8, 14, 14, 16, 19, 25, 0, 31, 2, 24, 7, 9, None, None, None, None, None, None, None, None, None, None]
n=5: 24605.5s, 45679984640 attempts, 18866917908 affine nodes, 9456 candidates; branch position 21, decisions 16, defined 21; template [0, 0, 0, 1, 0, 2, 4, 8, 0, 3, 8, 14, 14, 16, 26, 23, 0, 28, 24, 23, 13, None, None, None, None, None, None, None, None, None, None, None]
n=5: 24625.5s, 45715914752 attempts, 18885423420 affine nodes, 9456 candidates; branch position 22, decisions 17, defined 22; template [0, 0, 0, 1, 0, 2, 4, 8, 0, 3, 8, 14, 16, 4, 13, 21, 0, 4, 18, 23, 3, 24, None, None, None, None, None, None, None, None, None, None]
n=5: 24645.5s, 45751795712 attempts, 18903107575 affine nodes, 9456 candidates; branch position 22, decisions 17, defined 22; template [0, 0, 0, 1, 0, 2, 4, 8, 0, 3, 8, 14, 16, 4, 22, 29, 0, 18, 15, 7, 13, 20, None, None, None, None, None, None, None, None, None, None]
n=5: 24665.5s, 45787791360 attempts, 18920569574 affine nodes, 9460 candidates; branch position 21, decisions 16, defined 21; template [0, 0, 0, 1, 0, 2, 4, 8, 0, 3, 8, 14, 16, 4, 31, 15, 0, 18, 14, 5, 12, None, None, None, None, None, None, None, None, None, None, None]
n=5: 24685.5s, 45823688704 attempts, 18936941199 affine nodes, 9467 candidates; branch position 23, decisions 18, defined 23; template [0, 0, 0, 1, 0, 2, 4, 8, 0, 3, 8, 14, 16, 20, 15, 26, 0, 15, 21, 29, 18, 3, 12, None, None, None, None, None, None, None, None, None]
n=5: 24705.5s, 45859389440 attempts, 18953276716 affine nodes, 9467 candidates; branch position 21, decisions 16, defined 21; template [0, 0, 0, 1, 0, 2, 4, 8, 0, 3, 8, 14, 16, 20, 27, 9, 0, 16, 25, 19, 31, None, None, None, None, None, None, None, None, None, None, None]
n=5: 24725.5s, 45895270400 attempts, 18970921884 affine nodes, 9468 candidates; branch position 22, decisions 17, defined 22; template [0, 0, 0, 1, 0, 2, 4, 8, 0, 3, 8, 14, 16, 21, 15, 18, 0, 30, 14, 5, 18, 11, None, None, None, None, None, None, None, None, None, None]
n=5: 24745.5s, 45931036672 attempts, 18988648430 affine nodes, 9468 candidates; branch position 21, decisions 16, defined 21; template [0, 0, 0, 1, 0, 2, 4, 8, 0, 3, 8, 14, 16, 21, 31, 6, 0, 28, 25, 7, 19, None, None, None, None, None, None, None, None, None, None, None]
n=5: 24765.5s, 45966917632 attempts, 19004672187 affine nodes, 9475 candidates; branch position 22, decisions 17, defined 22; template [0, 0, 0, 1, 0, 2, 4, 8, 0, 3, 8, 14, 16, 23, 18, 6, 0, 4, 16, 13, 25, 11, None, None, None, None, None, None, None, None, None, None]
n=5: 24785.5s, 46002683904 attempts, 19020211830 affine nodes, 9475 candidates; branch position 22, decisions 17, defined 22; template [0, 0, 0, 1, 0, 2, 4, 8, 0, 3, 8, 14, 16, 24, 5, 20, 0, 15, 28, 9, 18, 14, None, None, None, None, None, None, None, None, None, None]
n=5: 24805.5s, 46038646784 attempts, 19036386091 affine nodes, 9475 candidates; branch position 22, decisions 17, defined 22; template [0, 0, 0, 1, 0, 2, 4, 8, 0, 3, 8, 14, 16, 24, 18, 29, 0, 4, 20, 26, 31, 15, None, None, None, None, None, None, None, None, None, None]
n=5: 24825.5s, 46074576896 attempts, 19051622318 affine nodes, 9475 candidates; branch position 22, decisions 17, defined 22; template [0, 0, 0, 1, 0, 2, 4, 8, 0, 3, 8, 14, 16, 25, 5, 23, 0, 28, 17, 4, 1, 9, None, None, None, None, None, None, None, None, None, None]
n=5: 24845.5s, 46110474240 attempts, 19068070710 affine nodes, 9475 candidates; branch position 22, decisions 17, defined 22; template [0, 0, 0, 1, 0, 2, 4, 8, 0, 3, 8, 14, 16, 25, 21, 5, 0, 30, 17, 13, 3, 6, None, None, None, None, None, None, None, None, None, None]
n=5: 24865.5s, 46146240512 attempts, 19083555181 affine nodes, 9475 candidates; branch position 21, decisions 16, defined 21; template [0, 0, 0, 1, 0, 2, 4, 8, 0, 3, 8, 14, 16, 26, 5, 31, 0, 11, 31, 13, 6, None, None, None, None, None, None, None, None, None, None, None]
n=5: 24885.5s, 46182187008 attempts, 19101512642 affine nodes, 9475 candidates; branch position 21, decisions 16, defined 21; template [0, 0, 0, 1, 0, 2, 4, 8, 0, 3, 8, 14, 16, 26, 21, 9, 0, 18, 3, 21, 5, None, None, None, None, None, None, None, None, None, None, None]
n=5: 24905.5s, 46218067968 attempts, 19118574722 affine nodes, 9475 candidates; branch position 24, decisions 19, defined 24; template [0, 0, 0, 1, 0, 2, 4, 8, 0, 3, 8, 14, 16, 26, 31, 6, 0, 7, 23, 26, 11, 29, 12, 9, None, None, None, None, None, None, None, None]
n=5: 24925.5s, 46253998080 attempts, 19135565513 affine nodes, 9475 candidates; branch position 20, decisions 15, defined 20; template [0, 0, 0, 1, 0, 2, 4, 8, 0, 3, 8, 14, 16, 27, 15, 23, 0, 15, 20, 19, None, None, None, None, None, None, None, None, None, None, None, None]
n=5: 24945.5s, 46289846272 attempts, 19153184520 affine nodes, 9475 candidates; branch position 22, decisions 17, defined 22; template [0, 0, 0, 1, 0, 2, 4, 8, 0, 3, 8, 14, 16, 27, 30, 9, 0, 8, 27, 4, 1, 11, None, None, None, None, None, None, None, None, None, None]
n=5: 24965.5s, 46325661696 attempts, 19168795093 affine nodes, 9475 candidates; branch position 22, decisions 17, defined 22; template [0, 0, 0, 1, 0, 2, 4, 8, 0, 3, 8, 14, 16, 29, 18, 5, 0, 21, 18, 3, 19, 10, None, None, None, None, None, None, None, None, None, None]
n=5: 24985.5s, 46361477120 attempts, 19184152551 affine nodes, 9483 candidates; branch position 21, decisions 16, defined 21; template [0, 0, 0, 1, 0, 2, 4, 8, 0, 3, 8, 14, 16, 30, 5, 18, 0, 20, 16, 12, 11, None, None, None, None, None, None, None, None, None, None, None]
n=5: 25005.5s, 46397390848 attempts, 19201926232 affine nodes, 9483 candidates; branch position 22, decisions 17, defined 22; template [0, 0, 0, 1, 0, 2, 4, 8, 0, 3, 8, 14, 16, 30, 18, 25, 0, 18, 17, 10, 10, 13, None, None, None, None, None, None, None, None, None, None]
n=5: 25025.6s, 46433206272 attempts, 19219336435 affine nodes, 9483 candidates; branch position 23, decisions 18, defined 23; template [0, 0, 0, 1, 0, 2, 4, 8, 0, 3, 8, 14, 16, 31, 5, 29, 0, 26, 9, 12, 3, 22, 15, None, None, None, None, None, None, None, None, None]
n=5: 25045.6s, 46469021696 attempts, 19236039644 affine nodes, 9489 candidates; branch position 20, decisions 15, defined 20; template [0, 0, 0, 1, 0, 2, 4, 8, 0, 3, 8, 14, 16, 31, 19, 15, 0, 14, 9, 27, None, None, None, None, None, None, None, None, None, None, None, None]
n=5: 25065.6s, 46504869888 attempts, 19252021505 affine nodes, 9489 candidates; branch position 23, decisions 18, defined 23; template [0, 0, 0, 1, 0, 2, 4, 8, 0, 3, 8, 16, 13, 6, 15, 30, 0, 25, 6, 21, 30, 12, 9, None, None, None, None, None, None, None, None, None]
n=5: 25085.6s, 46540701696 attempts, 19268738405 affine nodes, 9489 candidates; branch position 22, decisions 17, defined 22; template [0, 0, 0, 1, 0, 2, 4, 8, 0, 3, 8, 16, 13, 6, 25, 15, 0, 10, 14, 7, 18, 28, None, None, None, None, None, None, None, None, None, None]
n=5: 25105.6s, 46576533504 attempts, 19285572248 affine nodes, 9489 candidates; branch position 21, decisions 16, defined 21; template [0, 0, 0, 1, 0, 2, 4, 8, 0, 3, 8, 16, 13, 6, 29, 19, 0, 31, 29, 25, 28, None, None, None, None, None, None, None, None, None, None, None]
n=5: 25125.6s, 46612267008 attempts, 19302733429 affine nodes, 9489 candidates; branch position 23, decisions 18, defined 23; template [0, 0, 0, 1, 0, 2, 4, 8, 0, 3, 8, 16, 13, 22, 20, 9, 0, 15, 29, 9, 12, 27, 28, None, None, None, None, None, None, None, None, None]
n=5: 25145.6s, 46647869440 attempts, 19321006609 affine nodes, 9489 candidates; branch position 22, decisions 17, defined 22; template [0, 0, 0, 1, 0, 2, 4, 8, 0, 3, 8, 16, 13, 22, 31, 21, 0, 5, 20, 26, 31, 23, None, None, None, None, None, None, None, None, None, None]
n=5: 25165.6s, 46683553792 attempts, 19338396686 affine nodes, 9493 candidates; branch position 23, decisions 18, defined 23; template [0, 0, 0, 1, 0, 2, 4, 8, 0, 3, 8, 16, 13, 23, 25, 9, 0, 4, 11, 28, 7, 12, 24, None, None, None, None, None, None, None, None, None]
n=5: 25185.6s, 46719221760 attempts, 19355750939 affine nodes, 9493 candidates; branch position 22, decisions 17, defined 22; template [0, 0, 0, 1, 0, 2, 4, 8, 0, 3, 8, 16, 13, 25, 6, 27, 0, 25, 16, 7, 7, 12, None, None, None, None, None, None, None, None, None, None]
n=5: 25205.6s, 46754955264 attempts, 19373241120 affine nodes, 9493 candidates; branch position 22, decisions 17, defined 22; template [0, 0, 0, 1, 0, 2, 4, 8, 0, 3, 8, 16, 13, 26, 6, 23, 0, 5, 22, 9, 23, 25, None, None, None, None, None, None, None, None, None, None]
n=5: 25225.6s, 46790623232 attempts, 19389550285 affine nodes, 9493 candidates; branch position 22, decisions 17, defined 22; template [0, 0, 0, 1, 0, 2, 4, 8, 0, 3, 8, 16, 13, 26, 22, 19, 0, 25, 6, 15, 10, 23, None, None, None, None, None, None, None, None, None, None]
n=5: 25245.6s, 46826340352 attempts, 19405546074 affine nodes, 9493 candidates; branch position 22, decisions 17, defined 22; template [0, 0, 0, 1, 0, 2, 4, 8, 0, 3, 8, 16, 13, 27, 6, 14, 0, 21, 24, 10, 26, 4, None, None, None, None, None, None, None, None, None, None]
n=5: 25265.6s, 46861975552 attempts, 19421610032 affine nodes, 9500 candidates; branch position 22, decisions 17, defined 22; template [0, 0, 0, 1, 0, 2, 4, 8, 0, 3, 8, 16, 13, 27, 22, 15, 0, 26, 7, 19, 19, 21, None, None, None, None, None, None, None, None, None, None]
n=5: 25285.6s, 46897594368 attempts, 19437676217 affine nodes, 9503 candidates; branch position 20, decisions 15, defined 20; template [0, 0, 0, 1, 0, 2, 4, 8, 0, 3, 8, 16, 13, 28, 6, 21, 0, 28, 17, 30, None, None, None, None, None, None, None, None, None, None, None, None]
n=5: 25305.6s, 46933358143 attempts, 19454492672 affine nodes, 9511 candidates; branch position 18, decisions 13, defined 19; template [0, 0, 0, 1, 0, 2, 4, 8, 0, 3, 8, 16, 13, 28, 25, 17, 0, 21, 22, None, None, None, None, None, None, None, None, None, None, None, None, None]
n=5: 25325.6s, 46969159680 attempts, 19471162000 affine nodes, 9519 candidates; branch position 22, decisions 17, defined 22; template [0, 0, 0, 1, 0, 2, 4, 8, 0, 3, 8, 16, 13, 29, 15, 17, 0, 4, 25, 17, 5, 15, None, None, None, None, None, None, None, None, None, None]
n=5: 25345.6s, 47004975104 attempts, 19487938437 affine nodes, 9532 candidates; branch position 22, decisions 17, defined 22; template [0, 0, 0, 1, 0, 2, 4, 8, 0, 3, 8, 16, 13, 29, 23, 26, 0, 21, 9, 13, 28, 25, None, None, None, None, None, None, None, None, None, None]
n=5: 25365.6s, 47040774144 attempts, 19504108904 affine nodes, 9551 candidates; branch position 21, decisions 16, defined 21; template [0, 0, 0, 1, 0, 2, 4, 8, 0, 3, 8, 16, 13, 30, 17, 27, 0, 28, 25, 9, 3, None, None, None, None, None, None, None, None, None, None, None]
n=5: 25385.6s, 47076507648 attempts, 19522162181 affine nodes, 9551 candidates; branch position 22, decisions 17, defined 22; template [0, 0, 0, 1, 0, 2, 4, 8, 0, 3, 8, 16, 13, 30, 28, 14, 0, 6, 30, 20, 17, 10, None, None, None, None, None, None, None, None, None, None]
n=5: 25405.6s, 47112388608 attempts, 19538744457 affine nodes, 9556 candidates; branch position 22, decisions 17, defined 22; template [0, 0, 0, 1, 0, 2, 4, 8, 0, 3, 8, 16, 13, 31, 17, 28, 0, 14, 29, 20, 7, 19, None, None, None, None, None, None, None, None, None, None]
n=5: 25425.6s, 47148154880 attempts, 19554896733 affine nodes, 9572 candidates; branch position 22, decisions 17, defined 22; template [0, 0, 0, 1, 0, 2, 4, 8, 0, 3, 8, 16, 13, 31, 28, 26, 0, 21, 13, 10, 31, 4, None, None, None, None, None, None, None, None, None, None]
n=5: 25445.6s, 47184117760 attempts, 19571763755 affine nodes, 9573 candidates; branch position 23, decisions 18, defined 23; template [0, 0, 0, 1, 0, 2, 4, 8, 0, 3, 8, 16, 14, 6, 19, 23, 0, 18, 27, 5, 12, 10, 9, None, None, None, None, None, None, None, None, None]
n=5: 25465.6s, 47219752960 attempts, 19587949780 affine nodes, 9573 candidates; branch position 22, decisions 17, defined 22; template [0, 0, 0, 1, 0, 2, 4, 8, 0, 3, 8, 16, 14, 6, 27, 9, 0, 4, 9, 24, 8, 19, None, None, None, None, None, None, None, None, None, None]
n=5: 25485.6s, 47255535616 attempts, 19605179703 affine nodes, 9573 candidates; branch position 22, decisions 17, defined 22; template [0, 0, 0, 1, 0, 2, 4, 8, 0, 3, 8, 16, 14, 21, 17, 28, 0, 20, 17, 14, 26, 4, None, None, None, None, None, None, None, None, None, None]
n=5: 25505.7s, 47291170816 attempts, 19622876239 affine nodes, 9573 candidates; branch position 21, decisions 16, defined 21; template [0, 0, 0, 1, 0, 2, 4, 8, 0, 3, 8, 16, 14, 21, 31, 26, 0, 8, 13, 17, 1, None, None, None, None, None, None, None, None, None, None, None]
n=5: 25525.7s, 47326822400 attempts, 19639093609 affine nodes, 9575 candidates; branch position 23, decisions 18, defined 23; template [0, 0, 0, 1, 0, 2, 4, 8, 0, 3, 8, 16, 14, 23, 25, 9, 0, 19, 26, 20, 12, 22, 5, None, None, None, None, None, None, None, None, None]
n=5: 25545.7s, 47362555904 attempts, 19656289756 affine nodes, 9575 candidates; branch position 22, decisions 17, defined 22; template [0, 0, 0, 1, 0, 2, 4, 8, 0, 3, 8, 16, 14, 26, 9, 31, 0, 5, 9, 3, 24, 16, None, None, None, None, None, None, None, None, None, None]
n=5: 25565.7s, 47398322176 attempts, 19675002709 affine nodes, 9575 candidates; branch position 22, decisions 17, defined 22; template [0, 0, 0, 1, 0, 2, 4, 8, 0, 3, 8, 16, 14, 26, 25, 31, 0, 21, 28, 10, 13, 18, None, None, None, None, None, None, None, None, None, None]
n=5: 25585.7s, 47434186752 attempts, 19692654738 affine nodes, 9575 candidates; branch position 22, decisions 17, defined 22; template [0, 0, 0, 1, 0, 2, 4, 8, 0, 3, 8, 16, 14, 27, 28, 21, 0, 7, 25, 5, 19, 23, None, None, None, None, None, None, None, None, None, None]
n=5: 25605.7s, 47469953024 attempts, 19709224652 affine nodes, 9575 candidates; branch position 22, decisions 17, defined 22; template [0, 0, 0, 1, 0, 2, 4, 8, 0, 3, 8, 16, 14, 28, 19, 9, 0, 28, 5, 18, 10, 25, None, None, None, None, None, None, None, None, None, None]
n=5: 25625.7s, 47505702912 attempts, 19725400864 affine nodes, 9606 candidates; branch position 21, decisions 16, defined 21; template [0, 0, 0, 1, 0, 2, 4, 8, 0, 3, 8, 16, 14, 28, 31, 17, 0, 31, 29, 10, 7, None, None, None, None, None, None, None, None, None, None, None]
n=5: 25645.7s, 47541501952 attempts, 19741747218 affine nodes, 9622 candidates; branch position 21, decisions 16, defined 21; template [0, 0, 0, 1, 0, 2, 4, 8, 0, 3, 8, 16, 14, 29, 25, 19, 0, 22, 5, 12, 24, None, None, None, None, None, None, None, None, None, None, None]
n=5: 25665.7s, 47577202688 attempts, 19758719759 affine nodes, 9622 candidates; branch position 21, decisions 16, defined 21; template [0, 0, 0, 1, 0, 2, 4, 8, 0, 3, 8, 16, 14, 30, 9, 28, 0, 23, 18, 15, 16, None, None, None, None, None, None, None, None, None, None, None]
n=5: 25685.7s, 47612837888 attempts, 19776863022 affine nodes, 9627 candidates; branch position 22, decisions 17, defined 22; template [0, 0, 0, 1, 0, 2, 4, 8, 0, 3, 8, 16, 14, 30, 25, 17, 0, 5, 28, 3, 23, 16, None, None, None, None, None, None, None, None, None, None]
n=5: 25705.7s, 47648571392 attempts, 19793765528 affine nodes, 9640 candidates; branch position 23, decisions 18, defined 23; template [0, 0, 0, 1, 0, 2, 4, 8, 0, 3, 8, 16, 14, 31, 9, 19, 0, 27, 30, 9, 12, 19, 7, None, None, None, None, None, None, None, None, None]
n=5: 25725.7s, 47684255744 attempts, 19809896240 affine nodes, 9666 candidates; branch position 22, decisions 17, defined 22; template [0, 0, 0, 1, 0, 2, 4, 8, 0, 3, 8, 16, 14, 31, 27, 9, 0, 30, 28, 25, 12, 27, None, None, None, None, None, None, None, None, None, None]
n=5: 25745.7s, 47720120320 attempts, 19826161290 affine nodes, 9671 candidates; branch position 22, decisions 17, defined 22; template [0, 0, 0, 1, 0, 2, 4, 8, 0, 3, 8, 16, 15, 6, 20, 30, 0, 20, 29, 19, 31, 13, None, None, None, None, None, None, None, None, None, None]
n=5: 25765.7s, 47755984896 attempts, 19842311808 affine nodes, 9671 candidates; branch position 21, decisions 16, defined 21; template [0, 0, 0, 1, 0, 2, 4, 8, 0, 3, 8, 16, 15, 6, 29, 26, 0, 4, 25, 2, 7, None, None, None, None, None, None, None, None, None, None, None]
n=5: 25785.7s, 47791816704 attempts, 19858835024 affine nodes, 9671 candidates; branch position 22, decisions 17, defined 22; template [0, 0, 0, 1, 0, 2, 4, 8, 0, 3, 8, 16, 15, 21, 22, 19, 0, 10, 23, 4, 14, 23, None, None, None, None, None, None, None, None, None, None]
n=5: 25805.7s, 47827304448 attempts, 19875129962 affine nodes, 9671 candidates; branch position 21, decisions 16, defined 21; template [0, 0, 0, 1, 0, 2, 4, 8, 0, 3, 8, 16, 15, 21, 31, 22, 0, 28, 9, 30, 17, None, None, None, None, None, None, None, None, None, None, None]
n=5: 25825.7s, 47862857728 attempts, 19891395220 affine nodes, 9680 candidates; branch position 21, decisions 16, defined 21; template [0, 0, 0, 1, 0, 2, 4, 8, 0, 3, 8, 16, 15, 22, 20, 6, 0, 13, 24, 23, 10, None, None, None, None, None, None, None, None, None, None, None]
n=5: 25845.7s, 47898411008 attempts, 19907382441 affine nodes, 9680 candidates; branch position 21, decisions 16, defined 21; template [0, 0, 0, 1, 0, 2, 4, 8, 0, 3, 8, 16, 15, 26, 6, 22, 0, 11, 6, 18, 8, None, None, None, None, None, None, None, None, None, None, None]
n=5: 25865.7s, 47934160896 attempts, 19925009165 affine nodes, 9680 candidates; branch position 22, decisions 17, defined 22; template [0, 0, 0, 1, 0, 2, 4, 8, 0, 3, 8, 16, 15, 26, 30, 19, 0, 25, 7, 2, 11, 23, None, None, None, None, None, None, None, None, None, None]
n=5: 25885.7s, 47969910784 attempts, 19941664522 affine nodes, 9680 candidates; branch position 21, decisions 16, defined 21; template [0, 0, 0, 1, 0, 2, 4, 8, 0, 3, 8, 16, 15, 28, 22, 12, 0, 8, 12, 25, 5, None, None, None, None, None, None, None, None, None, None, None]
n=5: 25905.7s, 48005627904 attempts, 19958449870 affine nodes, 9689 candidates; branch position 23, decisions 18, defined 23; template [0, 0, 0, 1, 0, 2, 4, 8, 0, 3, 8, 16, 15, 28, 31, 27, 0, 27, 22, 10, 10, 24, 17, None, None, None, None, None, None, None, None, None]
n=5: 25925.7s, 48041361408 attempts, 19975058499 affine nodes, 9691 candidates; branch position 23, decisions 18, defined 23; template [0, 0, 0, 1, 0, 2, 4, 8, 0, 3, 8, 16, 15, 29, 20, 26, 0, 6, 28, 19, 29, 21, 9, None, None, None, None, None, None, None, None, None]
n=5: 25945.7s, 48077062144 attempts, 19991729527 affine nodes, 9715 candidates; branch position 21, decisions 16, defined 21; template [0, 0, 0, 1, 0, 2, 4, 8, 0, 3, 8, 16, 15, 29, 31, 17, 0, 13, 18, 27, 11, None, None, None, None, None, None, None, None, None, None, None]
n=5: 25965.7s, 48112795648 attempts, 20009332054 affine nodes, 9715 candidates; branch position 21, decisions 16, defined 21; template [0, 0, 0, 1, 0, 2, 4, 8, 0, 3, 8, 16, 15, 30, 19, 27, 0, 20, 29, 24, 18, None, None, None, None, None, None, None, None, None, None, None]
n=5: 25985.8s, 48148529152 attempts, 20026748160 affine nodes, 9727 candidates; branch position 23, decisions 18, defined 23; template [0, 0, 0, 1, 0, 2, 4, 8, 0, 3, 8, 16, 15, 30, 27, 12, 0, 15, 24, 21, 1, 23, 10, None, None, None, None, None, None, None, None, None]
n=5: 26005.8s, 48184360960 attempts, 20043140388 affine nodes, 9739 candidates; branch position 21, decisions 16, defined 21; template [0, 0, 0, 1, 0, 2, 4, 8, 0, 3, 8, 16, 15, 31, 17, 5, 0, 10, 21, 29, 23, None, None, None, None, None, None, None, None, None, None, None]
n=5: 26025.8s, 48220241920 attempts, 20058670232 affine nodes, 9739 candidates; branch position 20, decisions 15, defined 20; template [0, 0, 0, 1, 0, 2, 4, 8, 0, 3, 8, 16, 15, 31, 27, 29, 0, 18, 16, 7, None, None, None, None, None, None, None, None, None, None, None, None]
n=5: 26045.8s, 48255877120 attempts, 20077048873 affine nodes, 9739 candidates; branch position 21, decisions 16, defined 21; template [0, 0, 0, 1, 0, 2, 4, 8, 0, 3, 8, 16, 16, 6, 15, 29, 0, 29, 25, 19, 6, None, None, None, None, None, None, None, None, None, None, None]
n=5: 26065.8s, 48291561472 attempts, 20094993731 affine nodes, 9739 candidates; branch position 22, decisions 17, defined 22; template [0, 0, 0, 1, 0, 2, 4, 8, 0, 3, 8, 16, 16, 13, 15, 26, 0, 25, 28, 27, 3, 11, None, None, None, None, None, None, None, None, None, None]
n=5: 26085.8s, 48327311360 attempts, 20112485085 affine nodes, 9744 candidates; branch position 22, decisions 17, defined 22; template [0, 0, 0, 1, 0, 2, 4, 8, 0, 3, 8, 16, 16, 13, 27, 21, 0, 18, 29, 14, 17, 26, None, None, None, None, None, None, None, None, None, None]
n=5: 26105.8s, 48362979328 attempts, 20129975832 affine nodes, 9762 candidates; branch position 21, decisions 16, defined 21; template [0, 0, 0, 1, 0, 2, 4, 8, 0, 3, 8, 16, 16, 14, 19, 26, 0, 8, 17, 21, 30, None, None, None, None, None, None, None, None, None, None, None]
n=5: 26125.8s, 48398696448 attempts, 20147368272 affine nodes, 9778 candidates; branch position 21, decisions 16, defined 21; template [0, 0, 0, 1, 0, 2, 4, 8, 0, 3, 8, 16, 16, 14, 31, 21, 0, 21, 14, 28, 18, None, None, None, None, None, None, None, None, None, None, None]
n=5: 26145.8s, 48434315264 attempts, 20165481811 affine nodes, 9794 candidates; branch position 21, decisions 16, defined 21; template [0, 0, 0, 1, 0, 2, 4, 8, 0, 3, 8, 16, 16, 15, 22, 30, 0, 18, 5, 30, 8, None, None, None, None, None, None, None, None, None, None, None]
n=5: 26165.8s, 48470065152 attempts, 20182449127 affine nodes, 9805 candidates; branch position 21, decisions 16, defined 21; template [0, 0, 0, 1, 0, 2, 4, 8, 0, 3, 8, 16, 16, 29, 6, 26, 0, 7, 26, 28, 22, None, None, None, None, None, None, None, None, None, None, None]
n=5: 26185.8s, 48505618432 attempts, 20199972359 affine nodes, 9805 candidates; branch position 23, decisions 17, defined 23; template [0, 0, 0, 1, 0, 2, 4, 8, 0, 3, 8, 16, 16, 29, 23, 31, 0, 4, 28, 18, 10, 15, 20, None, None, None, None, None, None, None, None, None]
n=5: 26205.8s, 48541171712 attempts, 20218387876 affine nodes, 9810 candidates; branch position 22, decisions 17, defined 22; template [0, 0, 0, 1, 0, 2, 4, 8, 0, 3, 8, 16, 16, 30, 13, 5, 0, 21, 12, 3, 31, 25, None, None, None, None, None, None, None, None, None, None]
n=5: 26225.8s, 48576856064 attempts, 20236903114 affine nodes, 9810 candidates; branch position 22, decisions 17, defined 22; template [0, 0, 0, 1, 0, 2, 4, 8, 0, 3, 8, 16, 19, 6, 15, 29, 0, 25, 11, 12, 23, 17, None, None, None, None, None, None, None, None, None, None]
n=5: 26245.8s, 48612573184 attempts, 20253484747 affine nodes, 9810 candidates; branch position 24, decisions 19, defined 24; template [0, 0, 0, 1, 0, 2, 4, 8, 0, 3, 8, 16, 19, 13, 15, 31, 0, 19, 12, 26, 28, 3, 7, 0, None, None, None, None, None, None, None, None]
n=5: 26265.8s, 48648323072 attempts, 20269911738 affine nodes, 9827 candidates; branch position 22, decisions 17, defined 22; template [0, 0, 0, 1, 0, 2, 4, 8, 0, 3, 8, 16, 19, 13, 28, 17, 0, 11, 7, 19, 24, 30, None, None, None, None, None, None, None, None, None, None]
n=5: 26285.8s, 48684072960 attempts, 20286418801 affine nodes, 9830 candidates; branch position 21, decisions 16, defined 21; template [0, 0, 0, 1, 0, 2, 4, 8, 0, 3, 8, 16, 19, 14, 26, 5, 0, 11, 28, 5, 30, None, None, None, None, None, None, None, None, None, None, None]
n=5: 26305.8s, 48719855616 attempts, 20303079950 affine nodes, 9835 candidates; branch position 21, decisions 16, defined 21; template [0, 0, 0, 1, 0, 2, 4, 8, 0, 3, 8, 16, 19, 15, 13, 26, 0, 21, 3, 7, 17, None, None, None, None, None, None, None, None, None, None, None]
n=5: 26325.8s, 48755671040 attempts, 20318992851 affine nodes, 9850 candidates; branch position 22, decisions 17, defined 22; template [0, 0, 0, 1, 0, 2, 4, 8, 0, 3, 8, 16, 19, 15, 29, 6, 0, 13, 26, 15, 23, 3, None, None, None, None, None, None, None, None, None, None]
n=5: 26345.8s, 48791470080 attempts, 20334917522 affine nodes, 9873 candidates; branch position 22, decisions 17, defined 22; template [0, 0, 0, 1, 0, 2, 4, 8, 0, 3, 8, 16, 19, 21, 17, 14, 0, 4, 7, 2, 11, 27, None, None, None, None, None, None, None, None, None, None]
n=5: 26365.8s, 48827285504 attempts, 20350890748 affine nodes, 9874 candidates; branch position 22, decisions 17, defined 22; template [0, 0, 0, 1, 0, 2, 4, 8, 0, 3, 8, 16, 19, 22, 9, 31, 0, 31, 12, 3, 18, 21, None, None, None, None, None, None, None, None, None, None]
n=5: 26385.8s, 48863133696 attempts, 20367410841 affine nodes, 9874 candidates; branch position 21, decisions 16, defined 21; template [0, 0, 0, 1, 0, 2, 4, 8, 0, 3, 8, 16, 19, 22, 28, 9, 0, 8, 23, 19, 28, None, None, None, None, None, None, None, None, None, None, None]
n=5: 26405.8s, 48898932736 attempts, 20383805233 affine nodes, 9876 candidates; branch position 23, decisions 18, defined 23; template [0, 0, 0, 1, 0, 2, 4, 8, 0, 3, 8, 16, 19, 23, 13, 30, 0, 31, 26, 19, 6, 1, 25, None, None, None, None, None, None, None, None, None]
n=5: 26425.9s, 48934731776 attempts, 20400279936 affine nodes, 9890 candidates; branch position 22, decisions 17, defined 22; template [0, 0, 0, 1, 0, 2, 4, 8, 0, 3, 8, 16, 19, 23, 30, 12, 0, 28, 16, 27, 10, 3, None, None, None, None, None, None, None, None, None, None]
n=5: 26445.9s, 48970317824 attempts, 20416468501 affine nodes, 9897 candidates; branch position 21, decisions 16, defined 21; template [0, 0, 0, 1, 0, 2, 4, 8, 0, 3, 8, 16, 19, 28, 14, 9, 0, 10, 30, 13, 17, None, None, None, None, None, None, None, None, None, None, None]
n=5: 26465.9s, 49005838336 attempts, 20433370760 affine nodes, 9897 candidates; branch position 21, decisions 16, defined 21; template [0, 0, 0, 1, 0, 2, 4, 8, 0, 3, 8, 16, 19, 29, 9, 12, 0, 9, 14, 17, 5, None, None, None, None, None, None, None, None, None, None, None]
n=5: 26485.9s, 49041588224 attempts, 20450854528 affine nodes, 9897 candidates; branch position 24, decisions 18, defined 24; template [0, 0, 0, 1, 0, 2, 4, 8, 0, 3, 8, 16, 19, 29, 26, 31, 0, 13, 26, 10, 10, 20, 17, 27, None, None, None, None, None, None, None, None]
n=5: 26505.9s, 49077092352 attempts, 20467525378 affine nodes, 9908 candidates; branch position 23, decisions 18, defined 23; template [0, 0, 0, 1, 0, 2, 4, 8, 0, 3, 8, 16, 19, 30, 20, 5, 0, 21, 26, 13, 3, 26, 1, None, None, None, None, None, None, None, None, None]
n=5: 26525.9s, 49112711168 attempts, 20484345845 affine nodes, 9908 candidates; branch position 21, decisions 16, defined 21; template [0, 0, 0, 1, 0, 2, 4, 8, 0, 3, 8, 16, 21, 14, 9, 26, 0, 11, 24, 2, 19, None, None, None, None, None, None, None, None, None, None, None]
n=5: 26545.9s, 49148280832 attempts, 20501718057 affine nodes, 9908 candidates; branch position 23, decisions 18, defined 23; template [0, 0, 0, 1, 0, 2, 4, 8, 0, 3, 8, 16, 21, 14, 28, 22, 0, 8, 23, 10, 5, 27, 31, None, None, None, None, None, None, None, None, None]
n=5: 26565.9s, 49183768576 attempts, 20518469366 affine nodes, 9908 candidates; branch position 23, decisions 18, defined 23; template [0, 0, 0, 1, 0, 2, 4, 8, 0, 3, 8, 16, 21, 15, 26, 6, 0, 27, 6, 23, 7, 24, 9, None, None, None, None, None, None, None, None, None]
n=5: 26585.9s, 49219387392 attempts, 20534445430 affine nodes, 9913 candidates; branch position 22, decisions 17, defined 22; template [0, 0, 0, 1, 0, 2, 4, 8, 0, 3, 8, 16, 21, 28, 5, 27, 0, 26, 14, 19, 5, 25, None, None, None, None, None, None, None, None, None, None]
n=5: 26605.9s, 49255170048 attempts, 20550955964 affine nodes, 9939 candidates; branch position 22, decisions 17, defined 22; template [0, 0, 0, 1, 0, 2, 4, 8, 0, 3, 8, 16, 21, 28, 27, 9, 0, 26, 23, 25, 11, 20, None, None, None, None, None, None, None, None, None, None]
n=5: 26625.9s, 49290952704 attempts, 20567676624 affine nodes, 9942 candidates; branch position 22, decisions 17, defined 22; template [0, 0, 0, 1, 0, 2, 4, 8, 0, 3, 8, 16, 21, 29, 19, 9, 0, 15, 3, 26, 22, 27, None, None, None, None, None, None, None, None, None, None]
n=5: 26645.9s, 49326653440 attempts, 20584082274 affine nodes, 9955 candidates; branch position 22, decisions 17, defined 22; template [0, 0, 0, 1, 0, 2, 4, 8, 0, 3, 8, 16, 21, 30, 9, 12, 0, 9, 12, 22, 14, 10, None, None, None, None, None, None, None, None, None, None]
n=5: 26665.9s, 49362386944 attempts, 20601742140 affine nodes, 9955 candidates; branch position 21, decisions 16, defined 21; template [0, 0, 0, 1, 0, 2, 4, 8, 0, 3, 8, 16, 21, 30, 26, 12, 0, 21, 13, 22, 1, None, None, None, None, None, None, None, None, None, None, None]
n=5: 26685.9s, 49398202368 attempts, 20618801801 affine nodes, 9955 candidates; branch position 22, decisions 17, defined 22; template [0, 0, 0, 1, 0, 2, 4, 8, 0, 3, 8, 16, 21, 31, 13, 9, 0, 29, 25, 15, 30, 9, None, None, None, None, None, None, None, None, None, None]
n=5: 26705.9s, 49434017792 attempts, 20634777267 affine nodes, 9955 candidates; branch position 22, decisions 17, defined 22; template [0, 0, 0, 1, 0, 2, 4, 8, 0, 3, 8, 16, 21, 31, 27, 14, 0, 4, 22, 31, 24, 10, None, None, None, None, None, None, None, None, None, None]
n=5: 26725.9s, 49469652992 attempts, 20652559569 affine nodes, 9955 candidates; branch position 22, decisions 17, defined 22; template [0, 0, 0, 1, 0, 2, 4, 8, 0, 3, 8, 16, 22, 13, 17, 14, 0, 22, 5, 2, 31, 12, None, None, None, None, None, None, None, None, None, None]
n=5: 26745.9s, 49505353728 attempts, 20670313018 affine nodes, 9955 candidates; branch position 21, decisions 16, defined 21; template [0, 0, 0, 1, 0, 2, 4, 8, 0, 3, 8, 16, 22, 15, 6, 12, 0, 15, 13, 24, 3, None, None, None, None, None, None, None, None, None, None, None]
n=5: 26765.9s, 49540890624 attempts, 20686724143 affine nodes, 9955 candidates; branch position 22, decisions 17, defined 22; template [0, 0, 0, 1, 0, 2, 4, 8, 0, 3, 8, 16, 22, 15, 25, 12, 0, 9, 11, 12, 24, 14, None, None, None, None, None, None, None, None, None, None]
n=5: 26785.9s, 49576607744 attempts, 20702693242 affine nodes, 9963 candidates; branch position 20, decisions 15, defined 20; template [0, 0, 0, 1, 0, 2, 4, 8, 0, 3, 8, 16, 22, 28, 13, 17, 0, 7, 2, 12, None, None, None, None, None, None, None, None, None, None, None, None]
n=5: 26805.9s, 49612406784 attempts, 20719383450 affine nodes, 9971 candidates; branch position 22, decisions 17, defined 22; template [0, 0, 0, 1, 0, 2, 4, 8, 0, 3, 8, 16, 22, 28, 25, 5, 0, 20, 6, 23, 15, 10, None, None, None, None, None, None, None, None, None, None]
n=5: 26825.9s, 49648156672 attempts, 20735748745 affine nodes, 9973 candidates; branch position 21, decisions 16, defined 21; template [0, 0, 0, 1, 0, 2, 4, 8, 0, 3, 8, 16, 22, 29, 9, 26, 0, 15, 30, 4, 20, None, None, None, None, None, None, None, None, None, None, None]
n=5: 26845.9s, 49683824640 attempts, 20752654900 affine nodes, 10003 candidates; branch position 22, decisions 17, defined 22; template [0, 0, 0, 1, 0, 2, 4, 8, 0, 3, 8, 16, 22, 29, 20, 19, 0, 5, 22, 24, 19, 9, None, None, None, None, None, None, None, None, None, None]
n=5: 26866.0s, 49719558144 attempts, 20770330004 affine nodes, 10011 candidates; branch position 22, decisions 17, defined 22; template [0, 0, 0, 1, 0, 2, 4, 8, 0, 3, 8, 16, 22, 30, 15, 19, 0, 16, 15, 22, 27, 15, None, None, None, None, None, None, None, None, None, None]
n=5: 26886.0s, 49755258880 attempts, 20787697926 affine nodes, 10019 candidates; branch position 21, decisions 16, defined 21; template [0, 0, 0, 1, 0, 2, 4, 8, 0, 3, 8, 16, 22, 30, 27, 5, 0, 13, 14, 29, 26, None, None, None, None, None, None, None, None, None, None, None]
n=5: 26906.0s, 49790959616 attempts, 20804072025 affine nodes, 10019 candidates; branch position 23, decisions 18, defined 23; template [0, 0, 0, 1, 0, 2, 4, 8, 0, 3, 8, 16, 22, 31, 14, 5, 0, 10, 13, 28, 27, 1, 23, None, None, None, None, None, None, None, None, None]
n=5: 26926.0s, 49826758656 attempts, 20820366827 affine nodes, 10051 candidates; branch position 22, decisions 17, defined 22; template [0, 0, 0, 1, 0, 2, 4, 8, 0, 3, 8, 16, 23, 13, 9, 14, 0, 23, 29, 13, 24, 3, None, None, None, None, None, None, None, None, None, None]
n=5: 26946.0s, 49862361088 attempts, 20837482380 affine nodes, 10051 candidates; branch position 22, decisions 17, defined 22; template [0, 0, 0, 1, 0, 2, 4, 8, 0, 3, 8, 16, 23, 13, 25, 15, 0, 7, 28, 23, 27, 17, None, None, None, None, None, None, None, None, None, None]
n=5: 26966.0s, 49898094592 attempts, 20854095174 affine nodes, 10058 candidates; branch position 22, decisions 17, defined 22; template [0, 0, 0, 1, 0, 2, 4, 8, 0, 3, 8, 16, 23, 14, 13, 27, 0, 13, 23, 10, 27, 1, None, None, None, None, None, None, None, None, None, None]
n=5: 26986.0s, 49933729792 attempts, 20870192055 affine nodes, 10073 candidates; branch position 23, decisions 18, defined 23; template [0, 0, 0, 1, 0, 2, 4, 8, 0, 3, 8, 16, 23, 28, 5, 27, 0, 18, 3, 5, 22, 30, 2, None, None, None, None, None, None, None, None, None]
n=5: 27006.0s, 49969594368 attempts, 20886791847 affine nodes, 10073 candidates; branch position 23, decisions 18, defined 23; template [0, 0, 0, 1, 0, 2, 4, 8, 0, 3, 8, 16, 23, 28, 15, 19, 0, 27, 18, 15, 16, 9, 11, None, None, None, None, None, None, None, None, None]
n=5: 27026.0s, 50005311488 attempts, 20903530640 affine nodes, 10094 candidates; branch position 21, decisions 16, defined 21; template [0, 0, 0, 1, 0, 2, 4, 8, 0, 3, 8, 16, 23, 29, 9, 15, 0, 11, 26, 12, 20, None, None, None, None, None, None, None, None, None, None, None]
n=5: 27046.0s, 50041110528 attempts, 20920183873 affine nodes, 10105 candidates; branch position 23, decisions 17, defined 23; template [0, 0, 0, 1, 0, 2, 4, 8, 0, 3, 8, 16, 23, 29, 20, 26, 0, 21, 23, 24, 18, 14, 27, None, None, None, None, None, None, None, None, None]
n=5: 27066.0s, 50076876800 attempts, 20936735145 affine nodes, 10114 candidates; branch position 22, decisions 17, defined 22; template [0, 0, 0, 1, 0, 2, 4, 8, 0, 3, 8, 16, 23, 30, 9, 21, 0, 22, 5, 27, 10, 14, None, None, None, None, None, None, None, None, None, None]
n=5: 27086.0s, 50112708608 attempts, 20953843507 affine nodes, 10118 candidates; branch position 22, decisions 17, defined 22; template [0, 0, 0, 1, 0, 2, 4, 8, 0, 3, 8, 16, 23, 30, 25, 15, 0, 4, 21, 9, 24, 12, None, None, None, None, None, None, None, None, None, None]
n=5: 27106.0s, 50148524032 attempts, 20971020421 affine nodes, 10136 candidates; branch position 23, decisions 18, defined 23; template [0, 0, 0, 1, 0, 2, 4, 8, 0, 3, 8, 16, 23, 31, 9, 19, 0, 16, 18, 9, 25, 14, 2, None, None, None, None, None, None, None, None, None]
n=5: 27126.0s, 50184388608 attempts, 20986889017 affine nodes, 10141 candidates; branch position 22, decisions 17, defined 22; template [0, 0, 0, 1, 0, 2, 4, 8, 0, 3, 8, 16, 23, 31, 28, 14, 0, 13, 9, 2, 31, 27, None, None, None, None, None, None, None, None, None, None]
n=5: 27146.0s, 50220187648 attempts, 21004867531 affine nodes, 10141 candidates; branch position 22, decisions 17, defined 22; template [0, 0, 0, 1, 0, 2, 4, 8, 0, 3, 8, 16, 25, 13, 30, 15, 0, 19, 9, 31, 15, 18, None, None, None, None, None, None, None, None, None, None]
n=5: 27166.0s, 50255872000 attempts, 21021354750 affine nodes, 10145 candidates; branch position 21, decisions 16, defined 21; template [0, 0, 0, 1, 0, 2, 4, 8, 0, 3, 8, 16, 25, 14, 26, 28, 0, 18, 29, 4, 14, None, None, None, None, None, None, None, None, None, None, None]
n=5: 27186.0s, 50291671040 attempts, 21037733341 affine nodes, 10149 candidates; branch position 23, decisions 18, defined 23; template [0, 0, 0, 1, 0, 2, 4, 8, 0, 3, 8, 16, 25, 15, 6, 22, 0, 11, 23, 12, 10, 3, 20, None, None, None, None, None, None, None, None, None]
n=5: 27206.0s, 50327355392 attempts, 21053654365 affine nodes, 10149 candidates; branch position 23, decisions 18, defined 23; template [0, 0, 0, 1, 0, 2, 4, 8, 0, 3, 8, 16, 25, 15, 28, 12, 0, 8, 13, 10, 23, 3, 7, None, None, None, None, None, None, None, None, None]
n=5: 27226.0s, 50363236352 attempts, 21070366986 affine nodes, 10161 candidates; branch position 22, decisions 17, defined 22; template [0, 0, 0, 1, 0, 2, 4, 8, 0, 3, 8, 16, 25, 28, 13, 26, 0, 18, 15, 30, 20, 4, None, None, None, None, None, None, None, None, None, None]
n=5: 27246.1s, 50399051776 attempts, 21086631645 affine nodes, 10161 candidates; branch position 23, decisions 18, defined 23; template [0, 0, 0, 1, 0, 2, 4, 8, 0, 3, 8, 16, 25, 28, 30, 21, 0, 9, 26, 20, 23, 17, 15, None, None, None, None, None, None, None, None, None]
n=5: 27266.1s, 50434867200 attempts, 21103591800 affine nodes, 10176 candidates; branch position 23, decisions 18, defined 23; template [0, 0, 0, 1, 0, 2, 4, 8, 0, 3, 8, 16, 25, 29, 15, 22, 0, 31, 29, 10, 19, 3, 28, None, None, None, None, None, None, None, None, None]
n=5: 27286.1s, 50470617088 attempts, 21120276616 affine nodes, 10176 candidates; branch position 22, decisions 17, defined 22; template [0, 0, 0, 1, 0, 2, 4, 8, 0, 3, 8, 16, 25, 30, 5, 14, 0, 19, 29, 13, 26, 16, None, None, None, None, None, None, None, None, None, None]
n=5: 27306.1s, 50506350592 attempts, 21138329858 affine nodes, 10176 candidates; branch position 22, decisions 17, defined 22; template [0, 0, 0, 1, 0, 2, 4, 8, 0, 3, 8, 16, 25, 30, 20, 29, 0, 25, 15, 18, 8, 23, None, None, None, None, None, None, None, None, None, None]
n=5: 27326.1s, 50542100480 attempts, 21155970060 affine nodes, 10177 candidates; branch position 22, decisions 17, defined 22; template [0, 0, 0, 1, 0, 2, 4, 8, 0, 3, 8, 16, 25, 31, 5, 22, 0, 8, 5, 28, 12, 16, None, None, None, None, None, None, None, None, None, None]
n=5: 27346.1s, 50577899520 attempts, 21171992865 affine nodes, 10187 candidates; branch position 23, decisions 18, defined 23; template [0, 0, 0, 1, 0, 2, 4, 8, 0, 3, 8, 16, 25, 31, 26, 15, 0, 8, 27, 21, 7, 3, 24, None, None, None, None, None, None, None, None, None]
n=5: 27366.1s, 50613780480 attempts, 21189192075 affine nodes, 10196 candidates; branch position 22, decisions 17, defined 22; template [0, 0, 0, 1, 0, 2, 4, 8, 0, 3, 8, 16, 26, 14, 19, 21, 0, 19, 20, 13, 30, 20, None, None, None, None, None, None, None, None, None, None]
n=5: 27386.1s, 50649628672 attempts, 21207773321 affine nodes, 10196 candidates; branch position 22, decisions 17, defined 22; template [0, 0, 0, 1, 0, 2, 4, 8, 0, 3, 8, 16, 26, 14, 31, 21, 0, 30, 18, 2, 24, 11, None, None, None, None, None, None, None, None, None, None]
n=5: 27406.1s, 50685411328 attempts, 21225142054 affine nodes, 10196 candidates; branch position 21, decisions 16, defined 21; template [0, 0, 0, 1, 0, 2, 4, 8, 0, 3, 8, 16, 26, 15, 29, 6, 0, 31, 29, 9, 20, None, None, None, None, None, None, None, None, None, None, None]
n=5: 27426.1s, 50721193984 attempts, 21241399278 affine nodes, 10213 candidates; branch position 22, decisions 17, defined 22; template [0, 0, 0, 1, 0, 2, 4, 8, 0, 3, 8, 16, 26, 28, 17, 6, 0, 9, 16, 20, 14, 29, None, None, None, None, None, None, None, None, None, None]
n=5: 27446.1s, 50757009306 attempts, 21258305536 affine nodes, 10213 candidates; branch position 18, decisions 13, defined 19; template [0, 0, 0, 1, 0, 2, 4, 8, 0, 3, 8, 16, 26, 29, 6, 31, 0, 5, 16, None, None, None, None, None, None, None, None, None, None, None, None, None]
n=5: 27466.1s, 50792792064 attempts, 21274780123 affine nodes, 10222 candidates; branch position 22, decisions 17, defined 22; template [0, 0, 0, 1, 0, 2, 4, 8, 0, 3, 8, 16, 26, 29, 20, 9, 0, 31, 18, 3, 8, 28, None, None, None, None, None, None, None, None, None, None]
n=5: 27486.1s, 50828492800 attempts, 21291596309 affine nodes, 10234 candidates; branch position 21, decisions 16, defined 21; template [0, 0, 0, 1, 0, 2, 4, 8, 0, 3, 8, 16, 26, 30, 13, 6, 0, 21, 11, 4, 28, None, None, None, None, None, None, None, None, None, None, None]
n=5: 27506.1s, 50864308224 attempts, 21308733168 affine nodes, 10237 candidates; branch position 22, decisions 17, defined 22; template [0, 0, 0, 1, 0, 2, 4, 8, 0, 3, 8, 16, 26, 30, 20, 29, 0, 30, 9, 25, 3, 22, None, None, None, None, None, None, None, None, None, None]
n=5: 27526.1s, 50900041728 attempts, 21326292749 affine nodes, 10237 candidates; branch position 22, decisions 17, defined 22; template [0, 0, 0, 1, 0, 2, 4, 8, 0, 3, 8, 16, 26, 31, 5, 24, 0, 9, 14, 25, 7, 30, None, None, None, None, None, None, None, None, None, None]
n=5: 27546.1s, 50935955456 attempts, 21342158416 affine nodes, 10241 candidates; branch position 23, decisions 18, defined 23; template [0, 0, 0, 1, 0, 2, 4, 8, 0, 3, 8, 16, 26, 31, 19, 15, 0, 31, 18, 29, 20, 13, 10, None, None, None, None, None, None, None, None, None]
n=5: 27566.1s, 50971770880 attempts, 21358902723 affine nodes, 10241 candidates; branch position 22, decisions 17, defined 22; template [0, 0, 0, 1, 0, 2, 4, 8, 0, 3, 8, 16, 27, 14, 28, 22, 0, 8, 30, 17, 28, 23, None, None, None, None, None, None, None, None, None, None]
n=5: 27586.1s, 51007602688 attempts, 21375341814 affine nodes, 10245 candidates; branch position 22, decisions 17, defined 22; template [0, 0, 0, 1, 0, 2, 4, 8, 0, 3, 8, 16, 27, 28, 14, 6, 0, 29, 7, 2, 17, 4, None, None, None, None, None, None, None, None, None, None]
n=5: 27606.1s, 51043401728 attempts, 21391496486 affine nodes, 10250 candidates; branch position 22, decisions 17, defined 22; template [0, 0, 0, 1, 0, 2, 4, 8, 0, 3, 8, 16, 27, 28, 30, 23, 0, 11, 30, 5, 12, 4, None, None, None, None, None, None, None, None, None, None]
n=5: 27626.1s, 51079184384 attempts, 21407564249 affine nodes, 10261 candidates; branch position 22, decisions 17, defined 22; template [0, 0, 0, 1, 0, 2, 4, 8, 0, 3, 8, 16, 27, 29, 25, 15, 0, 13, 28, 21, 7, 16, None, None, None, None, None, None, None, None, None, None]
n=5: 27646.2s, 51114885120 attempts, 21425241769 affine nodes, 10273 candidates; branch position 21, decisions 16, defined 21; template [0, 0, 0, 1, 0, 2, 4, 8, 0, 3, 8, 16, 27, 30, 20, 15, 0, 20, 6, 9, 23, None, None, None, None, None, None, None, None, None, None, None]
n=5: 27666.2s, 51150618624 attempts, 21442183049 affine nodes, 10285 candidates; branch position 22, decisions 17, defined 22; template [0, 0, 0, 1, 0, 2, 4, 8, 0, 3, 8, 16, 27, 31, 6, 14, 0, 18, 15, 20, 19, 21, None, None, None, None, None, None, None, None, None, None]
n=5: 27686.2s, 51186499584 attempts, 21457903560 affine nodes, 10302 candidates; branch position 22, decisions 17, defined 22; template [0, 0, 0, 1, 0, 2, 4, 8, 0, 3, 8, 16, 27, 31, 28, 5, 0, 27, 23, 5, 12, 17, None, None, None, None, None, None, None, None, None, None]
n=5: 27706.2s, 51222446080 attempts, 21475704448 affine nodes, 10302 candidates; branch position 22, decisions 17, defined 22; template [0, 0, 0, 1, 0, 2, 4, 8, 0, 3, 9, 12, 15, 16, 18, 29, 0, 30, 16, 13, 13, 25, None, None, None, None, None, None, None, None, None, None]
n=5: 27726.2s, 51258425069 attempts, 21493186560 affine nodes, 10302 candidates; branch position 18, decisions 13, defined 19; template [0, 0, 0, 1, 0, 2, 4, 8, 0, 3, 9, 12, 15, 16, 27, 6, 0, 13, 3, None, None, None, None, None, None, None, None, None, None, None, None, None]
n=5: 27746.2s, 51294437376 attempts, 21510495814 affine nodes, 10303 candidates; branch position 22, decisions 17, defined 22; template [0, 0, 0, 1, 0, 2, 4, 8, 0, 3, 9, 12, 16, 6, 18, 10, 0, 9, 18, 24, 20, 4, None, None, None, None, None, None, None, None, None, None]
n=5: 27766.2s, 51330285568 attempts, 21528299513 affine nodes, 10303 candidates; branch position 22, decisions 17, defined 22; template [0, 0, 0, 1, 0, 2, 4, 8, 0, 3, 9, 12, 16, 6, 24, 21, 0, 8, 12, 16, 7, 21, None, None, None, None, None, None, None, None, None, None]
n=5: 27786.2s, 51366150144 attempts, 21544739239 affine nodes, 10304 candidates; branch position 22, decisions 17, defined 22; template [0, 0, 0, 1, 0, 2, 4, 8, 0, 3, 9, 12, 16, 20, 10, 18, 0, 14, 13, 28, 25, 18, None, None, None, None, None, None, None, None, None, None]
n=5: 27806.2s, 51401801728 attempts, 21560274013 affine nodes, 10309 candidates; branch position 21, decisions 16, defined 21; template [0, 0, 0, 1, 0, 2, 4, 8, 0, 3, 9, 12, 16, 20, 27, 15, 0, 26, 12, 20, 19, None, None, None, None, None, None, None, None, None, None, None]
n=5: 27826.2s, 51437584384 attempts, 21577750079 affine nodes, 10309 candidates; branch position 22, decisions 17, defined 22; template [0, 0, 0, 1, 0, 2, 4, 8, 0, 3, 9, 12, 16, 22, 24, 19, 0, 13, 16, 24, 14, 10, None, None, None, None, None, None, None, None, None, None]
n=5: 27846.2s, 51473432576 attempts, 21594238782 affine nodes, 10310 candidates; branch position 22, decisions 17, defined 22; template [0, 0, 0, 1, 0, 2, 4, 8, 0, 3, 9, 12, 16, 23, 18, 15, 0, 22, 11, 17, 17, 14, None, None, None, None, None, None, None, None, None, None]
n=5: 27866.2s, 51509231616 attempts, 21609930197 affine nodes, 10310 candidates; branch position 22, decisions 17, defined 22; template [0, 0, 0, 1, 0, 2, 4, 8, 0, 3, 9, 12, 16, 24, 6, 19, 0, 19, 20, 13, 6, 15, None, None, None, None, None, None, None, None, None, None]
n=5: 27886.2s, 51545063424 attempts, 21627126549 affine nodes, 10310 candidates; branch position 22, decisions 17, defined 22; template [0, 0, 0, 1, 0, 2, 4, 8, 0, 3, 9, 12, 16, 24, 21, 19, 0, 19, 7, 27, 5, 30, None, None, None, None, None, None, None, None, None, None]
n=5: 27906.2s, 51580944384 attempts, 21643061346 affine nodes, 10310 candidates; branch position 22, decisions 17, defined 22; template [0, 0, 0, 1, 0, 2, 4, 8, 0, 3, 9, 12, 16, 25, 6, 30, 0, 31, 3, 19, 1, 26, None, None, None, None, None, None, None, None, None, None]
n=5: 27926.2s, 51616792576 attempts, 21660206703 affine nodes, 10310 candidates; branch position 22, decisions 17, defined 22; template [0, 0, 0, 1, 0, 2, 4, 8, 0, 3, 9, 12, 16, 25, 23, 31, 0, 29, 11, 5, 22, 4, None, None, None, None, None, None, None, None, None, None]
n=5: 27946.2s, 51652706304 attempts, 21676595005 affine nodes, 10310 candidates; branch position 22, decisions 17, defined 22; template [0, 0, 0, 1, 0, 2, 4, 8, 0, 3, 9, 12, 16, 26, 15, 25, 0, 11, 18, 26, 19, 29, None, None, None, None, None, None, None, None, None, None]
n=5: 27966.2s, 51688554496 attempts, 21691869434 affine nodes, 10310 candidates; branch position 23, decisions 18, defined 23; template [0, 0, 0, 1, 0, 2, 4, 8, 0, 3, 9, 12, 16, 27, 6, 23, 0, 9, 25, 19, 10, 12, 26, None, None, None, None, None, None, None, None, None]
n=5: 27986.2s, 51724484608 attempts, 21707847510 affine nodes, 10310 candidates; branch position 22, decisions 17, defined 22; template [0, 0, 0, 1, 0, 2, 4, 8, 0, 3, 9, 12, 16, 27, 22, 13, 0, 19, 11, 4, 10, 20, None, None, None, None, None, None, None, None, None, None]
n=5: 28006.2s, 51760447488 attempts, 21723108757 affine nodes, 10310 candidates; branch position 22, decisions 17, defined 22; template [0, 0, 0, 1, 0, 2, 4, 8, 0, 3, 9, 12, 16, 29, 10, 13, 0, 20, 11, 5, 23, 12, None, None, None, None, None, None, None, None, None, None]
n=5: 28026.2s, 51796230144 attempts, 21738597312 affine nodes, 10310 candidates; branch position 21, decisions 16, defined 21; template [0, 0, 0, 1, 0, 2, 4, 8, 0, 3, 9, 12, 16, 29, 24, 10, 0, 30, 28, 21, 7, None, None, None, None, None, None, None, None, None, None, None]
n=5: 28046.2s, 51832160256 attempts, 21755497485 affine nodes, 10310 candidates; branch position 22, decisions 17, defined 22; template [0, 0, 0, 1, 0, 2, 4, 8, 0, 3, 9, 12, 16, 30, 19, 13, 0, 9, 30, 20, 17, 10, None, None, None, None, None, None, None, None, None, None]
n=5: 28066.3s, 51867992064 attempts, 21772472464 affine nodes, 10310 candidates; branch position 21, decisions 16, defined 21; template [0, 0, 0, 1, 0, 2, 4, 8, 0, 3, 9, 12, 16, 31, 6, 18, 0, 26, 23, 14, 27, None, None, None, None, None, None, None, None, None, None, None]
n=5: 28086.3s, 51903758336 attempts, 21788279346 affine nodes, 10312 candidates; branch position 22, decisions 17, defined 22; template [0, 0, 0, 1, 0, 2, 4, 8, 0, 3, 9, 12, 16, 31, 28, 10, 0, 27, 22, 4, 23, 17, None, None, None, None, None, None, None, None, None, None]
n=5: 28106.3s, 51939590144 attempts, 21806289400 affine nodes, 10312 candidates; branch position 22, decisions 17, defined 22; template [0, 0, 0, 1, 0, 2, 4, 8, 0, 3, 9, 14, 16, 20, 22, 6, 0, 13, 8, 29, 14, 23, None, None, None, None, None, None, None, None, None, None]
n=5: 28126.3s, 51975389184 attempts, 21823481163 affine nodes, 10312 candidates; branch position 23, decisions 18, defined 23; template [0, 0, 0, 1, 0, 2, 4, 8, 0, 3, 9, 14, 16, 21, 5, 18, 0, 9, 12, 19, 31, 15, 2, None, None, None, None, None, None, None, None, None]
n=5: 28146.3s, 52011155456 attempts, 21840660494 affine nodes, 10313 candidates; branch position 22, decisions 17, defined 22; template [0, 0, 0, 1, 0, 2, 4, 8, 0, 3, 9, 14, 16, 21, 22, 27, 0, 28, 5, 20, 27, 11, None, None, None, None, None, None, None, None, None, None]
n=5: 28166.3s, 52046938112 attempts, 21857399756 affine nodes, 10313 candidates; branch position 23, decisions 18, defined 23; template [0, 0, 0, 1, 0, 2, 4, 8, 0, 3, 9, 14, 16, 22, 5, 25, 0, 25, 29, 13, 14, 26, 22, None, None, None, None, None, None, None, None, None]
n=5: 28186.3s, 52082737152 attempts, 21873555271 affine nodes, 10316 candidates; branch position 22, decisions 17, defined 22; template [0, 0, 0, 1, 0, 2, 4, 8, 0, 3, 9, 14, 16, 22, 27, 5, 0, 14, 12, 26, 17, 11, None, None, None, None, None, None, None, None, None, None]
n=5: 28206.3s, 52118650880 attempts, 21890148363 affine nodes, 10318 candidates; branch position 23, decisions 18, defined 23; template [0, 0, 0, 1, 0, 2, 4, 8, 0, 3, 9, 14, 16, 24, 15, 27, 0, 26, 22, 18, 29, 14, 9, None, None, None, None, None, None, None, None, None]
n=5: 28226.3s, 52154449920 attempts, 21905661490 affine nodes, 10321 candidates; branch position 21, decisions 16, defined 21; template [0, 0, 0, 1, 0, 2, 4, 8, 0, 3, 9, 14, 16, 24, 28, 15, 0, 6, 30, 16, 13, None, None, None, None, None, None, None, None, None, None, None]
n=5: 28246.3s, 52190380032 attempts, 21921736645 affine nodes, 10321 candidates; branch position 22, decisions 17, defined 22; template [0, 0, 0, 1, 0, 2, 4, 8, 0, 3, 9, 14, 16, 26, 22, 25, 0, 24, 5, 13, 27, 18, None, None, None, None, None, None, None, None, None, None]
n=5: 28266.3s, 52226342912 attempts, 21939935423 affine nodes, 10321 candidates; branch position 19, decisions 14, defined 19; template [0, 0, 0, 1, 0, 2, 4, 8, 0, 3, 9, 14, 16, 27, 23, 29, 0, 5, 21, None, None, None, None, None, None, None, None, None, None, None, None, None]
n=5: 28286.3s, 52262289408 attempts, 21957621706 affine nodes, 10321 candidates; branch position 22, decisions 17, defined 22; template [0, 0, 0, 1, 0, 2, 4, 8, 0, 3, 9, 15, 12, 16, 19, 29, 0, 9, 27, 14, 20, 3, None, None, None, None, None, None, None, None, None, None]
n=5: 28306.3s, 52298186752 attempts, 21974563568 affine nodes, 10326 candidates; branch position 21, decisions 16, defined 21; template [0, 0, 0, 1, 0, 2, 4, 8, 0, 3, 9, 15, 12, 16, 29, 18, 0, 14, 13, 16, 23, None, None, None, None, None, None, None, None, None, None, None]
n=5: 28326.3s, 52334034944 attempts, 21991926025 affine nodes, 10326 candidates; branch position 23, decisions 18, defined 23; template [0, 0, 0, 1, 0, 2, 4, 8, 0, 3, 9, 15, 16, 20, 23, 5, 0, 19, 23, 29, 8, 1, 10, None, None, None, None, None, None, None, None, None]
n=5: 28346.3s, 52369768448 attempts, 22010237979 affine nodes, 10331 candidates; branch position 23, decisions 18, defined 23; template [0, 0, 0, 1, 0, 2, 4, 8, 0, 3, 9, 15, 16, 21, 22, 27, 0, 19, 30, 4, 13, 27, 5, None, None, None, None, None, None, None, None, None]
n=5: 28366.3s, 52405649408 attempts, 22026987932 affine nodes, 10331 candidates; branch position 22, decisions 17, defined 22; template [0, 0, 0, 1, 0, 2, 4, 8, 0, 3, 9, 15, 16, 23, 14, 18, 0, 18, 6, 11, 24, 29, None, None, None, None, None, None, None, None, None, None]
n=5: 28386.3s, 52441464832 attempts, 22042763456 affine nodes, 10331 candidates; branch position 21, decisions 16, defined 21; template [0, 0, 0, 1, 0, 2, 4, 8, 0, 3, 9, 15, 16, 24, 5, 19, 0, 16, 28, 23, 15, None, None, None, None, None, None, None, None, None, None, None]
n=5: 28406.3s, 52477427712 attempts, 22058621275 affine nodes, 10338 candidates; branch position 22, decisions 17, defined 22; template [0, 0, 0, 1, 0, 2, 4, 8, 0, 3, 9, 15, 16, 24, 27, 10, 0, 19, 3, 13, 30, 25, None, None, None, None, None, None, None, None, None, None]
n=5: 28426.3s, 52513390592 attempts, 22076383014 affine nodes, 10338 candidates; branch position 23, decisions 18, defined 23; template [0, 0, 0, 1, 0, 2, 4, 8, 0, 3, 9, 15, 16, 27, 5, 25, 0, 9, 25, 20, 20, 12, 14, None, None, None, None, None, None, None, None, None]
n=5: 28446.3s, 52549189632 attempts, 22093559749 affine nodes, 10338 candidates; branch position 22, decisions 17, defined 22; template [0, 0, 0, 1, 0, 2, 4, 8, 0, 3, 9, 16, 12, 22, 15, 19, 0, 6, 2, 18, 27, 9, None, None, None, None, None, None, None, None, None, None]
n=5: 28466.3s, 52584808448 attempts, 22111464331 affine nodes, 10338 candidates; branch position 22, decisions 17, defined 22; template [0, 0, 0, 1, 0, 2, 4, 8, 0, 3, 9, 16, 12, 22, 29, 15, 0, 9, 23, 7, 7, 10, None, None, None, None, None, None, None, None, None, None]
n=5: 28486.3s, 52620492800 attempts, 22128850939 affine nodes, 10338 candidates; branch position 21, decisions 16, defined 21; template [0, 0, 0, 1, 0, 2, 4, 8, 0, 3, 9, 16, 12, 23, 26, 15, 0, 14, 12, 11, 7, None, None, None, None, None, None, None, None, None, None, None]
n=5: 28506.3s, 52655849472 attempts, 22146568043 affine nodes, 10338 candidates; branch position 23, decisions 18, defined 23; template [0, 0, 0, 1, 0, 2, 4, 8, 0, 3, 9, 16, 12, 25, 15, 31, 0, 4, 26, 12, 10, 20, 1, None, None, None, None, None, None, None, None, None]
n=5: 28526.3s, 52691402752 attempts, 22163635484 affine nodes, 10338 candidates; branch position 22, decisions 17, defined 22; template [0, 0, 0, 1, 0, 2, 4, 8, 0, 3, 9, 16, 12, 26, 15, 24, 0, 20, 16, 12, 29, 14, None, None, None, None, None, None, None, None, None, None]
n=5: 28546.4s, 52727169024 attempts, 22179358583 affine nodes, 10338 candidates; branch position 21, decisions 16, defined 21; template [0, 0, 0, 1, 0, 2, 4, 8, 0, 3, 9, 16, 12, 26, 29, 15, 0, 11, 16, 4, 15, None, None, None, None, None, None, None, None, None, None, None]
n=5: 28566.4s, 52762968064 attempts, 22195897157 affine nodes, 10338 candidates; branch position 22, decisions 17, defined 22; template [0, 0, 0, 1, 0, 2, 4, 8, 0, 3, 9, 16, 12, 27, 15, 30, 0, 21, 17, 15, 22, 30, None, None, None, None, None, None, None, None, None, None]
n=5: 28586.4s, 52798783488 attempts, 22212179324 affine nodes, 10346 candidates; branch position 22, decisions 17, defined 22; template [0, 0, 0, 1, 0, 2, 4, 8, 0, 3, 9, 16, 12, 28, 10, 30, 0, 13, 23, 19, 30, 20, None, None, None, None, None, None, None, None, None, None]
n=5: 28606.4s, 52834549760 attempts, 22228244542 affine nodes, 10350 candidates; branch position 22, decisions 17, defined 22; template [0, 0, 0, 1, 0, 2, 4, 8, 0, 3, 9, 16, 12, 28, 23, 30, 0, 26, 6, 2, 1, 11, None, None, None, None, None, None, None, None, None, None]
n=5: 28626.4s, 52870217728 attempts, 22246175612 affine nodes, 10363 candidates; branch position 23, decisions 18, defined 23; template [0, 0, 0, 1, 0, 2, 4, 8, 0, 3, 9, 16, 12, 29, 15, 24, 0, 27, 30, 2, 28, 24, 14, None, None, None, None, None, None, None, None, None]
n=5: 28646.4s, 52905934848 attempts, 22263615293 affine nodes, 10364 candidates; branch position 21, decisions 16, defined 21; template [0, 0, 0, 1, 0, 2, 4, 8, 0, 3, 9, 16, 12, 29, 30, 21, 0, 5, 14, 29, 27, None, None, None, None, None, None, None, None, None, None, None]
n=5: 28666.4s, 52941684736 attempts, 22280423977 affine nodes, 10379 candidates; branch position 21, decisions 16, defined 21; template [0, 0, 0, 1, 0, 2, 4, 8, 0, 3, 9, 16, 12, 30, 19, 29, 0, 27, 8, 14, 23, None, None, None, None, None, None, None, None, None, None, None]
n=5: 28686.4s, 52977451008 attempts, 22296789483 affine nodes, 10388 candidates; branch position 22, decisions 17, defined 22; template [0, 0, 0, 1, 0, 2, 4, 8, 0, 3, 9, 16, 12, 30, 29, 24, 0, 24, 29, 21, 3, 9, None, None, None, None, None, None, None, None, None, None]
n=5: 28706.4s, 53013331968 attempts, 22313442065 affine nodes, 10390 candidates; branch position 22, decisions 17, defined 22; template [0, 0, 0, 1, 0, 2, 4, 8, 0, 3, 9, 16, 12, 31, 26, 14, 0, 11, 25, 20, 18, 13, None, None, None, None, None, None, None, None, None, None]
n=5: 28726.4s, 53049098240 attempts, 22330223317 affine nodes, 10393 candidates; branch position 21, decisions 16, defined 21; template [0, 0, 0, 1, 0, 2, 4, 8, 0, 3, 9, 16, 14, 21, 17, 23, 0, 8, 21, 24, 23, None, None, None, None, None, None, None, None, None, None, None]
n=5: 28746.4s, 53084717056 attempts, 22346320989 affine nodes, 10396 candidates; branch position 22, decisions 17, defined 22; template [0, 0, 0, 1, 0, 2, 4, 8, 0, 3, 9, 16, 14, 21, 28, 22, 0, 18, 15, 2, 5, 29, None, None, None, None, None, None, None, None, None, None]
n=5: 28766.4s, 53120401408 attempts, 22363066693 affine nodes, 10396 candidates; branch position 20, decisions 15, defined 20; template [0, 0, 0, 1, 0, 2, 4, 8, 0, 3, 9, 16, 14, 22, 20, 17, 0, 14, 3, 21, None, None, None, None, None, None, None, None, None, None, None, None]
n=5: 28786.4s, 53156069376 attempts, 22379092490 affine nodes, 10398 candidates; branch position 21, decisions 16, defined 21; template [0, 0, 0, 1, 0, 2, 4, 8, 0, 3, 9, 16, 14, 26, 6, 13, 0, 21, 11, 13, 18, None, None, None, None, None, None, None, None, None, None, None]
n=5: 28806.4s, 53191835648 attempts, 22396779906 affine nodes, 10398 candidates; branch position 23, decisions 18, defined 23; template [0, 0, 0, 1, 0, 2, 4, 8, 0, 3, 9, 16, 14, 27, 6, 22, 0, 10, 15, 30, 18, 6, 10, None, None, None, None, None, None, None, None, None]
n=5: 28826.4s, 53227814912 attempts, 22414729324 affine nodes, 10398 candidates; branch position 23, decisions 18, defined 23; template [0, 0, 0, 1, 0, 2, 4, 8, 0, 3, 9, 16, 14, 27, 30, 22, 0, 18, 7, 14, 1, 30, 13, None, None, None, None, None, None, None, None, None]
n=5: 28846.4s, 53263663104 attempts, 22431027442 affine nodes, 10398 candidates; branch position 21, decisions 16, defined 21; template [0, 0, 0, 1, 0, 2, 4, 8, 0, 3, 9, 16, 14, 28, 19, 27, 0, 16, 13, 4, 27, None, None, None, None, None, None, None, None, None, None, None]
n=5: 28866.4s, 53299544064 attempts, 22446760784 affine nodes, 10404 candidates; branch position 22, decisions 17, defined 22; template [0, 0, 0, 1, 0, 2, 4, 8, 0, 3, 9, 16, 14, 29, 6, 26, 0, 7, 25, 17, 12, 6, None, None, None, None, None, None, None, None, None, None]
n=5: 28886.4s, 53335310336 attempts, 22464272841 affine nodes, 10404 candidates; branch position 21, decisions 16, defined 21; template [0, 0, 0, 1, 0, 2, 4, 8, 0, 3, 9, 16, 14, 29, 30, 19, 0, 17, 30, 25, 18, None, None, None, None, None, None, None, None, None, None, None]
n=5: 28906.4s, 53371027456 attempts, 22481122533 affine nodes, 10417 candidates; branch position 22, decisions 17, defined 22; template [0, 0, 0, 1, 0, 2, 4, 8, 0, 3, 9, 16, 14, 30, 19, 28, 0, 11, 20, 28, 10, 23, None, None, None, None, None, None, None, None, None, None]
n=5: 28926.4s, 53406859264 attempts, 22497767451 affine nodes, 10421 candidates; branch position 21, decisions 16, defined 21; template [0, 0, 0, 1, 0, 2, 4, 8, 0, 3, 9, 16, 14, 31, 5, 19, 0, 28, 17, 31, 11, None, None, None, None, None, None, None, None, None, None, None]
n=5: 28946.4s, 53442592768 attempts, 22514205946 affine nodes, 10423 candidates; branch position 22, decisions 17, defined 22; template [0, 0, 0, 1, 0, 2, 4, 8, 0, 3, 9, 16, 14, 31, 22, 10, 0, 29, 7, 17, 13, 23, None, None, None, None, None, None, None, None, None, None]
n=5: 28966.4s, 53478375424 attempts, 22531224148 affine nodes, 10425 candidates; branch position 21, decisions 16, defined 21; template [0, 0, 0, 1, 0, 2, 4, 8, 0, 3, 9, 16, 15, 21, 17, 10, 0, 8, 16, 31, 7, None, None, None, None, None, None, None, None, None, None, None]
n=5: 28986.4s, 53513994240 attempts, 22548863358 affine nodes, 10425 candidates; branch position 22, decisions 17, defined 22; template [0, 0, 0, 1, 0, 2, 4, 8, 0, 3, 9, 16, 15, 21, 30, 19, 0, 22, 15, 9, 25, 4, None, None, None, None, None, None, None, None, None, None]
n=5: 29006.4s, 53549678592 attempts, 22565363473 affine nodes, 10429 candidates; branch position 21, decisions 16, defined 21; template [0, 0, 0, 1, 0, 2, 4, 8, 0, 3, 9, 16, 15, 23, 27, 10, 0, 29, 6, 3, 3, None, None, None, None, None, None, None, None, None, None, None]
n=5: 29026.4s, 53585461248 attempts, 22582296872 affine nodes, 10429 candidates; branch position 23, decisions 18, defined 23; template [0, 0, 0, 1, 0, 2, 4, 8, 0, 3, 9, 16, 15, 28, 10, 17, 0, 14, 31, 5, 10, 20, 23, None, None, None, None, None, None, None, None, None]
n=5: 29046.4s, 53621211136 attempts, 22598190429 affine nodes, 10443 candidates; branch position 22, decisions 17, defined 22; template [0, 0, 0, 1, 0, 2, 4, 8, 0, 3, 9, 16, 15, 28, 31, 10, 0, 10, 30, 12, 7, 23, None, None, None, None, None, None, None, None, None, None]
n=5: 29066.4s, 53656911872 attempts, 22615625713 affine nodes, 10446 candidates; branch position 23, decisions 18, defined 23; template [0, 0, 0, 1, 0, 2, 4, 8, 0, 3, 9, 16, 15, 29, 20, 30, 0, 14, 22, 25, 8, 27, 23, None, None, None, None, None, None, None, None, None]
n=5: 29086.4s, 53692596224 attempts, 22633427025 affine nodes, 10458 candidates; branch position 23, decisions 18, defined 23; template [0, 0, 0, 1, 0, 2, 4, 8, 0, 3, 9, 16, 15, 30, 10, 24, 0, 7, 12, 18, 28, 23, 19, None, None, None, None, None, None, None, None, None]
n=5: 29106.5s, 53728395264 attempts, 22649683457 affine nodes, 10466 candidates; branch position 22, decisions 17, defined 22; template [0, 0, 0, 1, 0, 2, 4, 8, 0, 3, 9, 16, 15, 30, 27, 19, 0, 24, 28, 23, 27, 14, None, None, None, None, None, None, None, None, None, None]
n=5: 29126.5s, 53764161536 attempts, 22666003359 affine nodes, 10466 candidates; branch position 19, decisions 14, defined 19; template [0, 0, 0, 1, 0, 2, 4, 8, 0, 3, 9, 16, 15, 31, 20, 10, 0, 20, 6, None, None, None, None, None, None, None, None, None, None, None, None, None]
n=5: 29146.5s, 53799960576 attempts, 22682079195 affine nodes, 10482 candidates; branch position 22, decisions 17, defined 22; template [0, 0, 0, 1, 0, 2, 4, 8, 0, 3, 9, 16, 15, 31, 29, 26, 0, 26, 29, 18, 3, 10, None, None, None, None, None, None, None, None, None, None]
n=5: 29166.5s, 53835710464 attempts, 22701004775 affine nodes, 10482 candidates; branch position 23, decisions 18, defined 23; template [0, 0, 0, 1, 0, 2, 4, 8, 0, 3, 9, 16, 19, 12, 15, 30, 0, 8, 27, 5, 30, 9, 6, None, None, None, None, None, None, None, None, None]
n=5: 29186.5s, 53871362048 attempts, 22718954747 affine nodes, 10498 candidates; branch position 22, decisions 17, defined 22; template [0, 0, 0, 1, 0, 2, 4, 8, 0, 3, 9, 16, 19, 14, 5, 26, 0, 30, 6, 14, 26, 15, None, None, None, None, None, None, None, None, None, None]
n=5: 29206.5s, 53907013632 attempts, 22737214784 affine nodes, 10502 candidates; branch position 22, decisions 17, defined 22; template [0, 0, 0, 1, 0, 2, 4, 8, 0, 3, 9, 16, 19, 14, 28, 13, 0, 18, 30, 25, 31, 21, None, None, None, None, None, None, None, None, None, None]
n=5: 29226.5s, 53942697984 attempts, 22755203022 affine nodes, 10514 candidates; branch position 22, decisions 17, defined 22; template [0, 0, 0, 1, 0, 2, 4, 8, 0, 3, 9, 16, 19, 15, 20, 17, 0, 17, 28, 20, 13, 18, None, None, None, None, None, None, None, None, None, None]
n=5: 29246.5s, 53978398720 attempts, 22771886010 affine nodes, 10526 candidates; branch position 22, decisions 17, defined 22; template [0, 0, 0, 1, 0, 2, 4, 8, 0, 3, 9, 16, 19, 28, 6, 17, 0, 24, 31, 27, 3, 6, None, None, None, None, None, None, None, None, None, None]
n=5: 29266.5s, 54013935616 attempts, 22789322038 affine nodes, 10530 candidates; branch position 20, decisions 15, defined 20; template [0, 0, 0, 1, 0, 2, 4, 8, 0, 3, 9, 16, 19, 28, 31, 10, 0, 24, 7, 9, None, None, None, None, None, None, None, None, None, None, None, None]
n=5: 29286.5s, 54049521664 attempts, 22808581906 affine nodes, 10530 candidates; branch position 21, decisions 16, defined 21; template [0, 0, 0, 1, 0, 2, 4, 8, 0, 3, 9, 16, 21, 14, 5, 27, 0, 8, 18, 5, 31, None, None, None, None, None, None, None, None, None, None, None]
n=5: 29306.5s, 54085189632 attempts, 22824903207 affine nodes, 10530 candidates; branch position 23, decisions 18, defined 23; template [0, 0, 0, 1, 0, 2, 4, 8, 0, 3, 9, 16, 21, 14, 27, 17, 0, 6, 27, 3, 17, 12, 29, None, None, None, None, None, None, None, None, None]
n=5: 29326.5s, 54120873984 attempts, 22842152675 affine nodes, 10531 candidates; branch position 22, decisions 17, defined 22; template [0, 0, 0, 1, 0, 2, 4, 8, 0, 3, 9, 16, 21, 15, 26, 23, 0, 27, 22, 7, 24, 6, None, None, None, None, None, None, None, None, None, None]
n=5: 29346.5s, 54156656640 attempts, 22859322310 affine nodes, 10531 candidates; branch position 22, decisions 17, defined 22; template [0, 0, 0, 1, 0, 2, 4, 8, 0, 3, 9, 16, 21, 28, 10, 27, 0, 18, 12, 20, 27, 21, None, None, None, None, None, None, None, None, None, None]
n=5: 29366.5s, 54192439296 attempts, 22874850086 affine nodes, 10531 candidates; branch position 22, decisions 17, defined 22; template [0, 0, 0, 1, 0, 2, 4, 8, 0, 3, 9, 16, 21, 28, 30, 6, 0, 30, 12, 3, 10, 24, None, None, None, None, None, None, None, None, None, None]
n=5: 29386.5s, 54228189184 attempts, 22892050045 affine nodes, 10531 candidates; branch position 22, decisions 17, defined 22; template [0, 0, 0, 1, 0, 2, 4, 8, 0, 3, 9, 16, 21, 29, 19, 30, 0, 23, 2, 5, 5, 20, None, None, None, None, None, None, None, None, None, None]
n=5: 29406.5s, 54263988224 attempts, 22909248461 affine nodes, 10541 candidates; branch position 22, decisions 17, defined 22; template [0, 0, 0, 1, 0, 2, 4, 8, 0, 3, 9, 16, 21, 30, 15, 10, 0, 14, 5, 18, 7, 24, None, None, None, None, None, None, None, None, None, None]
n=5: 29426.5s, 54299721728 attempts, 22925788991 affine nodes, 10549 candidates; branch position 22, decisions 17, defined 22; template [0, 0, 0, 1, 0, 2, 4, 8, 0, 3, 9, 16, 21, 30, 29, 27, 0, 21, 13, 30, 19, 27, None, None, None, None, None, None, None, None, None, None]
n=5: 29446.5s, 54335553536 attempts, 22942635076 affine nodes, 10560 candidates; branch position 22, decisions 17, defined 22; template [0, 0, 0, 1, 0, 2, 4, 8, 0, 3, 9, 16, 21, 31, 26, 23, 0, 17, 24, 29, 8, 20, None, None, None, None, None, None, None, None, None, None]
n=5: 29466.5s, 54371221504 attempts, 22959913832 affine nodes, 10560 candidates; branch position 22, decisions 17, defined 22; template [0, 0, 0, 1, 0, 2, 4, 8, 0, 3, 9, 16, 22, 12, 17, 26, 0, 13, 27, 5, 20, 3, None, None, None, None, None, None, None, None, None, None]
n=5: 29486.5s, 54407036928 attempts, 22977760607 affine nodes, 10564 candidates; branch position 22, decisions 17, defined 22; template [0, 0, 0, 1, 0, 2, 4, 8, 0, 3, 9, 16, 22, 14, 17, 21, 0, 11, 18, 21, 27, 30, None, None, None, None, None, None, None, None, None, None]
n=5: 29506.5s, 54442672128 attempts, 22993507000 affine nodes, 10564 candidates; branch position 22, decisions 17, defined 22; template [0, 0, 0, 1, 0, 2, 4, 8, 0, 3, 9, 16, 22, 28, 6, 19, 0, 4, 7, 27, 10, 16, None, None, None, None, None, None, None, None, None, None]
n=5: 29526.5s, 54478487552 attempts, 23009762711 affine nodes, 10582 candidates; branch position 22, decisions 17, defined 22; template [0, 0, 0, 1, 0, 2, 4, 8, 0, 3, 9, 16, 22, 28, 30, 19, 0, 21, 11, 22, 19, 20, None, None, None, None, None, None, None, None, None, None]
n=5: 29546.5s, 54514270208 attempts, 23027867616 affine nodes, 10586 candidates; branch position 22, decisions 17, defined 22; template [0, 0, 0, 1, 0, 2, 4, 8, 0, 3, 9, 16, 22, 29, 17, 10, 0, 6, 17, 27, 8, 20, None, None, None, None, None, None, None, None, None, None]
n=5: 29566.6s, 54550036480 attempts, 23045756109 affine nodes, 10595 candidates; branch position 22, decisions 17, defined 22; template [0, 0, 0, 1, 0, 2, 4, 8, 0, 3, 9, 16, 22, 30, 10, 5, 0, 7, 2, 22, 13, 27, None, None, None, None, None, None, None, None, None, None]
n=5: 29586.6s, 54585819136 attempts, 23062872369 affine nodes, 10604 candidates; branch position 22, decisions 17, defined 22; template [0, 0, 0, 1, 0, 2, 4, 8, 0, 3, 9, 16, 22, 30, 26, 19, 0, 20, 2, 23, 13, 11, None, None, None, None, None, None, None, None, None, None]
n=5: 29606.6s, 54621650944 attempts, 23079256223 affine nodes, 10607 candidates; branch position 22, decisions 17, defined 22; template [0, 0, 0, 1, 0, 2, 4, 8, 0, 3, 9, 16, 22, 31, 17, 10, 0, 21, 22, 29, 1, 27, None, None, None, None, None, None, None, None, None, None]
n=5: 29626.6s, 54657466368 attempts, 23095741730 affine nodes, 10613 candidates; branch position 24, decisions 19, defined 24; template [0, 0, 0, 1, 0, 2, 4, 8, 0, 3, 9, 16, 23, 12, 5, 10, 0, 30, 26, 14, 17, 22, 29, 19, None, None, None, None, None, None, None, None]
n=5: 29646.6s, 54693199872 attempts, 23112913577 affine nodes, 10615 candidates; branch position 22, decisions 17, defined 22; template [0, 0, 0, 1, 0, 2, 4, 8, 0, 3, 9, 16, 23, 12, 31, 24, 0, 20, 22, 11, 29, 7, None, None, None, None, None, None, None, None, None, None]
n=5: 29666.6s, 54728933376 attempts, 23129025879 affine nodes, 10616 candidates; branch position 23, decisions 18, defined 23; template [0, 0, 0, 1, 0, 2, 4, 8, 0, 3, 9, 16, 23, 15, 28, 13, 0, 5, 12, 25, 25, 31, 20, None, None, None, None, None, None, None, None, None]
n=5: 29686.6s, 54764797952 attempts, 23145262171 affine nodes, 10627 candidates; branch position 23, decisions 18, defined 23; template [0, 0, 0, 1, 0, 2, 4, 8, 0, 3, 9, 16, 23, 28, 15, 19, 0, 24, 7, 26, 21, 19, 29, None, None, None, None, None, None, None, None, None]
n=5: 29706.6s, 54800678912 attempts, 23161734281 affine nodes, 10633 candidates; branch position 22, decisions 17, defined 22; template [0, 0, 0, 1, 0, 2, 4, 8, 0, 3, 9, 16, 23, 29, 14, 6, 0, 30, 28, 27, 16, 13, None, None, None, None, None, None, None, None, None, None]
n=5: 29726.6s, 54836527104 attempts, 23179453672 affine nodes, 10633 candidates; branch position 23, decisions 18, defined 23; template [0, 0, 0, 1, 0, 2, 4, 8, 0, 3, 9, 16, 23, 29, 31, 24, 0, 27, 3, 21, 26, 9, 22, None, None, None, None, None, None, None, None, None]
n=5: 29746.6s, 54872326144 attempts, 23195733533 affine nodes, 10636 candidates; branch position 23, decisions 17, defined 23; template [0, 0, 0, 1, 0, 2, 4, 8, 0, 3, 9, 16, 23, 30, 27, 6, 0, 21, 11, 14, 7, 29, 10, None, None, None, None, None, None, None, None, None]
n=5: 29766.6s, 54908141568 attempts, 23212416339 affine nodes, 10644 candidates; branch position 23, decisions 18, defined 23; template [0, 0, 0, 1, 0, 2, 4, 8, 0, 3, 9, 16, 23, 31, 14, 10, 0, 11, 30, 20, 13, 18, 27, None, None, None, None, None, None, None, None, None]
n=5: 29786.6s, 54944038912 attempts, 23229017063 affine nodes, 10650 candidates; branch position 23, decisions 17, defined 23; template [0, 0, 0, 1, 0, 2, 4, 8, 0, 3, 9, 16, 23, 31, 28, 19, 0, 24, 2, 23, 11, 21, 12, None, None, None, None, None, None, None, None, None]
n=5: 29806.6s, 54979805184 attempts, 23247037863 affine nodes, 10650 candidates; branch position 22, decisions 17, defined 22; template [0, 0, 0, 1, 0, 2, 4, 8, 0, 3, 9, 16, 25, 12, 30, 22, 0, 28, 16, 7, 22, 9, None, None, None, None, None, None, None, None, None, None]
n=5: 29826.6s, 55015653376 attempts, 23263325808 affine nodes, 10650 candidates; branch position 22, decisions 17, defined 22; template [0, 0, 0, 1, 0, 2, 4, 8, 0, 3, 9, 16, 25, 14, 28, 6, 0, 5, 30, 19, 24, 11, None, None, None, None, None, None, None, None, None, None]
n=5: 29846.6s, 55051452416 attempts, 23279522072 affine nodes, 10653 candidates; branch position 21, decisions 16, defined 21; template [0, 0, 0, 1, 0, 2, 4, 8, 0, 3, 9, 16, 25, 15, 26, 21, 0, 20, 23, 26, 10, None, None, None, None, None, None, None, None, None, None, None]
n=5: 29866.6s, 55087153152 attempts, 23295405851 affine nodes, 10657 candidates; branch position 22, decisions 17, defined 22; template [0, 0, 0, 1, 0, 2, 4, 8, 0, 3, 9, 16, 25, 28, 14, 27, 0, 19, 14, 5, 21, 31, None, None, None, None, None, None, None, None, None, None]
n=5: 29886.6s, 55122935808 attempts, 23311660580 affine nodes, 10668 candidates; branch position 23, decisions 18, defined 23; template [0, 0, 0, 1, 0, 2, 4, 8, 0, 3, 9, 16, 25, 28, 30, 23, 0, 10, 27, 31, 17, 4, 19, None, None, None, None, None, None, None, None, None]
n=5: 29906.6s, 55158669312 attempts, 23329137853 affine nodes, 10670 candidates; branch position 22, decisions 17, defined 22; template [0, 0, 0, 1, 0, 2, 4, 8, 0, 3, 9, 16, 25, 29, 17, 26, 0, 16, 29, 15, 15, 17, None, None, None, None, None, None, None, None, None, None]
n=5: 29926.6s, 55194419200 attempts, 23346729452 affine nodes, 10670 candidates; branch position 22, decisions 17, defined 22; template [0, 0, 0, 1, 0, 2, 4, 8, 0, 3, 9, 16, 25, 30, 5, 27, 0, 29, 22, 12, 16, 24, None, None, None, None, None, None, None, None, None, None]
n=5: 29946.6s, 55230283776 attempts, 23363616302 affine nodes, 10672 candidates; branch position 22, decisions 17, defined 22; template [0, 0, 0, 1, 0, 2, 4, 8, 0, 3, 9, 16, 25, 30, 27, 15, 0, 31, 5, 3, 28, 25, None, None, None, None, None, None, None, None, None, None]
n=5: 29966.6s, 55266148352 attempts, 23379839943 affine nodes, 10692 candidates; branch position 22, decisions 17, defined 22; template [0, 0, 0, 1, 0, 2, 4, 8, 0, 3, 9, 16, 25, 31, 22, 10, 0, 11, 28, 18, 1, 12, None, None, None, None, None, None, None, None, None, None]
n=5: 29986.6s, 55302012928 attempts, 23396584221 affine nodes, 10692 candidates; branch position 20, decisions 15, defined 20; template [0, 0, 0, 1, 0, 2, 4, 8, 0, 3, 9, 16, 26, 14, 10, 5, 0, 6, 13, 27, None, None, None, None, None, None, None, None, None, None, None, None]
n=5: 30006.7s, 55337959424 attempts, 23414842272 affine nodes, 10692 candidates; branch position 22, decisions 17, defined 22; template [0, 0, 0, 1, 0, 2, 4, 8, 0, 3, 9, 16, 26, 15, 17, 30, 0, 8, 31, 13, 30, 3, None, None, None, None, None, None, None, None, None, None]
n=5: 30026.7s, 55373889536 attempts, 23432494532 affine nodes, 10692 candidates; branch position 22, decisions 17, defined 22; template [0, 0, 0, 1, 0, 2, 4, 8, 0, 3, 9, 16, 26, 28, 10, 13, 0, 29, 22, 18, 15, 16, None, None, None, None, None, None, None, None, None, None]
n=5: 30046.7s, 55409721344 attempts, 23448475585 affine nodes, 10693 candidates; branch position 22, decisions 17, defined 22; template [0, 0, 0, 1, 0, 2, 4, 8, 0, 3, 9, 16, 26, 29, 6, 19, 0, 6, 11, 24, 10, 18, None, None, None, None, None, None, None, None, None, None]
n=5: 30066.7s, 55445487616 attempts, 23465855183 affine nodes, 10693 candidates; branch position 23, decisions 18, defined 23; template [0, 0, 0, 1, 0, 2, 4, 8, 0, 3, 9, 16, 26, 29, 17, 24, 0, 6, 3, 17, 17, 26, 9, None, None, None, None, None, None, None, None, None]
n=5: 30086.7s, 55481286656 attempts, 23482814035 affine nodes, 10710 candidates; branch position 21, decisions 16, defined 21; template [0, 0, 0, 1, 0, 2, 4, 8, 0, 3, 9, 16, 26, 30, 10, 22, 0, 7, 29, 18, 11, None, None, None, None, None, None, None, None, None, None, None]
n=5: 30106.7s, 55517052928 attempts, 23499482436 affine nodes, 10713 candidates; branch position 21, decisions 16, defined 21; template [0, 0, 0, 1, 0, 2, 4, 8, 0, 3, 9, 16, 26, 31, 5, 15, 0, 24, 3, 5, 8, None, None, None, None, None, None, None, None, None, None, None]
n=5: 30126.7s, 55552884736 attempts, 23516272410 affine nodes, 10713 candidates; branch position 21, decisions 16, defined 21; template [0, 0, 0, 1, 0, 2, 4, 8, 0, 3, 9, 16, 26, 31, 20, 5, 0, 19, 8, 3, 3, None, None, None, None, None, None, None, None, None, None, None]
n=5: 30146.7s, 55588651008 attempts, 23532687133 affine nodes, 10728 candidates; branch position 22, decisions 17, defined 22; template [0, 0, 0, 1, 0, 2, 4, 8, 0, 3, 9, 16, 27, 15, 6, 30, 0, 16, 13, 31, 28, 7, None, None, None, None, None, None, None, None, None, None]
n=5: 30166.7s, 55624515584 attempts, 23549026747 affine nodes, 10731 candidates; branch position 22, decisions 17, defined 22; template [0, 0, 0, 1, 0, 2, 4, 8, 0, 3, 9, 16, 27, 28, 14, 31, 0, 15, 13, 22, 26, 14, None, None, None, None, None, None, None, None, None, None]
n=5: 30186.7s, 55660412928 attempts, 23565455977 affine nodes, 10740 candidates; branch position 22, decisions 17, defined 22; template [0, 0, 0, 1, 0, 2, 4, 8, 0, 3, 9, 16, 27, 29, 14, 5, 0, 15, 8, 22, 28, 1, None, None, None, None, None, None, None, None, None, None]
n=5: 30206.7s, 55696211968 attempts, 23582580851 affine nodes, 10740 candidates; branch position 22, decisions 17, defined 22; template [0, 0, 0, 1, 0, 2, 4, 8, 0, 3, 9, 16, 27, 29, 30, 22, 0, 26, 20, 2, 14, 27, None, None, None, None, None, None, None, None, None, None]
n=5: 30226.7s, 55732060160 attempts, 23598743503 affine nodes, 10748 candidates; branch position 21, decisions 16, defined 21; template [0, 0, 0, 1, 0, 2, 4, 8, 0, 3, 9, 16, 27, 30, 28, 14, 0, 9, 21, 5, 20, None, None, None, None, None, None, None, None, None, None, None]
n=5: 30246.7s, 55767875584 attempts, 23614961592 affine nodes, 10750 candidates; branch position 22, decisions 17, defined 22; template [0, 0, 0, 1, 0, 2, 4, 8, 0, 3, 9, 16, 27, 31, 14, 24, 0, 28, 14, 4, 16, 13, None, None, None, None, None, None, None, None, None, None]
n=5: 30266.7s, 55803723776 attempts, 23631192066 affine nodes, 10754 candidates; branch position 21, decisions 16, defined 21; template [0, 0, 0, 1, 0, 2, 4, 8, 0, 3, 12, 16, 21, 26, 9, 24, 0, 19, 29, 24, 3, None, None, None, None, None, None, None, None, None, None, None]
n=5: 30286.7s, 55839506432 attempts, 23647302073 affine nodes, 10755 candidates; branch position 21, decisions 16, defined 21; template [0, 0, 0, 1, 0, 2, 4, 8, 0, 3, 12, 16, 21, 26, 30, 24, 0, 8, 3, 29, 15, None, None, None, None, None, None, None, None, None, None, None]
n=5: 30306.7s, 55875452928 attempts, 23663796831 affine nodes, 10755 candidates; branch position 22, decisions 17, defined 22; template [0, 0, 0, 1, 0, 2, 4, 8, 0, 3, 12, 16, 21, 27, 23, 15, 0, 18, 5, 13, 10, 21, None, None, None, None, None, None, None, None, None, None]
n=5: 30326.7s, 55911251968 attempts, 23679182421 affine nodes, 10756 candidates; branch position 21, decisions 16, defined 21; template [0, 0, 0, 1, 0, 2, 4, 8, 0, 3, 12, 16, 21, 28, 22, 27, 0, 20, 16, 13, 7, None, None, None, None, None, None, None, None, None, None, None]
n=5: 30346.7s, 55947100160 attempts, 23694779496 affine nodes, 10759 candidates; branch position 21, decisions 16, defined 21; template [0, 0, 0, 1, 0, 2, 4, 8, 0, 3, 12, 16, 21, 29, 15, 6, 0, 5, 6, 25, 10, None, None, None, None, None, None, None, None, None, None, None]
n=5: 30366.7s, 55982948352 attempts, 23710537051 affine nodes, 10770 candidates; branch position 22, decisions 17, defined 22; template [0, 0, 0, 1, 0, 2, 4, 8, 0, 3, 12, 16, 21, 29, 30, 10, 0, 24, 29, 7, 23, 16, None, None, None, None, None, None, None, None, None, None]
n=5: 30386.7s, 56018681856 attempts, 23727595630 affine nodes, 10788 candidates; branch position 22, decisions 17, defined 22; template [0, 0, 0, 1, 0, 2, 4, 8, 0, 3, 12, 16, 21, 30, 19, 22, 0, 6, 15, 17, 8, 1, None, None, None, None, None, None, None, None, None, None]
n=5: 30406.7s, 56054448128 attempts, 23743964620 affine nodes, 10793 candidates; branch position 22, decisions 17, defined 22; template [0, 0, 0, 1, 0, 2, 4, 8, 0, 3, 12, 16, 21, 31, 19, 6, 0, 9, 29, 25, 7, 16, None, None, None, None, None, None, None, None, None, None]
n=5: 30426.7s, 56090312704 attempts, 23759559203 affine nodes, 10797 candidates; branch position 21, decisions 16, defined 21; template [0, 0, 0, 1, 0, 2, 4, 8, 0, 3, 12, 16, 22, 25, 10, 15, 0, 29, 9, 3, 14, None, None, None, None, None, None, None, None, None, None, None]
n=5: 30446.8s, 56126046208 attempts, 23775470291 affine nodes, 10799 candidates; branch position 22, decisions 17, defined 22; template [0, 0, 0, 1, 0, 2, 4, 8, 0, 3, 12, 16, 22, 27, 6, 13, 0, 4, 21, 2, 25, 30, None, None, None, None, None, None, None, None, None, None]
n=5: 30466.8s, 56161763328 attempts, 23791603468 affine nodes, 10801 candidates; branch position 22, decisions 17, defined 22; template [0, 0, 0, 1, 0, 2, 4, 8, 0, 3, 12, 16, 22, 27, 15, 28, 0, 21, 3, 23, 30, 12, None, None, None, None, None, None, None, None, None, None]
n=5: 30486.8s, 56197496832 attempts, 23807233816 affine nodes, 10813 candidates; branch position 22, decisions 17, defined 22; template [0, 0, 0, 1, 0, 2, 4, 8, 0, 3, 12, 16, 22, 28, 13, 10, 0, 6, 16, 24, 13, 19, None, None, None, None, None, None, None, None, None, None]
n=5: 30506.8s, 56233295872 attempts, 23823800986 affine nodes, 10821 candidates; branch position 22, decisions 17, defined 22; template [0, 0, 0, 1, 0, 2, 4, 8, 0, 3, 12, 16, 22, 29, 6, 15, 0, 20, 2, 23, 25, 28, None, None, None, None, None, None, None, None, None, None]
n=5: 30526.8s, 56268734464 attempts, 23841643546 affine nodes, 10821 candidates; branch position 22, decisions 17, defined 22; template [0, 0, 0, 1, 0, 2, 4, 8, 0, 3, 12, 16, 22, 29, 19, 5, 0, 24, 2, 7, 19, 30, None, None, None, None, None, None, None, None, None, None]
n=5: 30546.8s, 56304353280 attempts, 23858898217 affine nodes, 10827 candidates; branch position 21, decisions 16, defined 21; template [0, 0, 0, 1, 0, 2, 4, 8, 0, 3, 12, 16, 22, 30, 10, 17, 0, 20, 2, 26, 13, None, None, None, None, None, None, None, None, None, None, None]
n=5: 30566.8s, 56340234240 attempts, 23875604663 affine nodes, 10827 candidates; branch position 23, decisions 18, defined 23; template [0, 0, 0, 1, 0, 2, 4, 8, 0, 3, 12, 16, 22, 30, 20, 29, 0, 11, 23, 17, 7, 13, 31, None, None, None, None, None, None, None, None, None]
n=5: 30586.8s, 56376098816 attempts, 23891641425 affine nodes, 10833 candidates; branch position 22, decisions 17, defined 22; template [0, 0, 0, 1, 0, 2, 4, 8, 0, 3, 12, 16, 22, 31, 13, 5, 0, 20, 17, 28, 8, 30, None, None, None, None, None, None, None, None, None, None]
n=5: 30606.8s, 56411881472 attempts, 23907935992 affine nodes, 10850 candidates; branch position 22, decisions 17, defined 22; template [0, 0, 0, 1, 0, 2, 4, 8, 0, 3, 12, 16, 22, 31, 29, 13, 0, 11, 26, 21, 15, 25, None, None, None, None, None, None, None, None, None, None]
n=5: 30626.8s, 56447795200 attempts, 23924351410 affine nodes, 10850 candidates; branch position 22, decisions 17, defined 22; template [0, 0, 0, 1, 0, 2, 4, 8, 0, 3, 12, 16, 23, 25, 20, 28, 0, 18, 17, 21, 7, 24, None, None, None, None, None, None, None, None, None, None]
n=5: 30646.8s, 56483479552 attempts, 23940600563 affine nodes, 10850 candidates; branch position 22, decisions 17, defined 22; template [0, 0, 0, 1, 0, 2, 4, 8, 0, 3, 12, 16, 23, 26, 15, 6, 0, 14, 2, 27, 30, 15, None, None, None, None, None, None, None, None, None, None]
n=5: 30666.8s, 56519229440 attempts, 23956083846 affine nodes, 10852 candidates; branch position 21, decisions 16, defined 21; template [0, 0, 0, 1, 0, 2, 4, 8, 0, 3, 12, 16, 23, 28, 6, 19, 0, 23, 2, 10, 7, None, None, None, None, None, None, None, None, None, None, None]
n=5: 30686.8s, 56555094016 attempts, 23971822603 affine nodes, 10852 candidates; branch position 21, decisions 16, defined 21; template [0, 0, 0, 1, 0, 2, 4, 8, 0, 3, 12, 16, 23, 28, 17, 6, 0, 19, 11, 26, 6, None, None, None, None, None, None, None, None, None, None, None]
n=5: 30706.8s, 56590893056 attempts, 23987598571 affine nodes, 10863 candidates; branch position 22, decisions 17, defined 22; template [0, 0, 0, 1, 0, 2, 4, 8, 0, 3, 12, 16, 23, 29, 15, 21, 0, 14, 5, 27, 24, 17, None, None, None, None, None, None, None, None, None, None]
n=5: 30726.8s, 56626757632 attempts, 24004283191 affine nodes, 10864 candidates; branch position 22, decisions 17, defined 22; template [0, 0, 0, 1, 0, 2, 4, 8, 0, 3, 12, 16, 23, 29, 30, 13, 0, 9, 3, 27, 17, 12, None, None, None, None, None, None, None, None, None, None]
n=5: 30746.8s, 56662556672 attempts, 24020657029 affine nodes, 10872 candidates; branch position 22, decisions 17, defined 22; template [0, 0, 0, 1, 0, 2, 4, 8, 0, 3, 12, 16, 23, 30, 20, 5, 0, 6, 13, 9, 20, 11, None, None, None, None, None, None, None, None, None, None]
n=5: 30766.8s, 56698470400 attempts, 24035920030 affine nodes, 10876 candidates; branch position 23, decisions 18, defined 23; template [0, 0, 0, 1, 0, 2, 4, 8, 0, 3, 12, 16, 23, 31, 10, 13, 0, 29, 3, 5, 19, 24, 9, None, None, None, None, None, None, None, None, None]
n=5: 30786.8s, 56734400512 attempts, 24050689917 affine nodes, 10876 candidates; branch position 22, decisions 17, defined 22; template [0, 0, 0, 1, 0, 2, 4, 8, 0, 3, 12, 16, 25, 22, 9, 15, 0, 23, 13, 9, 30, 6, None, None, None, None, None, None, None, None, None, None]
n=5: 30806.8s, 56770248704 attempts, 24066465279 affine nodes, 10878 candidates; branch position 22, decisions 17, defined 22; template [0, 0, 0, 1, 0, 2, 4, 8, 0, 3, 12, 16, 25, 22, 27, 30, 0, 20, 6, 17, 8, 19, None, None, None, None, None, None, None, None, None, None]
n=5: 30826.8s, 56806178816 attempts, 24084323235 affine nodes, 10878 candidates; branch position 22, decisions 17, defined 22; template [0, 0, 0, 1, 0, 2, 4, 8, 0, 3, 12, 16, 25, 23, 26, 21, 0, 22, 20, 29, 27, 17, None, None, None, None, None, None, None, None, None, None]
n=5: 30846.8s, 56841961472 attempts, 24102827080 affine nodes, 10880 candidates; branch position 22, decisions 17, defined 22; template [0, 0, 0, 1, 0, 2, 4, 8, 0, 3, 12, 16, 25, 29, 20, 10, 0, 7, 26, 18, 17, 1, None, None, None, None, None, None, None, None, None, None]
n=5: 30866.8s, 56877580288 attempts, 24120442060 affine nodes, 10880 candidates; branch position 22, decisions 17, defined 22; template [0, 0, 0, 1, 0, 2, 4, 8, 0, 3, 12, 16, 25, 29, 31, 5, 0, 25, 16, 3, 14, 31, None, None, None, None, None, None, None, None, None, None]
n=5: 30886.8s, 56913084416 attempts, 24137679144 affine nodes, 10880 candidates; branch position 22, decisions 17, defined 22; template [0, 0, 0, 1, 0, 2, 4, 8, 0, 3, 12, 16, 25, 30, 20, 28, 0, 21, 27, 18, 7, 24, None, None, None, None, None, None, None, None, None, None]
n=5: 30906.9s, 56948932608 attempts, 24154146980 affine nodes, 10882 candidates; branch position 23, decisions 18, defined 23; template [0, 0, 0, 1, 0, 2, 4, 8, 0, 3, 12, 16, 25, 31, 13, 26, 0, 30, 28, 5, 6, 3, 27, None, None, None, None, None, None, None, None, None]
n=5: 30926.9s, 56984813568 attempts, 24170228088 affine nodes, 10883 candidates; branch position 22, decisions 17, defined 22; template [0, 0, 0, 1, 0, 2, 4, 8, 0, 3, 12, 16, 26, 21, 6, 23, 0, 18, 11, 27, 1, 11, None, None, None, None, None, None, None, None, None, None]
n=5: 30946.9s, 57020645376 attempts, 24185974451 affine nodes, 10884 candidates; branch position 22, decisions 17, defined 22; template [0, 0, 0, 1, 0, 2, 4, 8, 0, 3, 12, 16, 26, 21, 31, 23, 0, 13, 8, 17, 14, 28, None, None, None, None, None, None, None, None, None, None]
n=5: 30966.9s, 57056460800 attempts, 24202191689 affine nodes, 10890 candidates; branch position 21, decisions 16, defined 21; template [0, 0, 0, 1, 0, 2, 4, 8, 0, 3, 12, 16, 26, 23, 25, 15, 0, 4, 26, 9, 16, None, None, None, None, None, None, None, None, None, None, None]
n=5: 30986.9s, 57092210688 attempts, 24218322912 affine nodes, 10901 candidates; branch position 23, decisions 18, defined 23; template [0, 0, 0, 1, 0, 2, 4, 8, 0, 3, 12, 16, 26, 29, 17, 30, 0, 18, 15, 31, 17, 10, 25, None, None, None, None, None, None, None, None, None]
n=5: 31006.9s, 57128075264 attempts, 24233881120 affine nodes, 10901 candidates; branch position 21, decisions 16, defined 21; template [0, 0, 0, 1, 0, 2, 4, 8, 0, 3, 12, 16, 26, 29, 31, 15, 0, 30, 15, 9, 14, None, None, None, None, None, None, None, None, None, None, None]
n=5: 31026.9s, 57163923456 attempts, 24250803030 affine nodes, 10901 candidates; branch position 23, decisions 18, defined 23; template [0, 0, 0, 1, 0, 2, 4, 8, 0, 3, 12, 16, 26, 30, 23, 6, 0, 9, 31, 10, 7, 16, 18, None, None, None, None, None, None, None, None, None]
n=5: 31046.9s, 57199738880 attempts, 24267569792 affine nodes, 10901 candidates; branch position 22, decisions 17, defined 22; template [0, 0, 0, 1, 0, 2, 4, 8, 0, 3, 12, 16, 26, 31, 13, 23, 0, 10, 3, 4, 22, 24, None, None, None, None, None, None, None, None, None, None]
n=5: 31066.9s, 57235636224 attempts, 24283897010 affine nodes, 10912 candidates; branch position 22, decisions 17, defined 22; template [0, 0, 0, 1, 0, 2, 4, 8, 0, 3, 12, 16, 27, 21, 9, 13, 0, 9, 13, 2, 31, 23, None, None, None, None, None, None, None, None, None, None]
n=5: 31086.9s, 57271615488 attempts, 24302207958 affine nodes, 10912 candidates; branch position 23, decisions 18, defined 23; template [0, 0, 0, 1, 0, 2, 4, 8, 0, 3, 12, 16, 27, 21, 30, 23, 0, 7, 30, 22, 16, 20, 10, None, None, None, None, None, None, None, None, None]
n=5: 31106.9s, 57307398144 attempts, 24318364134 affine nodes, 10912 candidates; branch position 24, decisions 19, defined 24; template [0, 0, 0, 1, 0, 2, 4, 8, 0, 3, 12, 16, 27, 22, 29, 13, 0, 27, 21, 10, 12, 7, 20, 9, None, None, None, None, None, None, None, None]
n=5: 31126.9s, 57343262720 attempts, 24335033996 affine nodes, 10917 candidates; branch position 20, decisions 15, defined 20; template [0, 0, 0, 1, 0, 2, 4, 8, 0, 3, 12, 16, 27, 29, 22, 13, 0, 16, 9, 19, None, None, None, None, None, None, None, None, None, None, None, None]
n=5: 31146.9s, 57379045376 attempts, 24352216699 affine nodes, 10930 candidates; branch position 21, decisions 16, defined 21; template [0, 0, 0, 1, 0, 2, 4, 8, 0, 3, 12, 16, 27, 30, 13, 22, 0, 4, 24, 17, 11, None, None, None, None, None, None, None, None, None, None, None]
n=5: 31166.9s, 57414942720 attempts, 24368970330 affine nodes, 10930 candidates; branch position 22, decisions 17, defined 22; template [0, 0, 0, 1, 0, 2, 4, 8, 0, 3, 12, 16, 27, 31, 6, 23, 0, 5, 30, 11, 16, 10, None, None, None, None, None, None, None, None, None, None]
n=5: 31186.9s, 57450954752 attempts, 24386159246 affine nodes, 10930 candidates; branch position 21, decisions 16, defined 21; template [0, 0, 0, 1, 0, 2, 4, 8, 0, 3, 12, 16, 27, 31, 22, 15, 0, 27, 17, 4, 22, None, None, None, None, None, None, None, None, None, None, None]
n=5: 31206.9s, 57486704640 attempts, 24403026818 affine nodes, 10931 candidates; branch position 22, decisions 17, defined 22; template [0, 0, 0, 1, 0, 2, 4, 8, 0, 3, 12, 16, 28, 25, 19, 5, 0, 31, 24, 5, 25, 14, None, None, None, None, None, None, None, None, None, None]
n=5: 31226.9s, 57522487296 attempts, 24419369358 affine nodes, 10946 candidates; branch position 22, decisions 17, defined 22; template [0, 0, 0, 1, 0, 2, 4, 8, 0, 3, 12, 16, 28, 26, 9, 6, 0, 29, 30, 22, 19, 12, None, None, None, None, None, None, None, None, None, None]
n=5: 31247.0s, 57558351872 attempts, 24435862189 affine nodes, 10949 candidates; branch position 21, decisions 16, defined 21; template [0, 0, 0, 1, 0, 2, 4, 8, 0, 3, 12, 16, 28, 26, 25, 10, 0, 5, 30, 20, 10, None, None, None, None, None, None, None, None, None, None, None]
n=5: 31267.0s, 57594167296 attempts, 24452302543 affine nodes, 10952 candidates; branch position 22, decisions 17, defined 22; template [0, 0, 0, 1, 0, 2, 4, 8, 0, 3, 12, 16, 28, 27, 9, 30, 0, 10, 22, 9, 12, 24, None, None, None, None, None, None, None, None, None, None]
n=5: 31287.0s, 57629933568 attempts, 24468404388 affine nodes, 10963 candidates; branch position 22, decisions 17, defined 22; template [0, 0, 0, 1, 0, 2, 4, 8, 0, 3, 12, 16, 28, 27, 30, 6, 0, 16, 23, 9, 6, 29, None, None, None, None, None, None, None, None, None, None]
n=5: 31307.0s, 57665765376 attempts, 24483938731 affine nodes, 10966 candidates; branch position 22, decisions 17, defined 22; template [0, 0, 0, 1, 0, 2, 4, 8, 0, 3, 12, 16, 29, 22, 13, 31, 0, 27, 13, 25, 18, 13, None, None, None, None, None, None, None, None, None, None]
n=5: 31327.0s, 57701597184 attempts, 24500142062 affine nodes, 10973 candidates; branch position 23, decisions 18, defined 23; template [0, 0, 0, 1, 0, 2, 4, 8, 0, 3, 12, 16, 29, 23, 6, 15, 0, 22, 14, 25, 3, 13, 1, None, None, None, None, None, None, None, None, None]
n=5: 31347.0s, 57737461760 attempts, 24516918825 affine nodes, 10973 candidates; branch position 22, decisions 17, defined 22; template [0, 0, 0, 1, 0, 2, 4, 8, 0, 3, 12, 16, 29, 23, 26, 15, 0, 22, 14, 29, 3, 19, None, None, None, None, None, None, None, None, None, None]
n=5: 31367.0s, 57773309952 attempts, 24534077503 affine nodes, 10974 candidates; branch position 21, decisions 16, defined 21; template [0, 0, 0, 1, 0, 2, 4, 8, 0, 3, 12, 16, 29, 26, 13, 31, 0, 14, 28, 20, 27, None, None, None, None, None, None, None, None, None, None, None]
n=5: 31387.0s, 57809190912 attempts, 24549775708 affine nodes, 10984 candidates; branch position 22, decisions 17, defined 22; template [0, 0, 0, 1, 0, 2, 4, 8, 0, 3, 12, 16, 29, 26, 30, 23, 0, 31, 28, 2, 16, 7, None, None, None, None, None, None, None, None, None, None]
n=5: 31407.0s, 57845104640 attempts, 24564803187 affine nodes, 10990 candidates; branch position 23, decisions 18, defined 23; template [0, 0, 0, 1, 0, 2, 4, 8, 0, 3, 12, 16, 29, 27, 22, 5, 0, 11, 28, 12, 19, 23, 16, None, None, None, None, None, None, None, None, None]
n=5: 31427.0s, 57880887296 attempts, 24580198981 affine nodes, 10990 candidates; branch position 22, decisions 17, defined 22; template [0, 0, 0, 1, 0, 2, 4, 8, 0, 3, 12, 16, 30, 21, 9, 29, 0, 17, 6, 12, 11, 16, None, None, None, None, None, None, None, None, None, None]
n=5: 31447.0s, 57916702720 attempts, 24596873093 affine nodes, 10994 candidates; branch position 22, decisions 17, defined 22; template [0, 0, 0, 1, 0, 2, 4, 8, 0, 3, 12, 16, 30, 21, 25, 23, 0, 10, 24, 21, 14, 30, None, None, None, None, None, None, None, None, None, None]
n=5: 31467.0s, 57952550912 attempts, 24613219958 affine nodes, 10997 candidates; branch position 23, decisions 18, defined 23; template [0, 0, 0, 1, 0, 2, 4, 8, 0, 3, 12, 16, 30, 23, 27, 13, 0, 8, 25, 22, 15, 26, 24, None, None, None, None, None, None, None, None, None]
n=5: 31487.0s, 57988399104 attempts, 24628444336 affine nodes, 10998 candidates; branch position 22, decisions 17, defined 22; template [0, 0, 0, 1, 0, 2, 4, 8, 0, 3, 12, 16, 30, 25, 19, 13, 0, 31, 8, 14, 5, 23, None, None, None, None, None, None, None, None, None, None]
n=5: 31507.0s, 58024280064 attempts, 24643658119 affine nodes, 11010 candidates; branch position 23, decisions 18, defined 23; template [0, 0, 0, 1, 0, 2, 4, 8, 0, 3, 12, 16, 30, 27, 9, 28, 0, 20, 17, 11, 16, 14, 10, None, None, None, None, None, None, None, None, None]
n=5: 31527.0s, 58060144640 attempts, 24659098075 affine nodes, 11010 candidates; branch position 22, decisions 17, defined 22; template [0, 0, 0, 1, 0, 2, 4, 8, 0, 3, 12, 16, 30, 27, 25, 19, 0, 30, 26, 9, 14, 7, None, None, None, None, None, None, None, None, None, None]
n=5: 31547.0s, 58095910912 attempts, 24676316955 affine nodes, 11012 candidates; branch position 22, decisions 17, defined 22; template [0, 0, 0, 1, 0, 2, 4, 8, 0, 3, 12, 16, 31, 21, 22, 29, 0, 26, 31, 14, 16, 22, None, None, None, None, None, None, None, None, None, None]
n=5: 31567.0s, 58131742720 attempts, 24692330568 affine nodes, 11020 candidates; branch position 21, decisions 16, defined 21; template [0, 0, 0, 1, 0, 2, 4, 8, 0, 3, 12, 16, 31, 22, 20, 17, 0, 6, 18, 4, 13, None, None, None, None, None, None, None, None, None, None, None]
n=5: 31587.0s, 58167508992 attempts, 24707820562 affine nodes, 11026 candidates; branch position 22, decisions 17, defined 22; template [0, 0, 0, 1, 0, 2, 4, 8, 0, 3, 12, 16, 31, 25, 15, 26, 0, 10, 7, 30, 29, 24, None, None, None, None, None, None, None, None, None, None]
n=5: 31607.0s, 58203176960 attempts, 24725185788 affine nodes, 11032 candidates; branch position 22, decisions 17, defined 22; template [0, 0, 0, 1, 0, 2, 4, 8, 0, 3, 12, 16, 31, 26, 13, 19, 0, 14, 11, 26, 29, 6, None, None, None, None, None, None, None, None, None, None]
n=5: 31627.0s, 58238894080 attempts, 24742221971 affine nodes, 11032 candidates; branch position 22, decisions 17, defined 22; template [0, 0, 0, 1, 0, 2, 4, 8, 0, 3, 12, 16, 31, 26, 25, 13, 0, 30, 13, 23, 11, 16, None, None, None, None, None, None, None, None, None, None]
n=5: 31647.0s, 58274693120 attempts, 24758048130 affine nodes, 11033 candidates; branch position 21, decisions 16, defined 21; template [0, 0, 0, 1, 0, 2, 4, 8, 0, 3, 13, 16, 21, 26, 22, 24, 0, 4, 24, 30, 29, None, None, None, None, None, None, None, None, None, None, None]
n=5: 31667.0s, 58310557696 attempts, 24774626449 affine nodes, 11037 candidates; branch position 24, decisions 19, defined 24; template [0, 0, 0, 1, 0, 2, 4, 8, 0, 3, 13, 16, 21, 27, 22, 6, 0, 20, 16, 5, 5, 3, 23, 26, None, None, None, None, None, None, None, None]
n=5: 31687.0s, 58346553344 attempts, 24792276186 affine nodes, 11037 candidates; branch position 22, decisions 17, defined 22; template [0, 0, 0, 1, 0, 2, 4, 8, 0, 3, 13, 16, 21, 28, 10, 26, 0, 14, 16, 27, 23, 13, None, None, None, None, None, None, None, None, None, None]
n=5: 31707.0s, 58382385152 attempts, 24808295979 affine nodes, 11040 candidates; branch position 22, decisions 17, defined 22; template [0, 0, 0, 1, 0, 2, 4, 8, 0, 3, 13, 16, 21, 28, 25, 14, 0, 26, 15, 19, 8, 17, None, None, None, None, None, None, None, None, None, None]
n=5: 31727.0s, 58418200576 attempts, 24824929698 affine nodes, 11052 candidates; branch position 22, decisions 17, defined 22; template [0, 0, 0, 1, 0, 2, 4, 8, 0, 3, 13, 16, 21, 30, 19, 28, 0, 17, 7, 20, 5, 13, None, None, None, None, None, None, None, None, None, None]
n=5: 31747.0s, 58454048768 attempts, 24842490909 affine nodes, 11052 candidates; branch position 21, decisions 16, defined 21; template [0, 0, 0, 1, 0, 2, 4, 8, 0, 3, 13, 16, 21, 31, 5, 28, 0, 6, 29, 3, 15, None, None, None, None, None, None, None, None, None, None, None]
n=5: 31767.1s, 58489896960 attempts, 24859306719 affine nodes, 11052 candidates; branch position 21, decisions 16, defined 21; template [0, 0, 0, 1, 0, 2, 4, 8, 0, 3, 13, 16, 21, 31, 27, 22, 0, 11, 20, 17, 10, None, None, None, None, None, None, None, None, None, None, None]
n=5: 31787.1s, 58525712384 attempts, 24875241835 affine nodes, 11052 candidates; branch position 20, decisions 15, defined 20; template [0, 0, 0, 1, 0, 2, 4, 8, 0, 3, 13, 16, 22, 25, 20, 26, 0, 20, 29, 5, None, None, None, None, None, None, None, None, None, None, None, None]
n=5: 31807.1s, 58561495040 attempts, 24891239951 affine nodes, 11061 candidates; branch position 23, decisions 18, defined 23; template [0, 0, 0, 1, 0, 2, 4, 8, 0, 3, 13, 16, 22, 28, 17, 31, 0, 28, 25, 12, 7, 20, 2, None, None, None, None, None, None, None, None, None]
n=5: 31827.1s, 58597048320 attempts, 24906462083 affine nodes, 11063 candidates; branch position 22, decisions 17, defined 22; template [0, 0, 0, 1, 0, 2, 4, 8, 0, 3, 13, 16, 22, 31, 10, 28, 0, 24, 12, 31, 1, 12, None, None, None, None, None, None, None, None, None, None]
n=5: 31847.1s, 58632896512 attempts, 24921460790 affine nodes, 11069 candidates; branch position 22, decisions 17, defined 22; template [0, 0, 0, 1, 0, 2, 4, 8, 0, 3, 13, 16, 23, 28, 5, 19, 0, 4, 22, 17, 15, 31, None, None, None, None, None, None, None, None, None, None]
n=5: 31867.1s, 58668892160 attempts, 24938807201 affine nodes, 11069 candidates; branch position 21, decisions 16, defined 21; template [0, 0, 0, 1, 0, 2, 4, 8, 0, 3, 13, 16, 23, 28, 25, 10, 0, 15, 3, 9, 12, None, None, None, None, None, None, None, None, None, None, None]
n=5: 31887.1s, 58704789504 attempts, 24955516035 affine nodes, 11074 candidates; branch position 22, decisions 17, defined 22; template [0, 0, 0, 1, 0, 2, 4, 8, 0, 3, 13, 16, 23, 30, 17, 9, 0, 8, 17, 21, 30, 9, None, None, None, None, None, None, None, None, None, None]
n=5: 31907.1s, 58739802112 attempts, 24972055629 affine nodes, 11081 candidates; branch position 22, decisions 17, defined 22; template [0, 0, 0, 1, 0, 2, 4, 8, 0, 3, 13, 16, 25, 22, 5, 12, 0, 20, 22, 15, 23, 17, None, None, None, None, None, None, None, None, None, None]
n=5: 31927.1s, 58775306240 attempts, 24988028381 affine nodes, 11087 candidates; branch position 25, decisions 20, defined 25; template [0, 0, 0, 1, 0, 2, 4, 8, 0, 3, 13, 16, 25, 22, 31, 6, 0, 30, 28, 11, 12, 25, 7, 21, 23, None, None, None, None, None, None, None]
n=5: 31947.1s, 58811219968 attempts, 25004354964 affine nodes, 11089 candidates; branch position 22, decisions 17, defined 22; template [0, 0, 0, 1, 0, 2, 4, 8, 0, 3, 13, 16, 25, 28, 14, 26, 0, 31, 20, 4, 15, 1, None, None, None, None, None, None, None, None, None, None]
n=5: 31967.1s, 58846756864 attempts, 25020007789 affine nodes, 11098 candidates; branch position 22, decisions 17, defined 23; template [0, 0, 0, 1, 0, 2, 4, 8, 0, 3, 13, 16, 25, 28, 30, 21, 0, 26, 5, 17, 15, 23, None, None, 31, None, None, None, None, None, None, None]
n=5: 31987.1s, 58882654208 attempts, 25035198630 affine nodes, 11099 candidates; branch position 22, decisions 17, defined 22; template [0, 0, 0, 1, 0, 2, 4, 8, 0, 3, 13, 16, 25, 31, 26, 29, 0, 20, 29, 13, 10, 1, None, None, None, None, None, None, None, None, None, None]
n=5: 32007.1s, 58918666240 attempts, 25050730419 affine nodes, 11102 candidates; branch position 22, decisions 17, defined 22; template [0, 0, 0, 1, 0, 2, 4, 8, 0, 3, 13, 16, 26, 21, 17, 23, 0, 5, 15, 29, 14, 22, None, None, None, None, None, None, None, None, None, None]
n=5: 32027.1s, 58954448896 attempts, 25066570414 affine nodes, 11102 candidates; branch position 22, decisions 17, defined 22; template [0, 0, 0, 1, 0, 2, 4, 8, 0, 3, 13, 16, 26, 28, 10, 19, 0, 9, 14, 17, 28, 23, None, None, None, None, None, None, None, None, None, None]
n=5: 32047.1s, 58991214592 attempts, 25083146216 affine nodes, 11106 candidates; branch position 22, decisions 17, defined 22; template [0, 0, 0, 1, 0, 2, 4, 8, 0, 3, 13, 16, 26, 28, 31, 14, 0, 20, 2, 11, 12, 9, None, None, None, None, None, None, None, None, None, None]
n=5: 32067.1s, 59027243008 attempts, 25099392361 affine nodes, 11106 candidates; branch position 21, decisions 16, defined 21; template [0, 0, 0, 1, 0, 2, 4, 8, 0, 3, 13, 16, 26, 31, 22, 29, 0, 20, 5, 18, 3, None, None, None, None, None, None, None, None, None, None, None]
n=5: 32087.1s, 59064008704 attempts, 25116584752 affine nodes, 11112 candidates; branch position 22, decisions 17, defined 22; template [0, 0, 0, 1, 0, 2, 4, 8, 0, 3, 13, 16, 27, 28, 5, 14, 0, 14, 7, 2, 5, 19, None, None, None, None, None, None, None, None, None, None]
n=5: 32107.1s, 59100594176 attempts, 25131624625 affine nodes, 11117 candidates; branch position 23, decisions 18, defined 23; template [0, 0, 0, 1, 0, 2, 4, 8, 0, 3, 13, 16, 27, 28, 23, 31, 0, 24, 26, 30, 3, 6, 10, None, None, None, None, None, None, None, None, None]
n=5: 32127.1s, 59137638400 attempts, 25147967534 affine nodes, 11122 candidates; branch position 21, decisions 16, defined 21; template [0, 0, 0, 1, 0, 2, 4, 8, 0, 3, 13, 16, 28, 21, 23, 19, 0, 25, 5, 21, 16, None, None, None, None, None, None, None, None, None, None, None]
n=5: 32147.1s, 59174912000 attempts, 25164997140 affine nodes, 11124 candidates; branch position 22, decisions 17, defined 22; template [0, 0, 0, 1, 0, 2, 4, 8, 0, 3, 13, 16, 28, 23, 6, 30, 0, 14, 7, 21, 10, 27, None, None, None, None, None, None, None, None, None, None]
n=5: 32167.1s, 59211661312 attempts, 25182078318 affine nodes, 11131 candidates; branch position 22, decisions 17, defined 22; template [0, 0, 0, 1, 0, 2, 4, 8, 0, 3, 13, 16, 28, 23, 26, 30, 0, 6, 3, 24, 19, 22, None, None, None, None, None, None, None, None, None, None]
n=5: 32187.1s, 59247984640 attempts, 25199869685 affine nodes, 11131 candidates; branch position 22, decisions 17, defined 22; template [0, 0, 0, 1, 0, 2, 4, 8, 0, 3, 13, 16, 28, 25, 14, 23, 0, 13, 2, 28, 25, 16, None, None, None, None, None, None, None, None, None, None]
n=5: 32207.1s, 59283767296 attempts, 25217426967 affine nodes, 11135 candidates; branch position 23, decisions 18, defined 23; template [0, 0, 0, 1, 0, 2, 4, 8, 0, 3, 13, 16, 28, 26, 5, 14, 0, 5, 17, 13, 14, 4, 28, None, None, None, None, None, None, None, None, None]
n=5: 32227.1s, 59319713792 attempts, 25233587790 affine nodes, 11144 candidates; branch position 23, decisions 18, defined 23; template [0, 0, 0, 1, 0, 2, 4, 8, 0, 3, 13, 16, 28, 26, 30, 19, 0, 21, 8, 2, 13, 25, 19, None, None, None, None, None, None, None, None, None]
n=5: 32247.1s, 59355578368 attempts, 25250153049 affine nodes, 11148 candidates; branch position 22, decisions 17, defined 22; template [0, 0, 0, 1, 0, 2, 4, 8, 0, 3, 13, 16, 28, 27, 20, 6, 0, 4, 31, 22, 8, 17, None, None, None, None, None, None, None, None, None, None]
n=5: 32267.1s, 59391459328 attempts, 25266743729 affine nodes, 11155 candidates; branch position 22, decisions 17, defined 22; template [0, 0, 0, 1, 0, 2, 4, 8, 0, 3, 13, 16, 30, 27, 6, 21, 0, 20, 25, 15, 8, 14, None, None, None, None, None, None, None, None, None, None]
n=5: 32287.1s, 59427422208 attempts, 25283517494 affine nodes, 11155 candidates; branch position 23, decisions 18, defined 23; template [0, 0, 0, 1, 0, 2, 4, 8, 0, 3, 13, 16, 30, 27, 25, 29, 0, 22, 8, 15, 16, 24, 14, None, None, None, None, None, None, None, None, None]
n=5: 32307.2s, 59463417856 attempts, 25300375661 affine nodes, 11159 candidates; branch position 22, decisions 17, defined 22; template [0, 0, 0, 1, 0, 2, 4, 8, 0, 3, 13, 16, 31, 22, 20, 6, 0, 25, 29, 11, 12, 9, None, None, None, None, None, None, None, None, None, None]
n=5: 32327.2s, 59499298816 attempts, 25317383501 affine nodes, 11160 candidates; branch position 23, decisions 18, defined 23; template [0, 0, 0, 1, 0, 2, 4, 8, 0, 3, 13, 16, 31, 22, 29, 24, 0, 10, 9, 30, 11, 25, 12, None, None, None, None, None, None, None, None, None]
n=5: 32347.2s, 59535245312 attempts, 25334324977 affine nodes, 11160 candidates; branch position 21, decisions 16, defined 21; template [0, 0, 0, 1, 0, 2, 4, 8, 0, 3, 13, 16, 31, 26, 23, 19, 0, 21, 31, 18, 30, None, None, None, None, None, None, None, None, None, None, None]
n=5: 32367.2s, 59571208192 attempts, 25351384765 affine nodes, 11160 candidates; branch position 22, decisions 17, defined 22; template [0, 0, 0, 1, 0, 2, 4, 8, 0, 3, 14, 16, 21, 26, 13, 28, 0, 11, 25, 29, 7, 19, None, None, None, None, None, None, None, None, None, None]
n=5: 32387.2s, 59607072768 attempts, 25367399312 affine nodes, 11172 candidates; branch position 22, decisions 17, defined 22; template [0, 0, 0, 1, 0, 2, 4, 8, 0, 3, 14, 16, 21, 28, 9, 17, 0, 25, 30, 14, 14, 11, None, None, None, None, None, None, None, None, None, None]
n=5: 32407.2s, 59642986496 attempts, 25383047501 affine nodes, 11176 candidates; branch position 21, decisions 16, defined 21; template [0, 0, 0, 1, 0, 2, 4, 8, 0, 3, 14, 16, 21, 28, 23, 13, 0, 18, 3, 27, 27, None, None, None, None, None, None, None, None, None, None, None]
n=5: 32427.2s, 59678949376 attempts, 25399154257 affine nodes, 11176 candidates; branch position 23, decisions 18, defined 23; template [0, 0, 0, 1, 0, 2, 4, 8, 0, 3, 14, 16, 22, 25, 15, 21, 0, 8, 29, 25, 6, 20, 5, None, None, None, None, None, None, None, None, None]
n=5: 32447.2s, 59714764800 attempts, 25415482329 affine nodes, 11179 candidates; branch position 23, decisions 18, defined 23; template [0, 0, 0, 1, 0, 2, 4, 8, 0, 3, 14, 16, 22, 31, 6, 28, 0, 13, 28, 18, 10, 23, 27, None, None, None, None, None, None, None, None, None]
n=5: 32467.2s, 59750629376 attempts, 25432076763 affine nodes, 11197 candidates; branch position 21, decisions 16, defined 21; template [0, 0, 0, 1, 0, 2, 4, 8, 0, 3, 14, 16, 22, 31, 20, 19, 0, 23, 3, 17, 13, None, None, None, None, None, None, None, None, None, None, None]
n=5: 32487.2s, 59786543104 attempts, 25448537273 affine nodes, 11199 candidates; branch position 22, decisions 17, defined 22; template [0, 0, 0, 1, 0, 2, 4, 8, 0, 3, 14, 16, 23, 28, 6, 30, 0, 5, 29, 27, 20, 4, None, None, None, None, None, None, None, None, None, None]
n=5: 32507.2s, 59822522368 attempts, 25463364408 affine nodes, 11200 candidates; branch position 23, decisions 18, defined 23; template [0, 0, 0, 1, 0, 2, 4, 8, 0, 3, 14, 16, 23, 28, 31, 27, 0, 6, 30, 23, 15, 16, 10, None, None, None, None, None, None, None, None, None]
n=5: 32527.2s, 59858370560 attempts, 25479233906 affine nodes, 11200 candidates; branch position 22, decisions 17, defined 22; template [0, 0, 0, 1, 0, 2, 4, 8, 0, 3, 14, 16, 25, 22, 20, 15, 0, 10, 29, 5, 6, 23, None, None, None, None, None, None, None, None, None, None]
n=5: 32547.2s, 59894218752 attempts, 25495126384 affine nodes, 11205 candidates; branch position 23, decisions 18, defined 23; template [0, 0, 0, 1, 0, 2, 4, 8, 0, 3, 14, 16, 25, 28, 6, 21, 0, 17, 12, 3, 24, 10, 15, None, None, None, None, None, None, None, None, None]
n=5: 32567.2s, 59930181632 attempts, 25510957877 affine nodes, 11209 candidates; branch position 22, decisions 17, defined 22; template [0, 0, 0, 1, 0, 2, 4, 8, 0, 3, 14, 16, 25, 28, 27, 19, 0, 18, 5, 12, 10, 19, None, None, None, None, None, None, None, None, None, None]
n=5: 32587.2s, 59966111744 attempts, 25526715922 affine nodes, 11213 candidates; branch position 22, decisions 17, defined 22; template [0, 0, 0, 1, 0, 2, 4, 8, 0, 3, 14, 16, 26, 21, 23, 30, 0, 20, 9, 28, 16, 12, None, None, None, None, None, None, None, None, None, None]
n=5: 32607.2s, 60001992704 attempts, 25543052747 affine nodes, 11213 candidates; branch position 23, decisions 18, defined 23; template [0, 0, 0, 1, 0, 2, 4, 8, 0, 3, 14, 16, 27, 28, 6, 31, 0, 24, 9, 31, 22, 6, 30, None, None, None, None, None, None, None, None, None]
n=5: 32627.2s, 60038021120 attempts, 25559943869 affine nodes, 11213 candidates; branch position 22, decisions 17, defined 22; template [0, 0, 0, 1, 0, 2, 4, 8, 0, 3, 14, 16, 27, 28, 23, 17, 0, 5, 28, 14, 22, 3, None, None, None, None, None, None, None, None, None, None]
n=5: 32647.2s, 60073951232 attempts, 25577839830 affine nodes, 11214 candidates; branch position 23, decisions 18, defined 23; template [0, 0, 0, 1, 0, 2, 4, 8, 0, 3, 14, 16, 28, 21, 25, 13, 0, 15, 11, 30, 20, 28, 6, None, None, None, None, None, None, None, None, None]
n=5: 32667.2s, 60109832192 attempts, 25595242203 affine nodes, 11214 candidates; branch position 23, decisions 18, defined 23; template [0, 0, 0, 1, 0, 2, 4, 8, 0, 3, 14, 16, 28, 25, 5, 22, 0, 22, 21, 29, 1, 7, 25, None, None, None, None, None, None, None, None, None]
n=5: 32687.2s, 60145778688 attempts, 25611139553 affine nodes, 11216 candidates; branch position 22, decisions 17, defined 22; template [0, 0, 0, 1, 0, 2, 4, 8, 0, 3, 14, 16, 28, 25, 26, 15, 0, 27, 17, 22, 12, 20, None, None, None, None, None, None, None, None, None, None]
n=5: 32707.2s, 60181692416 attempts, 25627448800 affine nodes, 11216 candidates; branch position 23, decisions 18, defined 23; template [0, 0, 0, 1, 0, 2, 4, 8, 0, 3, 14, 16, 28, 27, 13, 23, 0, 28, 21, 3, 18, 13, 25, None, None, None, None, None, None, None, None, None]
n=5: 32727.2s, 60217655296 attempts, 25644149283 affine nodes, 11219 candidates; branch position 21, decisions 16, defined 21; template [0, 0, 0, 1, 0, 2, 4, 8, 0, 3, 14, 16, 28, 27, 31, 15, 0, 25, 7, 15, 5, None, None, None, None, None, None, None, None, None, None, None]
n=5: 32747.2s, 60253716480 attempts, 25663015530 affine nodes, 11219 candidates; branch position 21, decisions 16, defined 21; template [0, 0, 0, 1, 0, 2, 4, 8, 0, 3, 15, 16, 21, 27, 28, 6, 0, 5, 20, 28, 11, None, None, None, None, None, None, None, None, None, None, None]
n=5: 32767.2s, 60289761280 attempts, 25680031420 affine nodes, 11219 candidates; branch position 22, decisions 17, defined 22; template [0, 0, 0, 1, 0, 2, 4, 8, 0, 3, 15, 16, 27, 21, 10, 24, 0, 20, 6, 15, 16, 1, None, None, None, None, None, None, None, None, None, None]
n=5: 32787.3s, 60325986304 attempts, 25698889536 affine nodes, 11219 candidates; branch position 21, decisions 16, defined 21; template [0, 0, 0, 1, 0, 2, 4, 8, 0, 4, 3, 10, 5, 16, 20, 18, 0, 10, 30, 29, 3, None, None, None, None, None, None, None, None, None, None, None]
n=5: 32807.3s, 60362014720 attempts, 25716509309 affine nodes, 11222 candidates; branch position 23, decisions 18, defined 23; template [0, 0, 0, 1, 0, 2, 4, 8, 0, 4, 3, 10, 10, 15, 16, 9, 0, 17, 20, 28, 5, 23, 26, None, None, None, None, None, None, None, None, None]
n=5: 32827.3s, 60398174208 attempts, 25734331228 affine nodes, 11222 candidates; branch position 23, decisions 18, defined 23; template [0, 0, 0, 1, 0, 2, 4, 8, 0, 4, 3, 10, 10, 16, 27, 9, 0, 31, 27, 20, 6, 12, 14, None, None, None, None, None, None, None, None, None]
n=5: 32847.3s, 60434284544 attempts, 25752270738 affine nodes, 11222 candidates; branch position 21, decisions 16, defined 21; template [0, 0, 0, 1, 0, 2, 4, 8, 0, 4, 3, 10, 13, 3, 16, 23, 0, 29, 24, 14, 1, None, None, None, None, None, None, None, None, None, None, None]
n=5: 32867.3s, 60470378496 attempts, 25769162157 affine nodes, 11222 candidates; branch position 22, decisions 17, defined 22; template [0, 0, 0, 1, 0, 2, 4, 8, 0, 4, 3, 10, 13, 16, 25, 28, 0, 30, 18, 14, 16, 11, None, None, None, None, None, None, None, None, None, None]
n=5: 32887.3s, 60506537984 attempts, 25786084887 affine nodes, 11222 candidates; branch position 23, decisions 18, defined 23; template [0, 0, 0, 1, 0, 2, 4, 8, 0, 4, 3, 10, 15, 16, 13, 23, 0, 10, 29, 15, 18, 29, 1, None, None, None, None, None, None, None, None, None]
n=5: 32907.3s, 60542582784 attempts, 25802378136 affine nodes, 11222 candidates; branch position 22, decisions 17, defined 23; template [0, 0, 0, 1, 0, 2, 4, 8, 0, 4, 3, 10, 15, 16, 28, 18, 0, 15, 21, 18, 5, 24, None, None, None, None, 19, None, None, None, None, None]
n=5: 32927.3s, 60578643968 attempts, 25821101620 affine nodes, 11222 candidates; branch position 21, decisions 16, defined 21; template [0, 0, 0, 1, 0, 2, 4, 8, 0, 4, 3, 10, 16, 3, 21, 5, 0, 21, 22, 28, 26, None, None, None, None, None, None, None, None, None, None, None]
n=5: 32947.3s, 60614656000 attempts, 25839267730 affine nodes, 11222 candidates; branch position 22, decisions 17, defined 22; template [0, 0, 0, 1, 0, 2, 4, 8, 0, 4, 3, 10, 16, 3, 28, 31, 0, 16, 29, 22, 17, 4, None, None, None, None, None, None, None, None, None, None]
n=5: 32967.3s, 60650700800 attempts, 25856661354 affine nodes, 11224 candidates; branch position 22, decisions 17, defined 22; template [0, 0, 0, 1, 0, 2, 4, 8, 0, 4, 3, 10, 16, 12, 24, 29, 0, 7, 21, 19, 10, 4, None, None, None, None, None, None, None, None, None, None]
n=5: 32987.3s, 60686827520 attempts, 25874286031 affine nodes, 11224 candidates; branch position 24, decisions 19, defined 24; template [0, 0, 0, 1, 0, 2, 4, 8, 0, 4, 3, 10, 16, 15, 18, 25, 0, 25, 12, 17, 23, 6, 26, 18, None, None, None, None, None, None, None, None]
n=5: 33007.3s, 60722937856 attempts, 25892219447 affine nodes, 11226 candidates; branch position 23, decisions 18, defined 23; template [0, 0, 0, 1, 0, 2, 4, 8, 0, 4, 3, 10, 16, 15, 28, 13, 0, 30, 27, 12, 6, 29, 1, None, None, None, None, None, None, None, None, None]
n=5: 33027.3s, 60758949888 attempts, 25908883939 affine nodes, 11228 candidates; branch position 21, decisions 16, defined 21; template [0, 0, 0, 1, 0, 2, 4, 8, 0, 4, 3, 10, 16, 19, 22, 30, 0, 15, 19, 29, 29, None, None, None, None, None, None, None, None, None, None, None]
n=5: 33047.3s, 60794863616 attempts, 25925799434 affine nodes, 11228 candidates; branch position 22, decisions 17, defined 22; template [0, 0, 0, 1, 0, 2, 4, 8, 0, 4, 3, 10, 16, 21, 14, 9, 0, 29, 25, 9, 22, 28, None, None, None, None, None, None, None, None, None, None]
n=5: 33067.3s, 60830875648 attempts, 25943956319 affine nodes, 11228 candidates; branch position 21, decisions 16, defined 21; template [0, 0, 0, 1, 0, 2, 4, 8, 0, 4, 3, 10, 16, 23, 11, 21, 0, 31, 29, 14, 18, None, None, None, None, None, None, None, None, None, None, None]
n=5: 33087.3s, 60866822144 attempts, 25960603753 affine nodes, 11228 candidates; branch position 22, decisions 17, defined 22; template [0, 0, 0, 1, 0, 2, 4, 8, 0, 4, 3, 10, 16, 23, 27, 15, 0, 23, 19, 9, 7, 24, None, None, None, None, None, None, None, None, None, None]
n=5: 33107.3s, 60902785024 attempts, 25977302223 affine nodes, 11232 candidates; branch position 21, decisions 16, defined 21; template [0, 0, 0, 1, 0, 2, 4, 8, 0, 4, 3, 10, 16, 24, 22, 21, 0, 10, 20, 17, 29, None, None, None, None, None, None, None, None, None, None, None]
n=5: 33127.3s, 60938747904 attempts, 25994901293 affine nodes, 11232 candidates; branch position 21, decisions 16, defined 21; template [0, 0, 0, 1, 0, 2, 4, 8, 0, 4, 3, 10, 16, 26, 21, 5, 0, 18, 30, 3, 19, None, None, None, None, None, None, None, None, None, None, None]
n=5: 33147.3s, 60974825472 attempts, 26012121479 affine nodes, 11232 candidates; branch position 23, decisions 18, defined 23; template [0, 0, 0, 1, 0, 2, 4, 8, 0, 4, 3, 10, 16, 27, 18, 9, 0, 18, 16, 15, 12, 21, 11, None, None, None, None, None, None, None, None, None]
n=5: 33167.3s, 61010821120 attempts, 26028907739 affine nodes, 11232 candidates; branch position 22, decisions 17, defined 22; template [0, 0, 0, 1, 0, 2, 4, 8, 0, 4, 3, 10, 16, 29, 14, 13, 0, 11, 8, 2, 21, 13, None, None, None, None, None, None, None, None, None, None]
n=5: 33187.3s, 61046390784 attempts, 26044664313 affine nodes, 11235 candidates; branch position 22, decisions 17, defined 22; template [0, 0, 0, 1, 0, 2, 4, 8, 0, 4, 3, 10, 16, 30, 13, 25, 0, 17, 12, 25, 18, 12, None, None, None, None, None, None, None, None, None, None]
n=5: 33207.3s, 61082320896 attempts, 26060579013 affine nodes, 11235 candidates; branch position 22, decisions 17, defined 22; template [0, 0, 0, 1, 0, 2, 4, 8, 0, 4, 3, 10, 16, 31, 14, 5, 0, 28, 23, 5, 6, 27, None, None, None, None, None, None, None, None, None, None]
n=5: 33227.4s, 61116678144 attempts, 26076183459 affine nodes, 11236 candidates; branch position 23, decisions 18, defined 23; template [0, 0, 0, 1, 0, 2, 4, 8, 0, 4, 3, 12, 5, 14, 16, 30, 0, 24, 28, 31, 21, 4, 10, None, None, None, None, None, None, None, None, None]
n=5: 33247.4s, 61152034816 attempts, 26094439013 affine nodes, 11237 candidates; branch position 22, decisions 17, defined 22; template [0, 0, 0, 1, 0, 2, 4, 8, 0, 4, 3, 12, 10, 9, 16, 26, 0, 19, 6, 15, 1, 27, None, None, None, None, None, None, None, None, None, None]
n=5: 33267.4s, 61187424256 attempts, 26111706055 affine nodes, 11238 candidates; branch position 22, decisions 17, defined 22; template [0, 0, 0, 1, 0, 2, 4, 8, 0, 4, 3, 12, 10, 16, 29, 22, 0, 16, 14, 11, 11, 13, None, None, None, None, None, None, None, None, None, None]
n=5: 33287.4s, 61222633472 attempts, 26129970582 affine nodes, 11238 candidates; branch position 21, decisions 16, defined 21; template [0, 0, 0, 1, 0, 2, 4, 8, 0, 4, 3, 12, 16, 3, 21, 31, 0, 8, 12, 23, 5, None, None, None, None, None, None, None, None, None, None, None]
n=5: 33307.4s, 61257433088 attempts, 26147273814 affine nodes, 11238 candidates; branch position 23, decisions 18, defined 23; template [0, 0, 0, 1, 0, 2, 4, 8, 0, 4, 3, 12, 16, 3, 31, 13, 0, 29, 31, 22, 25, 15, 10, None, None, None, None, None, None, None, None, None]
n=5: 33327.4s, 61292363776 attempts, 26164228824 affine nodes, 11238 candidates; branch position 22, decisions 17, defined 22; template [0, 0, 0, 1, 0, 2, 4, 8, 0, 4, 3, 12, 16, 9, 28, 20, 0, 27, 6, 15, 20, 1, None, None, None, None, None, None, None, None, None, None]
n=5: 33347.4s, 61327835136 attempts, 26181584008 affine nodes, 11238 candidates; branch position 21, decisions 16, defined 21; template [0, 0, 0, 1, 0, 2, 4, 8, 0, 4, 3, 12, 16, 14, 22, 9, 0, 28, 30, 3, 12, None, None, None, None, None, None, None, None, None, None, None]
n=5: 33367.4s, 61363388416 attempts, 26198062764 affine nodes, 11238 candidates; branch position 24, decisions 19, defined 24; template [0, 0, 0, 1, 0, 2, 4, 8, 0, 4, 3, 12, 16, 19, 22, 13, 0, 24, 9, 3, 5, 18, 7, 23, None, None, None, None, None, None, None, None]
n=5: 33387.4s, 61397925888 attempts, 26214583195 affine nodes, 11238 candidates; branch position 21, decisions 16, defined 21; template [0, 0, 0, 1, 0, 2, 4, 8, 0, 4, 3, 12, 16, 21, 27, 18, 0, 23, 12, 15, 27, None, None, None, None, None, None, None, None, None, None, None]
n=5: 33407.4s, 61432479744 attempts, 26230206451 affine nodes, 11238 candidates; branch position 21, decisions 16, defined 21; template [0, 0, 0, 1, 0, 2, 4, 8, 0, 4, 3, 12, 16, 23, 29, 27, 0, 29, 31, 14, 25, None, None, None, None, None, None, None, None, None, None, None]
n=5: 33427.4s, 61467836416 attempts, 26246041869 affine nodes, 11240 candidates; branch position 22, decisions 17, defined 22; template [0, 0, 0, 1, 0, 2, 4, 8, 0, 4, 3, 12, 16, 27, 25, 30, 0, 17, 26, 10, 7, 31, None, None, None, None, None, None, None, None, None, None]
n=5: 33447.4s, 61503111168 attempts, 26262388866 affine nodes, 11240 candidates; branch position 22, decisions 17, defined 22; template [0, 0, 0, 1, 0, 2, 4, 8, 0, 4, 3, 13, 8, 16, 20, 23, 0, 25, 12, 11, 5, 23, None, None, None, None, None, None, None, None, None, None]
n=5: 33467.4s, 61537779712 attempts, 26278423912 affine nodes, 11240 candidates; branch position 23, decisions 18, defined 23; template [0, 0, 0, 1, 0, 2, 4, 8, 0, 4, 3, 13, 8, 16, 31, 21, 0, 22, 20, 5, 3, 19, 25, None, None, None, None, None, None, None, None, None]
n=5: 33487.4s, 61573152768 attempts, 26296677524 affine nodes, 11242 candidates; branch position 23, decisions 18, defined 23; template [0, 0, 0, 1, 0, 2, 4, 8, 0, 4, 3, 13, 10, 16, 19, 24, 0, 9, 11, 24, 19, 6, 21, None, None, None, None, None, None, None, None, None]
n=5: 33507.4s, 61608099840 attempts, 26313631997 affine nodes, 11242 candidates; branch position 22, decisions 17, defined 22; template [0, 0, 0, 1, 0, 2, 4, 8, 0, 4, 3, 13, 10, 16, 31, 21, 0, 7, 11, 19, 19, 4, None, None, None, None, None, None, None, None, None, None]
n=5: 33527.4s, 61643128832 attempts, 26331320235 affine nodes, 11244 candidates; branch position 22, decisions 17, defined 22; template [0, 0, 0, 1, 0, 2, 4, 8, 0, 4, 3, 13, 16, 3, 28, 14, 0, 9, 16, 26, 28, 12, None, None, None, None, None, None, None, None, None, None]
n=5: 33547.4s, 61678043136 attempts, 26348464479 affine nodes, 11244 candidates; branch position 23, decisions 18, defined 23; template [0, 0, 0, 1, 0, 2, 4, 8, 0, 4, 3, 13, 16, 12, 21, 30, 0, 29, 12, 21, 1, 16, 20, None, None, None, None, None, None, None, None, None]
n=5: 33567.4s, 61712121856 attempts, 26365256069 affine nodes, 11244 candidates; branch position 21, decisions 16, defined 21; template [0, 0, 0, 1, 0, 2, 4, 8, 0, 4, 3, 13, 16, 12, 31, 21, 0, 19, 24, 14, 30, None, None, None, None, None, None, None, None, None, None, None]
n=5: 33587.4s, 61746921472 attempts, 26381378168 affine nodes, 11244 candidates; branch position 23, decisions 18, defined 23; template [0, 0, 0, 1, 0, 2, 4, 8, 0, 4, 3, 13, 16, 15, 27, 30, 0, 13, 19, 25, 10, 16, 21, None, None, None, None, None, None, None, None, None]
n=5: 33607.5s, 61781262336 attempts, 26397677435 affine nodes, 11244 candidates; branch position 21, decisions 16, defined 21; template [0, 0, 0, 1, 0, 2, 4, 8, 0, 4, 3, 13, 16, 19, 31, 10, 0, 30, 23, 3, 21, None, None, None, None, None, None, None, None, None, None, None]
n=5: 33627.5s, 61815062528 attempts, 26412758821 affine nodes, 11249 candidates; branch position 21, decisions 16, defined 21; template [0, 0, 0, 1, 0, 2, 4, 8, 0, 4, 3, 13, 16, 23, 27, 14, 0, 16, 20, 18, 5, None, None, None, None, None, None, None, None, None, None, None]
n=5: 33647.5s, 61848977408 attempts, 26428593524 affine nodes, 11249 candidates; branch position 22, decisions 17, defined 22; template [0, 0, 0, 1, 0, 2, 4, 8, 0, 4, 3, 13, 16, 26, 24, 31, 0, 9, 19, 4, 22, 29, None, None, None, None, None, None, None, None, None, None]
n=5: 33667.5s, 61883858944 attempts, 26446967759 affine nodes, 11249 candidates; branch position 22, decisions 17, defined 22; template [0, 0, 0, 1, 0, 2, 4, 8, 0, 4, 3, 16, 5, 12, 25, 26, 0, 29, 15, 2, 1, 22, None, None, None, None, None, None, None, None, None, None]
n=5: 33687.5s, 61919363072 attempts, 26466969415 affine nodes, 11249 candidates; branch position 22, decisions 17, defined 22; template [0, 0, 0, 1, 0, 2, 4, 8, 0, 4, 3, 16, 5, 14, 23, 9, 0, 13, 9, 27, 27, 17, None, None, None, None, None, None, None, None, None, None]
n=5: 33707.5s, 61954457600 attempts, 26485248149 affine nodes, 11249 candidates; branch position 21, decisions 16, defined 21; template [0, 0, 0, 1, 0, 2, 4, 8, 0, 4, 3, 16, 5, 15, 11, 26, 0, 31, 8, 26, 13, None, None, None, None, None, None, None, None, None, None, None]
n=5: 33727.5s, 61989076992 attempts, 26503203956 affine nodes, 11249 candidates; branch position 22, decisions 17, defined 22; template [0, 0, 0, 1, 0, 2, 4, 8, 0, 4, 3, 16, 5, 15, 28, 26, 0, 14, 13, 5, 21, 16, None, None, None, None, None, None, None, None, None, None]
n=5: 33747.5s, 62024155136 attempts, 26521549742 affine nodes, 11250 candidates; branch position 21, decisions 16, defined 21; template [0, 0, 0, 1, 0, 2, 4, 8, 0, 4, 3, 16, 5, 17, 26, 28, 0, 14, 24, 5, 29, None, None, None, None, None, None, None, None, None, None, None]
n=5: 33767.5s, 62058430464 attempts, 26539556248 affine nodes, 11250 candidates; branch position 20, decisions 15, defined 20; template [0, 0, 0, 1, 0, 2, 4, 8, 0, 4, 3, 16, 5, 18, 11, 26, 0, 14, 13, 29, None, None, None, None, None, None, None, None, None, None, None, None]
n=5: 33787.5s, 62093279232 attempts, 26556505838 affine nodes, 11250 candidates; branch position 22, decisions 17, defined 22; template [0, 0, 0, 1, 0, 2, 4, 8, 0, 4, 3, 16, 5, 18, 30, 10, 0, 9, 21, 4, 20, 27, None, None, None, None, None, None, None, None, None, None]
n=5: 33807.5s, 62127702016 attempts, 26575046043 affine nodes, 11250 candidates; branch position 23, decisions 18, defined 23; template [0, 0, 0, 1, 0, 2, 4, 8, 0, 4, 3, 16, 5, 21, 28, 26, 0, 24, 18, 26, 6, 20, 10, None, None, None, None, None, None, None, None, None]
n=5: 33827.5s, 62160617472 attempts, 26592478001 affine nodes, 11250 candidates; branch position 22, decisions 17, defined 22; template [0, 0, 0, 1, 0, 2, 4, 8, 0, 4, 3, 16, 5, 23, 28, 26, 0, 28, 6, 27, 7, 16, None, None, None, None, None, None, None, None, None, None]
n=5: 33847.5s, 62194794496 attempts, 26609942523 affine nodes, 11251 candidates; branch position 21, decisions 16, defined 21; template [0, 0, 0, 1, 0, 2, 4, 8, 0, 4, 3, 16, 5, 26, 30, 24, 0, 26, 25, 23, 23, None, None, None, None, None, None, None, None, None, None, None]
n=5: 33867.5s, 62230134784 attempts, 26627958236 affine nodes, 11253 candidates; branch position 21, decisions 16, defined 21; template [0, 0, 0, 1, 0, 2, 4, 8, 0, 4, 3, 16, 8, 3, 13, 28, 0, 31, 22, 19, 24, None, None, None, None, None, None, None, None, None, None, None]
n=5: 33887.5s, 62265786368 attempts, 26647916718 affine nodes, 11253 candidates; branch position 23, decisions 18, defined 23; template [0, 0, 0, 1, 0, 2, 4, 8, 0, 4, 3, 16, 8, 3, 25, 30, 0, 28, 19, 5, 11, 25, 16, None, None, None, None, None, None, None, None, None]
n=5: 33907.5s, 62301192192 attempts, 26665542778 affine nodes, 11253 candidates; branch position 22, decisions 17, defined 22; template [0, 0, 0, 1, 0, 2, 4, 8, 0, 4, 3, 16, 8, 15, 20, 10, 0, 18, 12, 5, 10, 31, None, None, None, None, None, None, None, None, None, None]
n=5: 33927.5s, 62336122880 attempts, 26682360482 affine nodes, 11253 candidates; branch position 21, decisions 16, defined 21; template [0, 0, 0, 1, 0, 2, 4, 8, 0, 4, 3, 16, 8, 15, 29, 19, 0, 16, 8, 21, 14, None, None, None, None, None, None, None, None, None, None, None]
n=5: 33947.5s, 62371528704 attempts, 26698697842 affine nodes, 11254 candidates; branch position 22, decisions 17, defined 22; template [0, 0, 0, 1, 0, 2, 4, 8, 0, 4, 3, 16, 8, 17, 26, 31, 0, 27, 6, 20, 3, 11, None, None, None, None, None, None, None, None, None, None]
n=5: 33967.5s, 62406311936 attempts, 26715183979 affine nodes, 11254 candidates; branch position 20, decisions 15, defined 20; template [0, 0, 0, 1, 0, 2, 4, 8, 0, 4, 3, 16, 8, 18, 14, 31, 0, 16, 15, 24, None, None, None, None, None, None, None, None, None, None, None, None]
n=5: 33987.5s, 62439948288 attempts, 26731605747 affine nodes, 11254 candidates; branch position 22, decisions 17, defined 22; template [0, 0, 0, 1, 0, 2, 4, 8, 0, 4, 3, 16, 8, 18, 29, 21, 0, 23, 15, 31, 28, 10, None, None, None, None, None, None, None, None, None, None]
n=5: 34007.5s, 62475206656 attempts, 26748818192 affine nodes, 11254 candidates; branch position 23, decisions 18, defined 23; template [0, 0, 0, 1, 0, 2, 4, 8, 0, 4, 3, 16, 8, 21, 23, 30, 0, 21, 30, 29, 13, 20, 1, None, None, None, None, None, None, None, None, None]
n=5: 34027.6s, 62510235648 attempts, 26766385777 affine nodes, 11259 candidates; branch position 22, decisions 17, defined 22; template [0, 0, 0, 1, 0, 2, 4, 8, 0, 4, 3, 16, 8, 22, 25, 19, 0, 29, 11, 19, 19, 6, None, None, None, None, None, None, None, None, None, None]
n=5: 34047.6s, 62545723392 attempts, 26783638204 affine nodes, 11261 candidates; branch position 21, decisions 16, defined 21; template [0, 0, 0, 1, 0, 2, 4, 8, 0, 4, 3, 16, 8, 23, 14, 31, 0, 20, 15, 10, 31, None, None, None, None, None, None, None, None, None, None, None]
n=5: 34067.6s, 62581112832 attempts, 26802027523 affine nodes, 11263 candidates; branch position 23, decisions 18, defined 23; template [0, 0, 0, 1, 0, 2, 4, 8, 0, 4, 3, 16, 8, 25, 13, 23, 0, 15, 24, 19, 20, 4, 18, None, None, None, None, None, None, None, None, None]
n=5: 34087.6s, 62615666688 attempts, 26818633751 affine nodes, 11263 candidates; branch position 22, decisions 17, defined 22; template [0, 0, 0, 1, 0, 2, 4, 8, 0, 4, 3, 16, 8, 25, 29, 23, 0, 23, 30, 17, 15, 29, None, None, None, None, None, None, None, None, None, None]
n=5: 34107.6s, 62649335808 attempts, 26836366532 affine nodes, 11263 candidates; branch position 22, decisions 17, defined 22; template [0, 0, 0, 1, 0, 2, 4, 8, 0, 4, 3, 16, 8, 26, 23, 13, 0, 22, 26, 4, 15, 10, None, None, None, None, None, None, None, None, None, None]
n=5: 34127.6s, 62684495872 attempts, 26854079852 affine nodes, 11269 candidates; branch position 21, decisions 16, defined 21; template [0, 0, 0, 1, 0, 2, 4, 8, 0, 4, 3, 16, 8, 28, 17, 13, 0, 26, 24, 23, 7, None, None, None, None, None, None, None, None, None, None, None]
n=5: 34147.6s, 62719098880 attempts, 26871140972 affine nodes, 11273 candidates; branch position 21, decisions 16, defined 21; template [0, 0, 0, 1, 0, 2, 4, 8, 0, 4, 3, 16, 8, 29, 17, 27, 0, 20, 23, 31, 14, None, None, None, None, None, None, None, None, None, None, None]
n=5: 34167.6s, 62753685504 attempts, 26888370785 affine nodes, 11278 candidates; branch position 23, decisions 18, defined 23; template [0, 0, 0, 1, 0, 2, 4, 8, 0, 4, 3, 16, 8, 30, 13, 22, 0, 15, 11, 2, 19, 4, 1, None, None, None, None, None, None, None, None, None]
n=5: 34187.6s, 62787158016 attempts, 26903992248 affine nodes, 11286 candidates; branch position 22, decisions 17, defined 22; template [0, 0, 0, 1, 0, 2, 4, 8, 0, 4, 3, 16, 8, 30, 29, 27, 0, 31, 13, 20, 27, 10, None, None, None, None, None, None, None, None, None, None]
n=5: 34207.6s, 62822645760 attempts, 26920397684 affine nodes, 11286 candidates; branch position 22, decisions 17, defined 22; template [0, 0, 0, 1, 0, 2, 4, 8, 0, 4, 3, 16, 8, 31, 29, 22, 0, 27, 30, 12, 18, 24, None, None, None, None, None, None, None, None, None, None]
n=5: 34227.6s, 62857314304 attempts, 26940867420 affine nodes, 11286 candidates; branch position 22, decisions 17, defined 22; template [0, 0, 0, 1, 0, 2, 4, 8, 0, 4, 3, 16, 10, 3, 25, 30, 0, 13, 31, 3, 24, 12, None, None, None, None, None, None, None, None, None, None]
n=5: 34247.6s, 62891687936 attempts, 26959801124 affine nodes, 11286 candidates; branch position 23, decisions 18, defined 23; template [0, 0, 0, 1, 0, 2, 4, 8, 0, 4, 3, 16, 10, 9, 22, 19, 0, 25, 23, 17, 22, 3, 16, None, None, None, None, None, None, None, None, None]
n=5: 34267.6s, 62926503936 attempts, 26977102297 affine nodes, 11286 candidates; branch position 22, decisions 17, defined 22; template [0, 0, 0, 1, 0, 2, 4, 8, 0, 4, 3, 16, 10, 9, 29, 21, 0, 21, 17, 10, 20, 12, None, None, None, None, None, None, None, None, None, None]
n=5: 34287.6s, 62960533504 attempts, 26994670679 affine nodes, 11286 candidates; branch position 22, decisions 17, defined 22; template [0, 0, 0, 1, 0, 2, 4, 8, 0, 4, 3, 16, 10, 15, 22, 31, 0, 7, 13, 26, 6, 27, None, None, None, None, None, None, None, None, None, None]
n=5: 34307.6s, 62995611648 attempts, 27012300163 affine nodes, 11286 candidates; branch position 23, decisions 18, defined 23; template [0, 0, 0, 1, 0, 2, 4, 8, 0, 4, 3, 16, 10, 17, 2, 30, 0, 31, 14, 24, 3, 9, 31, None, None, None, None, None, None, None, None, None]
n=5: 34327.6s, 63030542336 attempts, 27029324331 affine nodes, 11292 candidates; branch position 21, decisions 16, defined 21; template [0, 0, 0, 1, 0, 2, 4, 8, 0, 4, 3, 16, 10, 17, 31, 28, 0, 15, 11, 17, 23, None, None, None, None, None, None, None, None, None, None, None]
n=5: 34347.6s, 63066505216 attempts, 27046289924 affine nodes, 11293 candidates; branch position 22, decisions 17, defined 22; template [0, 0, 0, 1, 0, 2, 4, 8, 0, 4, 3, 16, 10, 18, 27, 28, 0, 10, 19, 29, 20, 13, None, None, None, None, None, None, None, None, None, None]
n=5: 34367.6s, 63100829696 attempts, 27064067894 affine nodes, 11293 candidates; branch position 22, decisions 17, defined 22; template [0, 0, 0, 1, 0, 2, 4, 8, 0, 4, 3, 16, 10, 21, 17, 27, 0, 18, 16, 10, 13, 29, None, None, None, None, None, None, None, None, None, None]
n=5: 34387.7s, 63135711232 attempts, 27083050245 affine nodes, 11293 candidates; branch position 21, decisions 16, defined 21; template [0, 0, 0, 1, 0, 2, 4, 8, 0, 4, 3, 16, 10, 22, 2, 9, 0, 31, 6, 14, 30, None, None, None, None, None, None, None, None, None, None, None]
n=5: 34407.7s, 63169724416 attempts, 27100322517 affine nodes, 11293 candidates; branch position 23, decisions 17, defined 23; template [0, 0, 0, 1, 0, 2, 4, 8, 0, 4, 3, 16, 10, 22, 27, 24, 0, 15, 11, 31, 28, 12, 5, None, None, None, None, None, None, None, None, None]
n=5: 34427.7s, 63203229696 attempts, 27117463556 affine nodes, 11293 candidates; branch position 22, decisions 17, defined 22; template [0, 0, 0, 1, 0, 2, 4, 8, 0, 4, 3, 16, 10, 23, 26, 21, 0, 22, 29, 19, 11, 17, None, None, None, None, None, None, None, None, None, None]
n=5: 34447.7s, 63236931584 attempts, 27135788727 affine nodes, 11296 candidates; branch position 22, decisions 17, defined 22; template [0, 0, 0, 1, 0, 2, 4, 8, 0, 4, 3, 16, 10, 26, 22, 17, 0, 17, 8, 29, 5, 31, None, None, None, None, None, None, None, None, None, None]
n=5: 34467.7s, 63270141952 attempts, 27153058529 affine nodes, 11296 candidates; branch position 23, decisions 18, defined 23; template [0, 0, 0, 1, 0, 2, 4, 8, 0, 4, 3, 16, 10, 27, 15, 23, 0, 25, 18, 31, 16, 24, 10, None, None, None, None, None, None, None, None, None]
n=5: 34487.7s, 63305203712 attempts, 27169982515 affine nodes, 11298 candidates; branch position 21, decisions 16, defined 21; template [0, 0, 0, 1, 0, 2, 4, 8, 0, 4, 3, 16, 10, 28, 15, 5, 0, 14, 27, 30, 16, None, None, None, None, None, None, None, None, None, None, None]
n=5: 34507.7s, 63341379584 attempts, 27187431594 affine nodes, 11313 candidates; branch position 23, decisions 18, defined 23; template [0, 0, 0, 1, 0, 2, 4, 8, 0, 4, 3, 16, 10, 29, 15, 21, 0, 27, 22, 25, 23, 9, 30, None, None, None, None, None, None, None, None, None]
n=5: 34527.7s, 63377309696 attempts, 27205294242 affine nodes, 11319 candidates; branch position 21, decisions 16, defined 21; template [0, 0, 0, 1, 0, 2, 4, 8, 0, 4, 3, 16, 10, 30, 2, 27, 0, 29, 30, 27, 17, None, None, None, None, None, None, None, None, None, None, None]
n=5: 34547.7s, 63413927936 attempts, 27223634391 affine nodes, 11321 candidates; branch position 22, decisions 17, defined 22; template [0, 0, 0, 1, 0, 2, 4, 8, 0, 4, 3, 16, 10, 30, 28, 23, 0, 18, 14, 31, 21, 9, None, None, None, None, None, None, None, None, None, None]
n=5: 34567.7s, 63451217920 attempts, 27242761393 affine nodes, 11322 candidates; branch position 22, decisions 17, defined 22; template [0, 0, 0, 1, 0, 2, 4, 8, 0, 4, 3, 16, 10, 31, 27, 22, 0, 8, 30, 20, 18, 13, None, None, None, None, None, None, None, None, None, None]
n=5: 34587.7s, 63488540672 attempts, 27261549717 affine nodes, 11322 candidates; branch position 22, decisions 17, defined 22; template [0, 0, 0, 1, 0, 2, 4, 8, 0, 4, 3, 16, 13, 3, 22, 30, 0, 13, 9, 30, 29, 12, None, None, None, None, None, None, None, None, None, None]
n=5: 34607.7s, 63525715968 attempts, 27279648461 affine nodes, 11322 candidates; branch position 22, decisions 17, defined 22; template [0, 0, 0, 1, 0, 2, 4, 8, 0, 4, 3, 16, 13, 14, 2, 27, 0, 9, 19, 2, 24, 31, None, None, None, None, None, None, None, None, None, None]
n=5: 34627.7s, 63562792960 attempts, 27297587343 affine nodes, 11322 candidates; branch position 22, decisions 17, defined 22; template [0, 0, 0, 1, 0, 2, 4, 8, 0, 4, 3, 16, 13, 14, 27, 22, 0, 20, 27, 19, 25, 15, None, None, None, None, None, None, None, None, None, None]
n=5: 34647.7s, 63599706112 attempts, 27314899411 affine nodes, 11322 candidates; branch position 21, decisions 16, defined 21; template [0, 0, 0, 1, 0, 2, 4, 8, 0, 4, 3, 16, 13, 17, 15, 26, 0, 26, 31, 22, 8, None, None, None, None, None, None, None, None, None, None, None]
n=5: 34667.7s, 63635914752 attempts, 27332064579 affine nodes, 11322 candidates; branch position 20, decisions 15, defined 20; template [0, 0, 0, 1, 0, 2, 4, 8, 0, 4, 3, 16, 13, 17, 31, 23, 0, 7, 26, 17, None, None, None, None, None, None, None, None, None, None, None, None]
n=5: 34687.7s, 63672221696 attempts, 27349886126 affine nodes, 11322 candidates; branch position 22, decisions 17, defined 22; template [0, 0, 0, 1, 0, 2, 4, 8, 0, 4, 3, 16, 13, 18, 27, 30, 0, 7, 16, 12, 3, 27, None, None, None, None, None, None, None, None, None, None]
n=5: 34707.7s, 63708168192 attempts, 27367459340 affine nodes, 11322 candidates; branch position 23, decisions 18, defined 23; template [0, 0, 0, 1, 0, 2, 4, 8, 0, 4, 3, 16, 13, 21, 17, 24, 0, 29, 12, 10, 5, 28, 23, None, None, None, None, None, None, None, None, None]
n=5: 34727.7s, 63744163840 attempts, 27384439241 affine nodes, 11325 candidates; branch position 22, decisions 17, defined 22; template [0, 0, 0, 1, 0, 2, 4, 8, 0, 4, 3, 16, 13, 21, 31, 14, 0, 31, 19, 9, 14, 11, None, None, None, None, None, None, None, None, None, None]
n=5: 34747.7s, 63780028416 attempts, 27401443915 affine nodes, 11325 candidates; branch position 22, decisions 17, defined 22; template [0, 0, 0, 1, 0, 2, 4, 8, 0, 4, 3, 16, 13, 22, 28, 17, 0, 15, 21, 13, 20, 26, None, None, None, None, None, None, None, None, None, None]
n=5: 34767.7s, 63815778304 attempts, 27418508065 affine nodes, 11331 candidates; branch position 20, decisions 15, defined 20; template [0, 0, 0, 1, 0, 2, 4, 8, 0, 4, 3, 16, 13, 23, 27, 17, 0, 13, 31, 2, None, None, None, None, None, None, None, None, None, None, None, None]
n=5: 34787.7s, 63851560960 attempts, 27435719664 affine nodes, 11331 candidates; branch position 22, decisions 17, defined 23; template [0, 0, 0, 1, 0, 2, 4, 8, 0, 4, 3, 16, 13, 25, 15, 21, 0, 13, 23, 2, 16, 24, None, 19, None, None, None, None, None, None, None, None]
n=5: 34807.7s, 63888130048 attempts, 27452886159 affine nodes, 11331 candidates; branch position 22, decisions 17, defined 22; template [0, 0, 0, 1, 0, 2, 4, 8, 0, 4, 3, 16, 13, 25, 29, 22, 0, 26, 17, 31, 11, 14, None, None, None, None, None, None, None, None, None, None]
n=5: 34827.7s, 63925141504 attempts, 27470359797 affine nodes, 11334 candidates; branch position 22, decisions 17, defined 22; template [0, 0, 0, 1, 0, 2, 4, 8, 0, 4, 3, 16, 13, 26, 30, 24, 0, 17, 29, 9, 14, 11, None, None, None, None, None, None, None, None, None, None]
n=5: 34847.7s, 63963021312 attempts, 27487269162 affine nodes, 11338 candidates; branch position 22, decisions 17, defined 22; template [0, 0, 0, 1, 0, 2, 4, 8, 0, 4, 3, 16, 13, 27, 30, 23, 0, 27, 22, 9, 12, 29, None, None, None, None, None, None, None, None, None, None]
n=5: 34867.7s, 64000278528 attempts, 27504426414 affine nodes, 11338 candidates; branch position 23, decisions 18, defined 23; template [0, 0, 0, 1, 0, 2, 4, 8, 0, 4, 3, 16, 13, 28, 30, 19, 0, 27, 12, 28, 10, 1, 16, None, None, None, None, None, None, None, None, None]
n=5: 34887.7s, 64037847040 attempts, 27522603847 affine nodes, 11339 candidates; branch position 22, decisions 17, defined 22; template [0, 0, 0, 1, 0, 2, 4, 8, 0, 4, 3, 16, 13, 29, 22, 15, 0, 15, 25, 23, 27, 10, None, None, None, None, None, None, None, None, None, None]
n=5: 34907.7s, 64075513856 attempts, 27540734178 affine nodes, 11339 candidates; branch position 22, decisions 17, defined 22; template [0, 0, 0, 1, 0, 2, 4, 8, 0, 4, 3, 16, 13, 31, 20, 14, 0, 8, 18, 15, 20, 23, None, None, None, None, None, None, None, None, None, None]
n=5: 34927.8s, 64112640000 attempts, 27558492602 affine nodes, 11349 candidates; branch position 22, decisions 17, defined 22; template [0, 0, 0, 1, 0, 2, 4, 8, 0, 4, 3, 16, 14, 3, 20, 17, 0, 8, 16, 22, 28, 19, None, None, None, None, None, None, None, None, None, None]
n=5: 34947.8s, 64149028864 attempts, 27577284127 affine nodes, 11349 candidates; branch position 21, decisions 16, defined 22; template [0, 0, 0, 1, 0, 2, 4, 8, 0, 4, 3, 16, 14, 3, 29, 26, 0, 14, 28, 21, 25, None, None, 15, None, None, None, None, None, None, None, None]
n=5: 34967.8s, 64186318848 attempts, 27595339841 affine nodes, 11349 candidates; branch position 22, decisions 17, defined 22; template [0, 0, 0, 1, 0, 2, 4, 8, 0, 4, 3, 16, 14, 9, 23, 26, 0, 23, 12, 17, 22, 16, None, None, None, None, None, None, None, None, None, None]
n=5: 34987.8s, 64223723520 attempts, 27614026059 affine nodes, 11349 candidates; branch position 22, decisions 17, defined 22; template [0, 0, 0, 1, 0, 2, 4, 8, 0, 4, 3, 16, 14, 17, 11, 13, 0, 28, 16, 9, 12, 11, None, None, None, None, None, None, None, None, None, None]
n=5: 35007.8s, 64261734400 attempts, 27633511645 affine nodes, 11349 candidates; branch position 20, decisions 15, defined 20; template [0, 0, 0, 1, 0, 2, 4, 8, 0, 4, 3, 16, 14, 18, 11, 31, 0, 15, 29, 26, None, None, None, None, None, None, None, None, None, None, None, None]
n=5: 35027.8s, 64299106304 attempts, 27651074660 affine nodes, 11351 candidates; branch position 22, decisions 17, defined 22; template [0, 0, 0, 1, 0, 2, 4, 8, 0, 4, 3, 16, 14, 18, 31, 5, 0, 22, 26, 10, 29, 26, None, None, None, None, None, None, None, None, None, None]
n=5: 35047.8s, 64336330752 attempts, 27670043245 affine nodes, 11351 candidates; branch position 21, decisions 16, defined 21; template [0, 0, 0, 1, 0, 2, 4, 8, 0, 4, 3, 16, 14, 21, 25, 26, 0, 16, 25, 11, 11, None, None, None, None, None, None, None, None, None, None, None]
n=5: 35067.8s, 64373620736 attempts, 27688252936 affine nodes, 11357 candidates; branch position 22, decisions 17, defined 22; template [0, 0, 0, 1, 0, 2, 4, 8, 0, 4, 3, 16, 14, 22, 25, 5, 0, 26, 31, 10, 29, 13, None, None, None, None, None, None, None, None, None, None]
n=5: 35087.8s, 64411369472 attempts, 27706030334 affine nodes, 11357 candidates; branch position 22, decisions 17, defined 22; template [0, 0, 0, 1, 0, 2, 4, 8, 0, 4, 3, 16, 14, 23, 11, 27, 0, 9, 22, 25, 15, 12, None, None, None, None, None, None, None, None, None, None]
n=5: 35107.8s, 64449069056 attempts, 27723886127 affine nodes, 11357 candidates; branch position 21, decisions 16, defined 21; template [0, 0, 0, 1, 0, 2, 4, 8, 0, 4, 3, 16, 14, 25, 11, 17, 0, 31, 12, 29, 20, None, None, None, None, None, None, None, None, None, None, None]
n=5: 35127.8s, 64486227968 attempts, 27741353331 affine nodes, 11365 candidates; branch position 22, decisions 17, defined 22; template [0, 0, 0, 1, 0, 2, 4, 8, 0, 4, 3, 16, 14, 26, 11, 28, 0, 22, 9, 10, 26, 3, None, None, None, None, None, None, None, None, None, None]
n=5: 35147.8s, 64522977280 attempts, 27759723299 affine nodes, 11365 candidates; branch position 21, decisions 16, defined 21; template [0, 0, 0, 1, 0, 2, 4, 8, 0, 4, 3, 16, 14, 26, 31, 24, 0, 8, 12, 18, 31, None, None, None, None, None, None, None, None, None, None, None]
n=5: 35167.8s, 64560889856 attempts, 27777864536 affine nodes, 11367 candidates; branch position 21, decisions 16, defined 21; template [0, 0, 0, 1, 0, 2, 4, 8, 0, 4, 3, 16, 14, 27, 30, 29, 0, 31, 11, 13, 10, None, None, None, None, None, None, None, None, None, None, None]
n=5: 35187.8s, 64598474752 attempts, 27796143961 affine nodes, 11373 candidates; branch position 22, decisions 17, defined 22; template [0, 0, 0, 1, 0, 2, 4, 8, 0, 4, 3, 16, 14, 28, 30, 17, 0, 30, 17, 9, 6, 27, None, None, None, None, None, None, None, None, None, None]
n=5: 35207.8s, 64635633664 attempts, 27815607306 affine nodes, 11373 candidates; branch position 23, decisions 18, defined 23; template [0, 0, 0, 1, 0, 2, 4, 8, 0, 4, 3, 16, 14, 30, 27, 19, 0, 28, 22, 19, 7, 1, 26, None, None, None, None, None, None, None, None, None]
n=5: 35227.8s, 64673054720 attempts, 27833607638 affine nodes, 11374 candidates; branch position 22, decisions 17, defined 22; template [0, 0, 0, 1, 0, 2, 4, 8, 0, 4, 3, 16, 14, 31, 22, 29, 0, 7, 25, 20, 12, 19, None, None, None, None, None, None, None, None, None, None]
n=5: 35247.8s, 64711065600 attempts, 27852774960 affine nodes, 11374 candidates; branch position 21, decisions 16, defined 21; template [0, 0, 0, 1, 0, 2, 4, 8, 0, 4, 3, 16, 15, 12, 22, 19, 0, 25, 16, 11, 29, None, None, None, None, None, None, None, None, None, None, None]
n=5: 35267.8s, 64748027904 attempts, 27871118874 affine nodes, 11375 candidates; branch position 22, decisions 17, defined 22; template [0, 0, 0, 1, 0, 2, 4, 8, 0, 4, 3, 16, 15, 12, 31, 21, 0, 13, 21, 4, 3, 19, None, None, None, None, None, None, None, None, None, None]
n=5: 35287.8s, 64785825792 attempts, 27889244697 affine nodes, 11380 candidates; branch position 22, decisions 17, defined 22; template [0, 0, 0, 1, 0, 2, 4, 8, 0, 4, 3, 16, 15, 17, 29, 30, 0, 17, 13, 23, 18, 7, None, None, None, None, None, None, None, None, None, None]
n=5: 35307.8s, 64822476800 attempts, 27906683277 affine nodes, 11380 candidates; branch position 21, decisions 16, defined 21; template [0, 0, 0, 1, 0, 2, 4, 8, 0, 4, 3, 16, 15, 18, 25, 13, 0, 11, 19, 12, 12, None, None, None, None, None, None, None, None, None, None, None]
n=5: 35327.8s, 64860045312 attempts, 27925423243 affine nodes, 11386 candidates; branch position 22, decisions 17, defined 22; template [0, 0, 0, 1, 0, 2, 4, 8, 0, 4, 3, 16, 15, 21, 17, 27, 0, 13, 18, 29, 10, 20, None, None, None, None, None, None, None, None, None, None]
n=5: 35347.9s, 64896499712 attempts, 27943368155 affine nodes, 11386 candidates; branch position 21, decisions 16, defined 21; template [0, 0, 0, 1, 0, 2, 4, 8, 0, 4, 3, 16, 15, 22, 2, 10, 0, 26, 24, 21, 14, None, None, None, None, None, None, None, None, None, None, None]
n=5: 35367.9s, 64933380096 attempts, 27960095357 affine nodes, 11390 candidates; branch position 22, decisions 17, defined 22; template [0, 0, 0, 1, 0, 2, 4, 8, 0, 4, 3, 16, 15, 22, 29, 10, 0, 17, 31, 15, 1, 14, None, None, None, None, None, None, None, None, None, None]
n=5: 35387.9s, 64969490432 attempts, 27977032175 affine nodes, 11393 candidates; branch position 21, decisions 16, defined 21; template [0, 0, 0, 1, 0, 2, 4, 8, 0, 4, 3, 16, 15, 23, 25, 13, 0, 31, 9, 25, 21, None, None, None, None, None, None, None, None, None, None, None]
n=5: 35407.9s, 65005518848 attempts, 27993481290 affine nodes, 11393 candidates; branch position 22, decisions 17, defined 22; template [0, 0, 0, 1, 0, 2, 4, 8, 0, 4, 3, 16, 15, 25, 13, 21, 0, 31, 28, 17, 1, 10, None, None, None, None, None, None, None, None, None, None]
n=5: 35427.9s, 65041350656 attempts, 28010119720 affine nodes, 11393 candidates; branch position 22, decisions 17, defined 22; template [0, 0, 0, 1, 0, 2, 4, 8, 0, 4, 3, 16, 15, 26, 13, 5, 0, 25, 11, 17, 12, 1, None, None, None, None, None, None, None, None, None, None]
n=5: 35447.9s, 65076789248 attempts, 28028789661 affine nodes, 11393 candidates; branch position 21, decisions 16, defined 21; template [0, 0, 0, 1, 0, 2, 4, 8, 0, 4, 3, 16, 15, 26, 30, 17, 0, 27, 22, 19, 14, None, None, None, None, None, None, None, None, None, None, None]
n=5: 35467.9s, 65112457216 attempts, 28046118399 affine nodes, 11393 candidates; branch position 24, decisions 18, defined 24; template [0, 0, 0, 1, 0, 2, 4, 8, 0, 4, 3, 16, 15, 27, 22, 10, 0, 16, 8, 2, 5, 24, 27, 22, None, None, None, None, None, None, None, None]
n=5: 35487.9s, 65148256256 attempts, 28062421114 affine nodes, 11393 candidates; branch position 24, decisions 19, defined 24; template [0, 0, 0, 1, 0, 2, 4, 8, 0, 4, 3, 16, 15, 29, 9, 17, 0, 22, 25, 31, 6, 9, 28, 20, None, None, None, None, None, None, None, None]
n=5: 35507.9s, 65183744000 attempts, 28079455757 affine nodes, 11395 candidates; branch position 24, decisions 19, defined 24; template [0, 0, 0, 1, 0, 2, 4, 8, 0, 4, 3, 16, 15, 29, 30, 27, 0, 24, 29, 2, 31, 4, 19, 3, None, None, None, None, None, None, None, None]
n=5: 35527.9s, 65219330048 attempts, 28095974640 affine nodes, 11397 candidates; branch position 22, decisions 17, defined 22; template [0, 0, 0, 1, 0, 2, 4, 8, 0, 4, 3, 16, 15, 30, 26, 5, 0, 29, 11, 12, 20, 26, None, None, None, None, None, None, None, None, None, None]
n=5: 35547.9s, 65254522880 attempts, 28113248909 affine nodes, 11405 candidates; branch position 22, decisions 17, defined 22; template [0, 0, 0, 1, 0, 2, 4, 8, 0, 4, 3, 16, 15, 31, 13, 26, 0, 15, 16, 9, 12, 30, None, None, None, None, None, None, None, None, None, None]
n=5: 35567.9s, 65290272768 attempts, 28130952447 affine nodes, 11405 candidates; branch position 22, decisions 17, defined 22; template [0, 0, 0, 1, 0, 2, 4, 8, 0, 4, 3, 16, 25, 3, 14, 21, 0, 9, 13, 21, 8, 25, None, None, None, None, None, None, None, None, None, None]
n=5: 35587.9s, 65325514752 attempts, 28149432972 affine nodes, 11407 candidates; branch position 22, decisions 17, defined 22; template [0, 0, 0, 1, 0, 2, 4, 8, 0, 4, 3, 16, 25, 3, 28, 21, 0, 21, 17, 5, 20, 11, None, None, None, None, None, None, None, None, None, None]
n=5: 35607.9s, 65361330176 attempts, 28167503240 affine nodes, 11407 candidates; branch position 21, decisions 16, defined 21; template [0, 0, 0, 1, 0, 2, 4, 8, 0, 4, 3, 16, 25, 9, 28, 5, 0, 28, 31, 2, 14, None, None, None, None, None, None, None, None, None, None, None]
n=5: 35627.9s, 65397080064 attempts, 28184615452 affine nodes, 11409 candidates; branch position 22, decisions 17, defined 22; template [0, 0, 0, 1, 0, 2, 4, 8, 0, 4, 3, 16, 25, 12, 23, 5, 0, 9, 23, 12, 16, 10, None, None, None, None, None, None, None, None, None, None]
n=5: 35647.9s, 65432682496 attempts, 28201432931 affine nodes, 11416 candidates; branch position 24, decisions 19, defined 24; template [0, 0, 0, 1, 0, 2, 4, 8, 0, 4, 3, 16, 25, 14, 31, 28, 0, 9, 27, 4, 29, 24, 5, 11, None, None, None, None, None, None, None, None]
n=5: 35667.9s, 65468317696 attempts, 28217425622 affine nodes, 11425 candidates; branch position 21, decisions 16, defined 21; template [0, 0, 0, 1, 0, 2, 4, 8, 0, 4, 3, 16, 25, 17, 27, 10, 0, 23, 8, 13, 1, None, None, None, None, None, None, None, None, None, None, None]
n=5: 35687.9s, 65504067584 attempts, 28233891838 affine nodes, 11425 candidates; branch position 22, decisions 17, defined 22; template [0, 0, 0, 1, 0, 2, 4, 8, 0, 4, 3, 16, 25, 18, 28, 5, 0, 13, 14, 17, 30, 3, None, None, None, None, None, None, None, None, None, None]
n=5: 35707.9s, 65539883008 attempts, 28250452184 affine nodes, 11426 candidates; branch position 22, decisions 17, defined 22; template [0, 0, 0, 1, 0, 2, 4, 8, 0, 4, 3, 16, 25, 23, 28, 10, 0, 7, 26, 23, 12, 6, None, None, None, None, None, None, None, None, None, None]
n=5: 35727.9s, 65575649280 attempts, 28268088321 affine nodes, 11430 candidates; branch position 21, decisions 16, defined 21; template [0, 0, 0, 1, 0, 2, 4, 8, 0, 4, 3, 16, 26, 3, 17, 13, 0, 7, 18, 24, 23, None, None, None, None, None, None, None, None, None, None, None]
n=5: 35748.0s, 65611481088 attempts, 28285820240 affine nodes, 11430 candidates; branch position 22, decisions 17, defined 22; template [0, 0, 0, 1, 0, 2, 4, 8, 0, 4, 3, 16, 26, 12, 9, 17, 0, 16, 18, 23, 15, 4, None, None, None, None, None, None, None, None, None, None]
n=5: 35768.0s, 65647214592 attempts, 28303148227 affine nodes, 11432 candidates; branch position 22, decisions 17, defined 22; template [0, 0, 0, 1, 0, 2, 4, 8, 0, 4, 3, 16, 26, 14, 11, 21, 0, 7, 24, 29, 30, 19, None, None, None, None, None, None, None, None, None, None]
n=5: 35788.0s, 65682964480 attempts, 28320370686 affine nodes, 11432 candidates; branch position 21, decisions 16, defined 21; template [0, 0, 0, 1, 0, 2, 4, 8, 0, 4, 3, 16, 26, 15, 2, 24, 0, 23, 27, 17, 22, None, None, None, None, None, None, None, None, None, None, None]
n=5: 35808.0s, 65718730752 attempts, 28337253447 affine nodes, 11432 candidates; branch position 21, decisions 16, defined 21; template [0, 0, 0, 1, 0, 2, 4, 8, 0, 4, 3, 16, 26, 15, 28, 31, 0, 18, 27, 12, 17, None, None, None, None, None, None, None, None, None, None, None]
n=5: 35828.0s, 65754644480 attempts, 28354508865 affine nodes, 11433 candidates; branch position 21, decisions 16, defined 21; template [0, 0, 0, 1, 0, 2, 4, 8, 0, 4, 3, 16, 26, 18, 9, 21, 0, 25, 28, 17, 18, None, None, None, None, None, None, None, None, None, None, None]
n=5: 35848.0s, 65790427136 attempts, 28371292071 affine nodes, 11434 candidates; branch position 22, decisions 17, defined 22; template [0, 0, 0, 1, 0, 2, 4, 8, 0, 4, 3, 16, 26, 18, 28, 14, 0, 11, 18, 27, 8, 6, None, None, None, None, None, None, None, None, None, None]
n=5: 35868.0s, 65826177024 attempts, 28388800254 affine nodes, 11435 candidates; branch position 22, decisions 17, defined 22; template [0, 0, 0, 1, 0, 2, 4, 8, 0, 4, 3, 16, 26, 21, 23, 13, 0, 10, 19, 22, 7, 9, None, None, None, None, None, None, None, None, None, None]
n=5: 35888.0s, 65861959680 attempts, 28405794434 affine nodes, 11438 candidates; branch position 21, decisions 16, defined 21; template [0, 0, 0, 1, 0, 2, 4, 8, 0, 4, 3, 16, 26, 23, 20, 30, 0, 31, 19, 29, 11, None, None, None, None, None, None, None, None, None, None, None]
n=5: 35908.0s, 65897660416 attempts, 28422697285 affine nodes, 11444 candidates; branch position 22, decisions 17, defined 22; template [0, 0, 0, 1, 0, 2, 4, 8, 0, 4, 3, 16, 26, 25, 20, 30, 0, 7, 8, 24, 24, 15, None, None, None, None, None, None, None, None, None, None]
n=5: 35928.0s, 65933328384 attempts, 28439326820 affine nodes, 11448 candidates; branch position 24, decisions 19, defined 24; template [0, 0, 0, 1, 0, 2, 4, 8, 0, 4, 3, 16, 26, 29, 11, 22, 0, 11, 9, 23, 12, 10, 27, 7, None, None, None, None, None, None, None, None]
n=5: 35948.0s, 65969111040 attempts, 28455795820 affine nodes, 11449 candidates; branch position 23, decisions 18, defined 23; template [0, 0, 0, 1, 0, 2, 4, 8, 0, 4, 3, 16, 26, 31, 2, 5, 0, 26, 6, 17, 10, 22, 21, None, None, None, None, None, None, None, None, None]
n=5: 35968.0s, 66004877312 attempts, 28472779534 affine nodes, 11451 candidates; branch position 22, decisions 17, defined 22; template [0, 0, 0, 1, 0, 2, 4, 8, 0, 4, 3, 16, 26, 31, 20, 23, 0, 23, 18, 27, 28, 17, None, None, None, None, None, None, None, None, None, None]
n=5: 35988.0s, 66040610816 attempts, 28492072902 affine nodes, 11451 candidates; branch position 20, decisions 15, defined 20; template [0, 0, 0, 1, 0, 2, 4, 8, 0, 4, 3, 16, 28, 3, 15, 31, 0, 30, 27, 19, None, None, None, None, None, None, None, None, None, None, None, None]
n=5: 36008.0s, 66076409856 attempts, 28511275842 affine nodes, 11451 candidates; branch position 23, decisions 18, defined 23; template [0, 0, 0, 1, 0, 2, 4, 8, 0, 4, 3, 16, 28, 9, 11, 22, 0, 26, 22, 28, 3, 10, 29, None, None, None, None, None, None, None, None, None]
n=5: 36028.0s, 66112077824 attempts, 28529763334 affine nodes, 11451 candidates; branch position 21, decisions 16, defined 21; template [0, 0, 0, 1, 0, 2, 4, 8, 0, 4, 3, 16, 28, 12, 9, 23, 0, 18, 9, 15, 20, None, None, None, None, None, None, None, None, None, None, None]
n=5: 36048.0s, 66147958784 attempts, 28548957547 affine nodes, 11451 candidates; branch position 22, decisions 17, defined 22; template [0, 0, 0, 1, 0, 2, 4, 8, 0, 4, 3, 16, 28, 12, 30, 23, 0, 27, 8, 3, 24, 13, None, None, None, None, None, None, None, None, None, None]
n=5: 36068.0s, 66183495680 attempts, 28566677661 affine nodes, 11452 candidates; branch position 22, decisions 17, defined 22; template [0, 0, 0, 1, 0, 2, 4, 8, 0, 4, 3, 16, 28, 17, 14, 30, 0, 28, 31, 26, 29, 10, None, None, None, None, None, None, None, None, None, None]
n=5: 36088.0s, 66219327488 attempts, 28583374498 affine nodes, 11454 candidates; branch position 21, decisions 16, defined 21; template [0, 0, 0, 1, 0, 2, 4, 8, 0, 4, 3, 16, 28, 18, 25, 15, 0, 11, 22, 2, 12, None, None, None, None, None, None, None, None, None, None, None]
n=5: 36108.0s, 66255159296 attempts, 28601866786 affine nodes, 11455 candidates; branch position 23, decisions 18, defined 23; template [0, 0, 0, 1, 0, 2, 4, 8, 0, 4, 3, 16, 28, 22, 15, 24, 0, 7, 13, 21, 27, 13, 30, None, None, None, None, None, None, None, None, None]
n=5: 36128.1s, 66291122176 attempts, 28619078163 affine nodes, 11455 candidates; branch position 22, decisions 17, defined 22; template [0, 0, 0, 1, 0, 2, 4, 8, 0, 4, 3, 16, 28, 25, 26, 5, 0, 23, 27, 28, 10, 9, None, None, None, None, None, None, None, None, None, None]
n=5: 36148.1s, 66326904832 attempts, 28636700454 affine nodes, 11455 candidates; branch position 23, decisions 18, defined 23; template [0, 0, 0, 1, 0, 2, 4, 8, 0, 4, 3, 16, 29, 3, 31, 10, 0, 31, 18, 17, 11, 4, 13, None, None, None, None, None, None, None, None, None]
n=5: 36168.1s, 66362785792 attempts, 28653562914 affine nodes, 11455 candidates; branch position 21, decisions 16, defined 21; template [0, 0, 0, 1, 0, 2, 4, 8, 0, 4, 3, 16, 29, 12, 14, 17, 0, 15, 23, 26, 28, None, None, None, None, None, None, None, None, None, None, None]
n=5: 36188.1s, 66398453760 attempts, 28670363025 affine nodes, 11463 candidates; branch position 22, decisions 17, defined 22; template [0, 0, 0, 1, 0, 2, 4, 8, 0, 4, 3, 16, 29, 15, 13, 23, 0, 24, 19, 15, 10, 21, None, None, None, None, None, None, None, None, None, None]
n=5: 36208.1s, 66434105344 attempts, 28686430232 affine nodes, 11467 candidates; branch position 20, decisions 15, defined 20; template [0, 0, 0, 1, 0, 2, 4, 8, 0, 4, 3, 16, 29, 21, 14, 30, 0, 27, 18, 5, None, None, None, None, None, None, None, None, None, None, None, None]
n=5: 36228.1s, 66469789696 attempts, 28703493623 affine nodes, 11468 candidates; branch position 21, decisions 16, defined 21; template [0, 0, 0, 1, 0, 2, 4, 8, 0, 4, 3, 16, 29, 23, 27, 5, 0, 11, 16, 22, 1, None, None, None, None, None, None, None, None, None, None, None]
n=5: 36248.1s, 66505243653 attempts, 28721545216 affine nodes, 11473 candidates; branch position 18, decisions 13, defined 19; template [0, 0, 0, 1, 0, 2, 4, 8, 0, 4, 3, 16, 30, 3, 22, 10, 0, 21, 25, None, None, None, None, None, None, None, None, None, None, None, None, None]
n=5: 36268.1s, 66540699648 attempts, 28739197919 affine nodes, 11473 candidates; branch position 22, decisions 17, defined 22; template [0, 0, 0, 1, 0, 2, 4, 8, 0, 4, 3, 16, 30, 9, 22, 17, 0, 11, 15, 30, 6, 19, None, None, None, None, None, None, None, None, None, None]
n=5: 36288.1s, 66576416768 attempts, 28756552207 affine nodes, 11475 candidates; branch position 21, decisions 16, defined 21; template [0, 0, 0, 1, 0, 2, 4, 8, 0, 4, 3, 16, 30, 12, 17, 10, 0, 29, 18, 11, 6, None, None, None, None, None, None, None, None, None, None, None]
n=5: 36308.1s, 66612101120 attempts, 28775086877 affine nodes, 11478 candidates; branch position 22, decisions 17, defined 22; template [0, 0, 0, 1, 0, 2, 4, 8, 0, 4, 3, 16, 30, 14, 17, 5, 0, 28, 22, 11, 27, 4, None, None, None, None, None, None, None, None, None, None]
n=5: 36328.1s, 66647998464 attempts, 28792333907 affine nodes, 11479 candidates; branch position 21, decisions 16, defined 21; template [0, 0, 0, 1, 0, 2, 4, 8, 0, 4, 3, 16, 30, 15, 13, 29, 0, 7, 14, 22, 28, None, None, None, None, None, None, None, None, None, None, None]
n=5: 36348.1s, 66683551744 attempts, 28809176621 affine nodes, 11483 candidates; branch position 22, decisions 17, defined 22; template [0, 0, 0, 1, 0, 2, 4, 8, 0, 4, 3, 16, 30, 17, 13, 29, 0, 28, 23, 17, 11, 6, None, None, None, None, None, None, None, None, None, None]
n=5: 36368.1s, 66719252480 attempts, 28826191193 affine nodes, 11483 candidates; branch position 22, decisions 17, defined 22; template [0, 0, 0, 1, 0, 2, 4, 8, 0, 4, 3, 16, 30, 21, 15, 9, 0, 16, 12, 11, 14, 19, None, None, None, None, None, None, None, None, None, None]
n=5: 36388.1s, 66754936832 attempts, 28844059343 affine nodes, 11485 candidates; branch position 22, decisions 17, defined 23; template [0, 0, 0, 1, 0, 2, 4, 8, 0, 4, 3, 16, 30, 22, 9, 17, 0, 15, 25, 23, 23, 1, None, None, None, None, None, 0, None, None, None, None]
n=5: 36408.1s, 66790086528 attempts, 28860481536 affine nodes, 11491 candidates; branch position 18, decisions 13, defined 19; template [0, 0, 0, 1, 0, 2, 4, 8, 0, 4, 3, 16, 30, 23, 2, 9, 0, 30, 19, None, None, None, None, None, None, None, None, None, None, None, None, None]
n=5: 36428.1s, 66825764864 attempts, 28878856729 affine nodes, 11491 candidates; branch position 22, decisions 17, defined 22; template [0, 0, 0, 1, 0, 2, 4, 8, 0, 4, 3, 16, 30, 25, 2, 21, 0, 9, 17, 12, 20, 28, None, None, None, None, None, None, None, None, None, None]
n=5: 36448.1s, 66861318144 attempts, 28895459581 affine nodes, 11491 candidates; branch position 21, decisions 16, defined 21; template [0, 0, 0, 1, 0, 2, 4, 8, 0, 4, 3, 16, 30, 25, 27, 10, 0, 9, 23, 18, 14, None, None, None, None, None, None, None, None, None, None, None]
n=5: 36468.1s, 66896379904 attempts, 28911848533 affine nodes, 11497 candidates; branch position 21, decisions 16, defined 21; template [0, 0, 0, 1, 0, 2, 4, 8, 0, 4, 3, 16, 30, 27, 15, 9, 0, 29, 31, 10, 26, None, None, None, None, None, None, None, None, None, None, None]
n=5: 36488.1s, 66932047872 attempts, 28928461170 affine nodes, 11499 candidates; branch position 22, decisions 17, defined 22; template [0, 0, 0, 1, 0, 2, 4, 8, 0, 4, 3, 16, 30, 29, 11, 26, 0, 30, 29, 19, 24, 12, None, None, None, None, None, None, None, None, None, None]
n=5: 36508.1s, 66967453696 attempts, 28946013572 affine nodes, 11500 candidates; branch position 22, decisions 17, defined 22; template [0, 0, 0, 1, 0, 2, 4, 8, 0, 4, 6, 11, 8, 16, 1, 19, 0, 23, 25, 4, 15, 20, None, None, None, None, None, None, None, None, None, None]
n=5: 36528.1s, 67003121664 attempts, 28963870910 affine nodes, 11500 candidates; branch position 24, decisions 19, defined 24; template [0, 0, 0, 1, 0, 2, 4, 8, 0, 4, 6, 11, 8, 16, 29, 13, 0, 18, 27, 30, 17, 4, 20, 29, None, None, None, None, None, None, None, None]
n=5: 36548.1s, 67038871552 attempts, 28981039298 affine nodes, 11500 candidates; branch position 21, decisions 16, defined 21; template [0, 0, 0, 1, 0, 2, 4, 8, 0, 4, 6, 11, 11, 16, 7, 19, 0, 30, 16, 21, 15, None, None, None, None, None, None, None, None, None, None, None]
n=5: 36568.1s, 67074424832 attempts, 28997702905 affine nodes, 11500 candidates; branch position 22, decisions 17, defined 22; template [0, 0, 0, 1, 0, 2, 4, 8, 0, 4, 6, 11, 11, 16, 29, 18, 0, 23, 13, 20, 15, 17, None, None, None, None, None, None, None, None, None, None]
n=5: 36588.1s, 67110125568 attempts, 29014683446 affine nodes, 11500 candidates; branch position 22, decisions 17, defined 22; template [0, 0, 0, 1, 0, 2, 4, 8, 0, 4, 6, 11, 13, 16, 20, 28, 0, 19, 31, 5, 8, 22, None, None, None, None, None, None, None, None, None, None]
n=5: 36608.2s, 67145760768 attempts, 29031111944 affine nodes, 11500 candidates; branch position 22, decisions 17, defined 22; template [0, 0, 0, 1, 0, 2, 4, 8, 0, 4, 6, 11, 13, 16, 31, 10, 0, 7, 29, 22, 27, 17, None, None, None, None, None, None, None, None, None, None]
n=5: 36628.2s, 67181608960 attempts, 29048651271 affine nodes, 11501 candidates; branch position 22, decisions 17, defined 22; template [0, 0, 0, 1, 0, 2, 4, 8, 0, 4, 6, 11, 16, 1, 29, 10, 0, 26, 30, 13, 19, 11, None, None, None, None, None, None, None, None, None, None]
n=5: 36648.2s, 67217424384 attempts, 29066594638 affine nodes, 11502 candidates; branch position 22, decisions 17, defined 22; template [0, 0, 0, 1, 0, 2, 4, 8, 0, 4, 6, 11, 16, 9, 23, 31, 0, 31, 11, 28, 21, 13, None, None, None, None, None, None, None, None, None, None]
n=5: 36668.2s, 67253239808 attempts, 29084549434 affine nodes, 11502 candidates; branch position 22, decisions 17, defined 22; template [0, 0, 0, 1, 0, 2, 4, 8, 0, 4, 6, 11, 16, 12, 1, 31, 0, 24, 28, 12, 3, 6, None, None, None, None, None, None, None, None, None, None]
n=5: 36688.2s, 67289022464 attempts, 29101043789 affine nodes, 11502 candidates; branch position 21, decisions 16, defined 21; template [0, 0, 0, 1, 0, 2, 4, 8, 0, 4, 6, 11, 16, 12, 29, 20, 0, 10, 30, 9, 5, None, None, None, None, None, None, None, None, None, None, None]
n=5: 36708.2s, 67324706816 attempts, 29117406709 affine nodes, 11502 candidates; branch position 22, decisions 17, defined 22; template [0, 0, 0, 1, 0, 2, 4, 8, 0, 4, 6, 11, 16, 19, 29, 20, 0, 15, 22, 30, 12, 10, None, None, None, None, None, None, None, None, None, None]
n=5: 36728.2s, 67360473088 attempts, 29133575620 affine nodes, 11502 candidates; branch position 23, decisions 18, defined 23; template [0, 0, 0, 1, 0, 2, 4, 8, 0, 4, 6, 11, 16, 23, 10, 21, 0, 26, 3, 31, 6, 29, 25, None, None, None, None, None, None, None, None, None]
n=5: 36748.2s, 67396190208 attempts, 29150150272 affine nodes, 11502 candidates; branch position 22, decisions 17, defined 22; template [0, 0, 0, 1, 0, 2, 4, 8, 0, 4, 6, 11, 16, 24, 1, 26, 0, 23, 12, 30, 6, 3, None, None, None, None, None, None, None, None, None, None]
n=5: 36768.2s, 67431825408 attempts, 29167299019 affine nodes, 11505 candidates; branch position 21, decisions 16, defined 21; template [0, 0, 0, 1, 0, 2, 4, 8, 0, 4, 6, 11, 16, 25, 7, 23, 0, 30, 13, 21, 12, None, None, None, None, None, None, None, None, None, None, None]
n=5: 36788.2s, 67467493376 attempts, 29185296628 affine nodes, 11505 candidates; branch position 20, decisions 15, defined 20; template [0, 0, 0, 1, 0, 2, 4, 8, 0, 4, 6, 11, 16, 26, 1, 20, 0, 8, 29, 10, None, None, None, None, None, None, None, None, None, None, None, None]
n=5: 36808.2s, 67503259648 attempts, 29201183635 affine nodes, 11507 candidates; branch position 22, decisions 17, defined 22; template [0, 0, 0, 1, 0, 2, 4, 8, 0, 4, 6, 11, 16, 27, 1, 25, 0, 18, 24, 13, 30, 17, None, None, None, None, None, None, None, None, None, None]
n=5: 36828.2s, 67539009536 attempts, 29217508842 affine nodes, 11507 candidates; branch position 22, decisions 17, defined 22; template [0, 0, 0, 1, 0, 2, 4, 8, 0, 4, 6, 11, 16, 30, 1, 23, 0, 21, 25, 16, 13, 11, None, None, None, None, None, None, None, None, None, None]
n=5: 36848.2s, 67574792192 attempts, 29234976575 affine nodes, 11507 candidates; branch position 23, decisions 17, defined 23; template [0, 0, 0, 1, 0, 2, 4, 8, 0, 4, 6, 11, 16, 31, 1, 28, 0, 9, 14, 5, 5, 27, 2, None, None, None, None, None, None, None, None, None]
n=5: 36868.2s, 67610624000 attempts, 29253154482 affine nodes, 11508 candidates; branch position 22, decisions 17, defined 22; template [0, 0, 0, 1, 0, 2, 4, 8, 0, 4, 6, 12, 10, 3, 16, 27, 0, 20, 13, 27, 21, 13, None, None, None, None, None, None, None, None, None, None]
n=5: 36888.2s, 67646717952 attempts, 29273813890 affine nodes, 11508 candidates; branch position 22, decisions 17, defined 22; template [0, 0, 0, 1, 0, 2, 4, 8, 0, 4, 6, 12, 11, 3, 16, 30, 0, 29, 15, 31, 20, 6, None, None, None, None, None, None, None, None, None, None]
n=5: 36908.2s, 67682593133 attempts, 29293281280 affine nodes, 11508 candidates; branch position 18, decisions 13, defined 19; template [0, 0, 0, 1, 0, 2, 4, 8, 0, 4, 6, 12, 16, 3, 13, 25, 0, 9, 14, None, None, None, None, None, None, None, None, None, None, None, None, None]
n=5: 36928.2s, 67718479872 attempts, 29313517019 affine nodes, 11508 candidates; branch position 22, decisions 17, defined 22; template [0, 0, 0, 1, 0, 2, 4, 8, 0, 4, 6, 12, 16, 3, 30, 25, 0, 27, 3, 11, 5, 24, None, None, None, None, None, None, None, None, None, None]
n=5: 36948.2s, 67754475520 attempts, 29333569659 affine nodes, 11508 candidates; branch position 22, decisions 17, defined 22; template [0, 0, 0, 1, 0, 2, 4, 8, 0, 4, 6, 12, 16, 9, 30, 21, 0, 17, 12, 28, 31, 12, None, None, None, None, None, None, None, None, None, None]
n=5: 36968.2s, 67790340096 attempts, 29351482328 affine nodes, 11508 candidates; branch position 23, decisions 18, defined 23; template [0, 0, 0, 1, 0, 2, 4, 8, 0, 4, 6, 12, 16, 19, 25, 10, 0, 16, 29, 21, 13, 4, 15, None, None, None, None, None, None, None, None, None]
n=5: 36988.2s, 67826237440 attempts, 29369646595 affine nodes, 11508 candidates; branch position 22, decisions 17, defined 22; template [0, 0, 0, 1, 0, 2, 4, 8, 0, 4, 6, 12, 16, 21, 31, 9, 0, 9, 26, 23, 20, 4, None, None, None, None, None, None, None, None, None, None]
n=5: 37008.2s, 67861970944 attempts, 29389627508 affine nodes, 11508 candidates; branch position 22, decisions 17, defined 22; template [0, 0, 0, 1, 0, 2, 4, 8, 0, 4, 6, 12, 16, 24, 29, 19, 0, 29, 3, 18, 18, 23, None, None, None, None, None, None, None, None, None, None]
n=5: 37028.2s, 67897999360 attempts, 29408335002 affine nodes, 11508 candidates; branch position 22, decisions 17, defined 22; template [0, 0, 0, 1, 0, 2, 4, 8, 0, 4, 6, 13, 8, 15, 16, 19, 0, 13, 19, 15, 12, 20, None, None, None, None, None, None, None, None, None, None]
n=5: 37048.2s, 67933863936 attempts, 29426850273 affine nodes, 11508 candidates; branch position 22, decisions 17, defined 22; template [0, 0, 0, 1, 0, 2, 4, 8, 0, 4, 6, 13, 8, 16, 28, 27, 0, 18, 27, 17, 11, 23, None, None, None, None, None, None, None, None, None, None]
n=5: 37068.2s, 67969875968 attempts, 29445298058 affine nodes, 11508 candidates; branch position 22, decisions 17, defined 22; template [0, 0, 0, 1, 0, 2, 4, 8, 0, 4, 6, 13, 10, 16, 9, 24, 0, 10, 26, 5, 5, 28, None, None, None, None, None, None, None, None, None, None]
n=5: 37088.2s, 68005625856 attempts, 29463270485 affine nodes, 11508 candidates; branch position 21, decisions 16, defined 21; template [0, 0, 0, 1, 0, 2, 4, 8, 0, 4, 6, 13, 16, 1, 10, 23, 0, 21, 13, 29, 11, None, None, None, None, None, None, None, None, None, None, None]
n=5: 37108.2s, 68041310208 attempts, 29481863082 affine nodes, 11508 candidates; branch position 23, decisions 18, defined 23; template [0, 0, 0, 1, 0, 2, 4, 8, 0, 4, 6, 13, 16, 1, 31, 10, 0, 24, 19, 29, 1, 9, 30, None, None, None, None, None, None, None, None, None]
n=5: 37128.3s, 68076929024 attempts, 29500827559 affine nodes, 11508 candidates; branch position 22, decisions 17, defined 22; template [0, 0, 0, 1, 0, 2, 4, 8, 0, 4, 6, 13, 16, 3, 29, 30, 0, 7, 30, 11, 12, 4, None, None, None, None, None, None, None, None, None, None]
n=5: 37148.3s, 68112547840 attempts, 29518644193 affine nodes, 11508 candidates; branch position 20, decisions 15, defined 20; template [0, 0, 0, 1, 0, 2, 4, 8, 0, 4, 6, 13, 16, 11, 28, 27, 0, 29, 3, 18, None, None, None, None, None, None, None, None, None, None, None, None]
n=5: 37168.3s, 68148248576 attempts, 29536629234 affine nodes, 11508 candidates; branch position 22, decisions 17, defined 22; template [0, 0, 0, 1, 0, 2, 4, 8, 0, 4, 6, 13, 16, 12, 29, 26, 0, 8, 30, 19, 1, 21, None, None, None, None, None, None, None, None, None, None]
n=5: 37188.3s, 68183883776 attempts, 29554678470 affine nodes, 11508 candidates; branch position 22, decisions 17, defined 22; template [0, 0, 0, 1, 0, 2, 4, 8, 0, 4, 6, 13, 16, 15, 30, 25, 0, 14, 16, 22, 21, 29, None, None, None, None, None, None, None, None, None, None]
n=5: 37208.3s, 68219256832 attempts, 29572476660 affine nodes, 11508 candidates; branch position 22, decisions 17, defined 22; template [0, 0, 0, 1, 0, 2, 4, 8, 0, 4, 6, 13, 16, 23, 27, 11, 0, 10, 20, 25, 26, 4, None, None, None, None, None, None, None, None, None, None]
n=5: 37228.3s, 68254777344 attempts, 29592447729 affine nodes, 11508 candidates; branch position 22, decisions 17, defined 22; template [0, 0, 0, 1, 0, 2, 4, 8, 0, 4, 6, 16, 8, 1, 20, 27, 0, 18, 29, 23, 13, 17, None, None, None, None, None, None, None, None, None, None]
n=5: 37248.3s, 68290543616 attempts, 29612498127 affine nodes, 11508 candidates; branch position 22, decisions 17, defined 22; template [0, 0, 0, 1, 0, 2, 4, 8, 0, 4, 6, 16, 8, 3, 25, 22, 0, 23, 16, 11, 26, 14, None, None, None, None, None, None, None, None, None, None]
n=5: 37268.3s, 68326146048 attempts, 29630860283 affine nodes, 11508 candidates; branch position 22, decisions 17, defined 22; template [0, 0, 0, 1, 0, 2, 4, 8, 0, 4, 6, 16, 8, 11, 20, 26, 0, 23, 26, 10, 12, 6, None, None, None, None, None, None, None, None, None, None]
n=5: 37288.3s, 68361240576 attempts, 29647324668 affine nodes, 11508 candidates; branch position 22, decisions 17, defined 22; template [0, 0, 0, 1, 0, 2, 4, 8, 0, 4, 6, 16, 8, 11, 31, 17, 0, 27, 31, 21, 5, 28, None, None, None, None, None, None, None, None, None, None]
n=5: 37308.3s, 68396417024 attempts, 29664712010 affine nodes, 11508 candidates; branch position 23, decisions 18, defined 23; template [0, 0, 0, 1, 0, 2, 4, 8, 0, 4, 6, 16, 8, 15, 27, 22, 0, 27, 8, 11, 21, 26, 23, None, None, None, None, None, None, None, None, None]
n=5: 37328.3s, 68431904768 attempts, 29682405782 affine nodes, 11509 candidates; branch position 22, decisions 17, defined 22; template [0, 0, 0, 1, 0, 2, 4, 8, 0, 4, 6, 16, 8, 17, 20, 30, 0, 18, 3, 23, 1, 6, None, None, None, None, None, None, None, None, None, None]
n=5: 37348.3s, 68467621888 attempts, 29701941649 affine nodes, 11509 candidates; branch position 22, decisions 17, defined 22; template [0, 0, 0, 1, 0, 2, 4, 8, 0, 4, 6, 16, 8, 18, 13, 30, 0, 24, 28, 11, 13, 10, None, None, None, None, None, None, None, None, None, None]
n=5: 37368.3s, 68502863872 attempts, 29722148668 affine nodes, 11509 candidates; branch position 22, decisions 17, defined 22; template [0, 0, 0, 1, 0, 2, 4, 8, 0, 4, 6, 16, 8, 18, 31, 28, 0, 10, 15, 7, 14, 30, None, None, None, None, None, None, None, None, None, None]
n=5: 37388.3s, 68538482688 attempts, 29740109704 affine nodes, 11509 candidates; branch position 22, decisions 17, defined 22; template [0, 0, 0, 1, 0, 2, 4, 8, 0, 4, 6, 16, 8, 22, 7, 30, 0, 26, 23, 24, 30, 6, None, None, None, None, None, None, None, None, None, None]
n=5: 37408.3s, 68574101504 attempts, 29758099775 affine nodes, 11511 candidates; branch position 20, decisions 15, defined 20; template [0, 0, 0, 1, 0, 2, 4, 8, 0, 4, 6, 16, 8, 22, 27, 30, 0, 10, 30, 23, None, None, None, None, None, None, None, None, None, None, None, None]
n=5: 37428.3s, 68609720320 attempts, 29776237908 affine nodes, 11512 candidates; branch position 22, decisions 17, defined 22; template [0, 0, 0, 1, 0, 2, 4, 8, 0, 4, 6, 16, 8, 23, 26, 11, 0, 8, 29, 23, 23, 9, None, None, None, None, None, None, None, None, None, None]
n=5: 37448.3s, 68645339136 attempts, 29793609707 affine nodes, 11512 candidates; branch position 21, decisions 16, defined 21; template [0, 0, 0, 1, 0, 2, 4, 8, 0, 4, 6, 16, 8, 25, 26, 5, 0, 24, 31, 5, 3, None, None, None, None, None, None, None, None, None, None, None]
n=5: 37468.3s, 68680941568 attempts, 29812115222 affine nodes, 11512 candidates; branch position 22, decisions 17, defined 22; template [0, 0, 0, 1, 0, 2, 4, 8, 0, 4, 6, 16, 8, 26, 19, 22, 0, 24, 15, 19, 13, 4, None, None, None, None, None, None, None, None, None, None]
n=5: 37488.3s, 68716625920 attempts, 29830086805 affine nodes, 11513 candidates; branch position 21, decisions 16, defined 21; template [0, 0, 0, 1, 0, 2, 4, 8, 0, 4, 6, 16, 8, 27, 13, 23, 0, 13, 24, 10, 30, None, None, None, None, None, None, None, None, None, None, None]
n=5: 37508.3s, 68752293888 attempts, 29848023789 affine nodes, 11513 candidates; branch position 22, decisions 17, defined 22; template [0, 0, 0, 1, 0, 2, 4, 8, 0, 4, 6, 16, 8, 28, 19, 11, 0, 21, 15, 30, 17, 20, None, None, None, None, None, None, None, None, None, None]
n=5: 37528.3s, 68787355648 attempts, 29866794685 affine nodes, 11513 candidates; branch position 23, decisions 18, defined 23; template [0, 0, 0, 1, 0, 2, 4, 8, 0, 4, 6, 16, 8, 29, 11, 17, 0, 20, 27, 9, 23, 18, 6, None, None, None, None, None, None, None, None, None]
n=5: 37548.3s, 68822876160 attempts, 29885640635 affine nodes, 11514 candidates; branch position 21, decisions 16, defined 21; template [0, 0, 0, 1, 0, 2, 4, 8, 0, 4, 6, 16, 8, 31, 20, 23, 0, 24, 23, 9, 21, None, None, None, None, None, None, None, None, None, None, None]
n=5: 37568.3s, 68858609664 attempts, 29904788834 affine nodes, 11514 candidates; branch position 22, decisions 17, defined 22; template [0, 0, 0, 1, 0, 2, 4, 8, 0, 4, 6, 16, 10, 9, 20, 5, 0, 19, 8, 17, 5, 15, None, None, None, None, None, None, None, None, None, None]
n=5: 37588.3s, 68894277632 attempts, 29922581389 affine nodes, 11514 candidates; branch position 22, decisions 17, defined 22; template [0, 0, 0, 1, 0, 2, 4, 8, 0, 4, 6, 16, 10, 9, 31, 22, 0, 13, 25, 10, 12, 28, None, None, None, None, None, None, None, None, None, None]
n=5: 37608.3s, 68930109440 attempts, 29939502459 affine nodes, 11514 candidates; branch position 21, decisions 16, defined 21; template [0, 0, 0, 1, 0, 2, 4, 8, 0, 4, 6, 16, 10, 15, 27, 24, 0, 24, 21, 31, 13, None, None, None, None, None, None, None, None, None, None, None]
n=5: 37628.3s, 68965761024 attempts, 29957342073 affine nodes, 11514 candidates; branch position 22, decisions 17, defined 22; template [0, 0, 0, 1, 0, 2, 4, 8, 0, 4, 6, 16, 10, 17, 28, 9, 0, 23, 28, 18, 7, 27, None, None, None, None, None, None, None, None, None, None]
n=5: 37648.3s, 69001166848 attempts, 29975540258 affine nodes, 11514 candidates; branch position 22, decisions 17, defined 22; template [0, 0, 0, 1, 0, 2, 4, 8, 0, 4, 6, 16, 10, 18, 25, 13, 0, 11, 16, 5, 26, 23, None, None, None, None, None, None, None, None, None, None]
n=5: 37668.3s, 69036621824 attempts, 29993821786 affine nodes, 11514 candidates; branch position 21, decisions 16, defined 21; template [0, 0, 0, 1, 0, 2, 4, 8, 0, 4, 6, 16, 10, 21, 26, 23, 0, 8, 13, 25, 22, None, None, None, None, None, None, None, None, None, None, None]
n=5: 37688.4s, 69072437248 attempts, 30011138461 affine nodes, 11514 candidates; branch position 23, decisions 18, defined 23; template [0, 0, 0, 1, 0, 2, 4, 8, 0, 4, 6, 16, 10, 22, 27, 5, 0, 17, 27, 12, 15, 6, 13, None, None, None, None, None, None, None, None, None]
n=5: 37708.4s, 69107875840 attempts, 30029053236 affine nodes, 11514 candidates; branch position 22, decisions 17, defined 22; template [0, 0, 0, 1, 0, 2, 4, 8, 0, 4, 6, 16, 10, 23, 26, 15, 0, 14, 18, 24, 24, 30, None, None, None, None, None, None, None, None, None, None]
n=5: 37728.4s, 69142953984 attempts, 30046598311 affine nodes, 11514 candidates; branch position 22, decisions 17, defined 22; template [0, 0, 0, 1, 0, 2, 4, 8, 0, 4, 6, 16, 10, 25, 28, 27, 0, 8, 27, 18, 25, 9, None, None, None, None, None, None, None, None, None, None]
n=5: 37748.4s, 69178408960 attempts, 30064598591 affine nodes, 11514 candidates; branch position 23, decisions 18, defined 23; template [0, 0, 0, 1, 0, 2, 4, 8, 0, 4, 6, 16, 10, 26, 25, 23, 0, 28, 23, 30, 24, 15, 5, None, None, None, None, None, None, None, None, None]
n=5: 37768.4s, 69213470720 attempts, 30081581113 affine nodes, 11516 candidates; branch position 23, decisions 18, defined 23; template [0, 0, 0, 1, 0, 2, 4, 8, 0, 4, 6, 16, 10, 27, 28, 21, 0, 19, 8, 14, 21, 11, 25, None, None, None, None, None, None, None, None, None]
n=5: 37788.4s, 69249040384 attempts, 30099408182 affine nodes, 11516 candidates; branch position 23, decisions 18, defined 23; template [0, 0, 0, 1, 0, 2, 4, 8, 0, 4, 6, 16, 10, 30, 19, 13, 0, 9, 3, 24, 6, 23, 28, None, None, None, None, None, None, None, None, None]
n=5: 37808.4s, 69284626432 attempts, 30117443848 affine nodes, 11516 candidates; branch position 21, decisions 16, defined 21; template [0, 0, 0, 1, 0, 2, 4, 8, 0, 4, 6, 16, 10, 31, 13, 19, 0, 23, 8, 13, 19, None, None, None, None, None, None, None, None, None, None, None]
n=5: 37828.4s, 69320294400 attempts, 30136151766 affine nodes, 11516 candidates; branch position 24, decisions 19, defined 24; template [0, 0, 0, 1, 0, 2, 4, 8, 0, 4, 6, 16, 11, 12, 23, 29, 0, 31, 27, 12, 10, 24, 6, 21, None, None, None, None, None, None, None, None]
n=5: 37848.4s, 69356044288 attempts, 30154154798 affine nodes, 11516 candidates; branch position 20, decisions 15, defined 20; template [0, 0, 0, 1, 0, 2, 4, 8, 0, 4, 6, 16, 11, 17, 14, 30, 0, 14, 16, 12, None, None, None, None, None, None, None, None, None, None, None, None]
n=5: 37868.4s, 69391794176 attempts, 30172135720 affine nodes, 11518 candidates; branch position 23, decisions 18, defined 23; template [0, 0, 0, 1, 0, 2, 4, 8, 0, 4, 6, 16, 11, 18, 28, 17, 0, 11, 25, 19, 19, 3, 20, None, None, None, None, None, None, None, None, None]
n=5: 37888.4s, 69427576832 attempts, 30188662051 affine nodes, 11518 candidates; branch position 21, decisions 16, defined 21; template [0, 0, 0, 1, 0, 2, 4, 8, 0, 4, 6, 16, 11, 22, 26, 5, 0, 9, 31, 28, 22, None, None, None, None, None, None, None, None, None, None, None]
n=5: 37908.4s, 69463359488 attempts, 30205196946 affine nodes, 11518 candidates; branch position 21, decisions 16, defined 21; template [0, 0, 0, 1, 0, 2, 4, 8, 0, 4, 6, 16, 11, 25, 14, 5, 0, 10, 25, 5, 14, None, None, None, None, None, None, None, None, None, None, None]
n=5: 37928.4s, 69498978304 attempts, 30221967200 affine nodes, 11522 candidates; branch position 23, decisions 18, defined 23; template [0, 0, 0, 1, 0, 2, 4, 8, 0, 4, 6, 16, 11, 26, 14, 23, 0, 30, 8, 13, 1, 29, 17, None, None, None, None, None, None, None, None, None]
n=5: 37948.4s, 69534711808 attempts, 30238206272 affine nodes, 11522 candidates; branch position 21, decisions 16, defined 21; template [0, 0, 0, 1, 0, 2, 4, 8, 0, 4, 6, 16, 11, 27, 30, 5, 0, 14, 3, 17, 26, None, None, None, None, None, None, None, None, None, None, None]
n=5: 37968.4s, 69570379776 attempts, 30255295083 affine nodes, 11524 candidates; branch position 21, decisions 16, defined 21; template [0, 0, 0, 1, 0, 2, 4, 8, 0, 4, 6, 16, 11, 30, 27, 28, 0, 11, 12, 3, 30, None, None, None, None, None, None, None, None, None, None, None]
n=5: 37988.4s, 69606014976 attempts, 30272761971 affine nodes, 11529 candidates; branch position 23, decisions 18, defined 23; template [0, 0, 0, 1, 0, 2, 4, 8, 0, 4, 6, 16, 13, 17, 14, 26, 0, 29, 23, 26, 17, 11, 12, None, None, None, None, None, None, None, None, None]
n=5: 38008.4s, 69641748480 attempts, 30289820929 affine nodes, 11529 candidates; branch position 21, decisions 16, defined 21; template [0, 0, 0, 1, 0, 2, 4, 8, 0, 4, 6, 16, 13, 18, 17, 30, 0, 26, 23, 9, 5, None, None, None, None, None, None, None, None, None, None, None]
n=5: 38028.4s, 69677449216 attempts, 30306774254 affine nodes, 11533 candidates; branch position 22, decisions 17, defined 22; template [0, 0, 0, 1, 0, 2, 4, 8, 0, 4, 6, 16, 13, 22, 17, 30, 0, 11, 30, 22, 27, 17, None, None, None, None, None, None, None, None, None, None]
n=5: 38048.4s, 69713149952 attempts, 30324712593 affine nodes, 11534 candidates; branch position 21, decisions 16, defined 21; template [0, 0, 0, 1, 0, 2, 4, 8, 0, 4, 6, 16, 13, 23, 29, 26, 0, 19, 23, 26, 29, None, None, None, None, None, None, None, None, None, None, None]
n=5: 38068.4s, 69748686848 attempts, 30342791881 affine nodes, 11538 candidates; branch position 23, decisions 18, defined 23; template [0, 0, 0, 1, 0, 2, 4, 8, 0, 4, 6, 16, 13, 26, 14, 21, 0, 8, 29, 3, 20, 29, 26, None, None, None, None, None, None, None, None, None]
n=5: 38088.4s, 69784338432 attempts, 30359222696 affine nodes, 11542 candidates; branch position 22, decisions 17, defined 22; template [0, 0, 0, 1, 0, 2, 4, 8, 0, 4, 6, 16, 13, 29, 14, 26, 0, 19, 22, 29, 3, 6, None, None, None, None, None, None, None, None, None, None]
n=5: 38108.4s, 69820006400 attempts, 30375804489 affine nodes, 11551 candidates; branch position 21, decisions 16, defined 21; template [0, 0, 0, 1, 0, 2, 4, 8, 0, 4, 6, 16, 13, 30, 29, 9, 0, 25, 30, 23, 6, None, None, None, None, None, None, None, None, None, None, None]
n=5: 38128.5s, 69855494144 attempts, 30392676149 affine nodes, 11552 candidates; branch position 22, decisions 17, defined 22; template [0, 0, 0, 1, 0, 2, 4, 8, 0, 4, 6, 16, 15, 17, 29, 19, 0, 16, 19, 9, 17, 28, None, None, None, None, None, None, None, None, None, None]
n=5: 38148.5s, 69891227648 attempts, 30410432437 affine nodes, 11555 candidates; branch position 24, decisions 19, defined 24; template [0, 0, 0, 1, 0, 2, 4, 8, 0, 4, 6, 16, 15, 21, 25, 23, 0, 25, 19, 20, 24, 10, 7, 13, None, None, None, None, None, None, None, None]
n=5: 38168.5s, 69927108608 attempts, 30427959708 affine nodes, 11555 candidates; branch position 22, decisions 17, defined 22; template [0, 0, 0, 1, 0, 2, 4, 8, 0, 4, 6, 16, 15, 23, 25, 10, 0, 8, 15, 18, 20, 15, None, None, None, None, None, None, None, None, None, None]
n=5: 38188.5s, 69962825728 attempts, 30446512649 affine nodes, 11556 candidates; branch position 23, decisions 18, defined 23; template [0, 0, 0, 1, 0, 2, 4, 8, 0, 4, 6, 16, 15, 27, 23, 10, 0, 31, 22, 10, 5, 15, 28, None, None, None, None, None, None, None, None, None]
n=5: 38208.5s, 69998477312 attempts, 30464002339 affine nodes, 11561 candidates; branch position 22, decisions 17, defined 22; template [0, 0, 0, 1, 0, 2, 4, 8, 0, 4, 6, 16, 15, 29, 23, 17, 0, 14, 18, 23, 13, 21, None, None, None, None, None, None, None, None, None, None]
n=5: 38228.5s, 70034030592 attempts, 30481274850 affine nodes, 11562 candidates; branch position 23, decisions 18, defined 23; template [0, 0, 0, 1, 0, 2, 4, 8, 0, 4, 6, 16, 15, 31, 17, 28, 0, 26, 25, 5, 3, 28, 10, None, None, None, None, None, None, None, None, None]
n=5: 38248.5s, 70069829632 attempts, 30498112322 affine nodes, 11565 candidates; branch position 21, decisions 16, defined 21; template [0, 0, 0, 1, 0, 2, 4, 8, 0, 4, 6, 16, 25, 11, 14, 26, 0, 11, 22, 17, 20, None, None, None, None, None, None, None, None, None, None, None]
n=5: 38268.5s, 70105546752 attempts, 30515843519 affine nodes, 11567 candidates; branch position 22, decisions 17, defined 22; template [0, 0, 0, 1, 0, 2, 4, 8, 0, 4, 6, 16, 26, 9, 20, 11, 0, 23, 18, 24, 20, 31, None, None, None, None, None, None, None, None, None, None]
n=5: 38288.5s, 70141345792 attempts, 30533271796 affine nodes, 11567 candidates; branch position 22, decisions 17, defined 22; template [0, 0, 0, 1, 0, 2, 4, 8, 0, 4, 6, 16, 26, 18, 23, 15, 0, 23, 28, 13, 27, 16, None, None, None, None, None, None, None, None, None, None]
n=5: 38308.5s, 70177062912 attempts, 30550100304 affine nodes, 11568 candidates; branch position 21, decisions 16, defined 21; template [0, 0, 0, 1, 0, 2, 4, 8, 0, 4, 6, 16, 27, 12, 9, 22, 0, 8, 19, 15, 29, None, None, None, None, None, None, None, None, None, None, None]
n=5: 38328.5s, 70212780032 attempts, 30568214247 affine nodes, 11570 candidates; branch position 23, decisions 18, defined 23; template [0, 0, 0, 1, 0, 2, 4, 8, 0, 4, 6, 16, 27, 22, 19, 9, 0, 30, 29, 9, 19, 27, 5, None, None, None, None, None, None, None, None, None]
n=5: 38348.5s, 70248579072 attempts, 30586352773 affine nodes, 11570 candidates; branch position 20, decisions 15, defined 20; template [0, 0, 0, 1, 0, 2, 4, 8, 0, 4, 7, 10, 10, 16, 25, 22, 0, 20, 17, 13, None, None, None, None, None, None, None, None, None, None, None, None]
n=5: 38368.5s, 70284328960 attempts, 30603855067 affine nodes, 11571 candidates; branch position 23, decisions 18, defined 23; template [0, 0, 0, 1, 0, 2, 4, 8, 0, 4, 7, 10, 13, 16, 1, 19, 0, 9, 29, 18, 8, 30, 28, None, None, None, None, None, None, None, None, None]
n=5: 38388.5s, 70319980544 attempts, 30622003967 affine nodes, 11573 candidates; branch position 22, decisions 17, defined 22; template [0, 0, 0, 1, 0, 2, 4, 8, 0, 4, 7, 10, 13, 16, 25, 31, 0, 7, 28, 23, 12, 26, None, None, None, None, None, None, None, None, None, None]
n=5: 38408.5s, 70355845120 attempts, 30639293633 affine nodes, 11573 candidates; branch position 23, decisions 18, defined 23; template [0, 0, 0, 1, 0, 2, 4, 8, 0, 4, 7, 10, 16, 7, 11, 30, 0, 25, 13, 11, 1, 10, 21, None, None, None, None, None, None, None, None, None]
n=5: 38428.5s, 70391562240 attempts, 30656103512 affine nodes, 11573 candidates; branch position 21, decisions 16, defined 21; template [0, 0, 0, 1, 0, 2, 4, 8, 0, 4, 7, 10, 16, 7, 27, 30, 0, 26, 9, 2, 23, None, None, None, None, None, None, None, None, None, None, None]
n=5: 38448.5s, 70427213824 attempts, 30673236638 affine nodes, 11573 candidates; branch position 23, decisions 18, defined 23; template [0, 0, 0, 1, 0, 2, 4, 8, 0, 4, 7, 10, 16, 11, 22, 29, 0, 26, 19, 7, 28, 25, 14, None, None, None, None, None, None, None, None, None]
n=5: 38468.5s, 70462947328 attempts, 30690666676 affine nodes, 11573 candidates; branch position 23, decisions 18, defined 23; template [0, 0, 0, 1, 0, 2, 4, 8, 0, 4, 7, 10, 16, 12, 1, 9, 0, 7, 2, 11, 13, 16, 30, None, None, None, None, None, None, None, None, None]
n=5: 38488.5s, 70498942976 attempts, 30708751755 affine nodes, 11573 candidates; branch position 22, decisions 17, defined 22; template [0, 0, 0, 1, 0, 2, 4, 8, 0, 4, 7, 10, 16, 12, 22, 30, 0, 10, 8, 18, 24, 29, None, None, None, None, None, None, None, None, None, None]
n=5: 38508.5s, 70534774784 attempts, 30725873227 affine nodes, 11573 candidates; branch position 21, decisions 16, defined 21; template [0, 0, 0, 1, 0, 2, 4, 8, 0, 4, 7, 10, 16, 19, 9, 6, 0, 31, 22, 7, 13, None, None, None, None, None, None, None, None, None, None, None]
n=5: 38528.6s, 70570400729 attempts, 30741626880 affine nodes, 11573 candidates; branch position 18, decisions 13, defined 19; template [0, 0, 0, 1, 0, 2, 4, 8, 0, 4, 7, 10, 16, 19, 31, 13, 0, 15, 21, None, None, None, None, None, None, None, None, None, None, None, None, None]
n=5: 38548.6s, 70606127104 attempts, 30757646110 affine nodes, 11573 candidates; branch position 20, decisions 15, defined 20; template [0, 0, 0, 1, 0, 2, 4, 8, 0, 4, 7, 10, 16, 21, 25, 30, 0, 25, 15, 26, None, None, None, None, None, None, None, None, None, None, None, None]
n=5: 38568.6s, 70641876992 attempts, 30774994002 affine nodes, 11573 candidates; branch position 21, decisions 16, defined 21; template [0, 0, 0, 1, 0, 2, 4, 8, 0, 4, 7, 10, 16, 23, 24, 9, 0, 31, 2, 7, 30, None, None, None, None, None, None, None, None, None, None, None]
n=5: 38588.6s, 70677643264 attempts, 30791540398 affine nodes, 11573 candidates; branch position 21, decisions 16, defined 21; template [0, 0, 0, 1, 0, 2, 4, 8, 0, 4, 7, 10, 16, 24, 11, 13, 0, 17, 22, 15, 10, None, None, None, None, None, None, None, None, None, None, None]
n=5: 38608.6s, 70713327616 attempts, 30807874712 affine nodes, 11575 candidates; branch position 22, decisions 17, defined 22; template [0, 0, 0, 1, 0, 2, 4, 8, 0, 4, 7, 10, 16, 25, 1, 11, 0, 29, 31, 9, 3, 16, None, None, None, None, None, None, None, None, None, None]
n=5: 38628.6s, 70748831744 attempts, 30825895610 affine nodes, 11575 candidates; branch position 23, decisions 18, defined 23; template [0, 0, 0, 1, 0, 2, 4, 8, 0, 4, 7, 10, 16, 25, 29, 27, 0, 10, 23, 31, 28, 15, 1, None, None, None, None, None, None, None, None, None]
n=5: 38648.6s, 70784647168 attempts, 30841741221 affine nodes, 11575 candidates; branch position 22, decisions 17, defined 22; template [0, 0, 0, 1, 0, 2, 4, 8, 0, 4, 7, 10, 16, 26, 29, 18, 0, 31, 20, 9, 15, 17, None, None, None, None, None, None, None, None, None, None]
n=5: 38668.6s, 70820380672 attempts, 30858032276 affine nodes, 11575 candidates; branch position 22, decisions 17, defined 22; template [0, 0, 0, 1, 0, 2, 4, 8, 0, 4, 7, 10, 16, 27, 22, 30, 0, 16, 27, 29, 14, 24, None, None, None, None, None, None, None, None, None, None]
n=5: 38688.6s, 70856130560 attempts, 30875384419 affine nodes, 11575 candidates; branch position 21, decisions 16, defined 21; template [0, 0, 0, 1, 0, 2, 4, 8, 0, 4, 7, 10, 16, 30, 21, 9, 0, 7, 24, 14, 22, None, None, None, None, None, None, None, None, None, None, None]
n=5: 38708.6s, 70891831296 attempts, 30892545696 affine nodes, 11575 candidates; branch position 22, decisions 17, defined 22; template [0, 0, 0, 1, 0, 2, 4, 8, 0, 4, 7, 10, 16, 31, 18, 20, 0, 7, 28, 31, 8, 1, None, None, None, None, None, None, None, None, None, None]
n=5: 38728.6s, 70927695872 attempts, 30909069286 affine nodes, 11575 candidates; branch position 21, decisions 16, defined 21; template [0, 0, 0, 1, 0, 2, 4, 8, 0, 4, 7, 12, 10, 16, 15, 19, 0, 19, 25, 9, 12, None, None, None, None, None, None, None, None, None, None, None]
n=5: 38748.6s, 70963658752 attempts, 30927330351 affine nodes, 11575 candidates; branch position 23, decisions 18, defined 23; template [0, 0, 0, 1, 0, 2, 4, 8, 0, 4, 7, 12, 10, 16, 29, 18, 0, 30, 13, 21, 31, 13, 6, None, None, None, None, None, None, None, None, None]
n=5: 38768.6s, 70999752704 attempts, 30946834512 affine nodes, 11575 candidates; branch position 21, decisions 16, defined 21; template [0, 0, 0, 1, 0, 2, 4, 8, 0, 4, 7, 12, 16, 7, 18, 23, 0, 29, 9, 17, 28, None, None, None, None, None, None, None, None, None, None, None]
n=5: 38788.6s, 71035715584 attempts, 30965515143 affine nodes, 11575 candidates; branch position 21, decisions 16, defined 21; template [0, 0, 0, 1, 0, 2, 4, 8, 0, 4, 7, 12, 16, 7, 31, 18, 0, 27, 13, 25, 10, None, None, None, None, None, None, None, None, None, None, None]
n=5: 38808.6s, 71071793152 attempts, 30983996977 affine nodes, 11575 candidates; branch position 21, decisions 16, defined 21; template [0, 0, 0, 1, 0, 2, 4, 8, 0, 4, 7, 12, 16, 9, 29, 6, 0, 14, 11, 13, 29, None, None, None, None, None, None, None, None, None, None, None]
n=5: 38828.6s, 71107854336 attempts, 31002475062 affine nodes, 11575 candidates; branch position 21, decisions 16, defined 21; template [0, 0, 0, 1, 0, 2, 4, 8, 0, 4, 7, 12, 16, 11, 22, 30, 0, 31, 12, 2, 19, None, None, None, None, None, None, None, None, None, None, None]
n=5: 38848.6s, 71143849984 attempts, 31021503095 affine nodes, 11575 candidates; branch position 21, decisions 16, defined 21; template [0, 0, 0, 1, 0, 2, 4, 8, 0, 4, 7, 12, 16, 14, 18, 23, 0, 17, 21, 14, 26, None, None, None, None, None, None, None, None, None, None, None]
n=5: 38868.6s, 71179862016 attempts, 31040083673 affine nodes, 11575 candidates; branch position 22, decisions 17, defined 22; template [0, 0, 0, 1, 0, 2, 4, 8, 0, 4, 7, 12, 16, 14, 29, 18, 0, 7, 12, 28, 25, 15, None, None, None, None, None, None, None, None, None, None]
n=5: 38888.6s, 71215595520 attempts, 31058065373 affine nodes, 11575 candidates; branch position 22, decisions 17, defined 22; template [0, 0, 0, 1, 0, 2, 4, 8, 0, 4, 7, 12, 16, 19, 30, 9, 0, 25, 2, 16, 31, 17, None, None, None, None, None, None, None, None, None, None]
n=5: 38908.6s, 71251427328 attempts, 31076129506 affine nodes, 11575 candidates; branch position 22, decisions 17, defined 22; template [0, 0, 0, 1, 0, 2, 4, 8, 0, 4, 7, 12, 16, 23, 25, 3, 0, 10, 14, 25, 22, 9, None, None, None, None, None, None, None, None, None, None]
n=5: 38928.6s, 71287308288 attempts, 31097037606 affine nodes, 11575 candidates; branch position 22, decisions 17, defined 22; template [0, 0, 0, 1, 0, 2, 4, 8, 0, 4, 7, 12, 16, 24, 31, 21, 0, 25, 29, 26, 3, 23, None, None, None, None, None, None, None, None, None, None]
n=5: 38948.6s, 71323369472 attempts, 31116275340 affine nodes, 11575 candidates; branch position 22, decisions 17, defined 22; template [0, 0, 0, 1, 0, 2, 4, 8, 0, 4, 7, 13, 8, 7, 16, 29, 0, 7, 8, 25, 22, 24, None, None, None, None, None, None, None, None, None, None]
n=5: 38968.6s, 71359414272 attempts, 31136352622 affine nodes, 11575 candidates; branch position 21, decisions 16, defined 21; template [0, 0, 0, 1, 0, 2, 4, 8, 0, 4, 7, 13, 8, 16, 28, 18, 0, 7, 19, 21, 26, None, None, None, None, None, None, None, None, None, None, None]
n=5: 38988.6s, 71395409920 attempts, 31156147956 affine nodes, 11575 candidates; branch position 22, decisions 17, defined 22; template [0, 0, 0, 1, 0, 2, 4, 8, 0, 4, 7, 13, 10, 16, 27, 3, 0, 30, 13, 29, 3, 11, None, None, None, None, None, None, None, None, None, None]
n=5: 39008.7s, 71431421952 attempts, 31174961176 affine nodes, 11575 candidates; branch position 19, decisions 14, defined 19; template [0, 0, 0, 1, 0, 2, 4, 8, 0, 4, 7, 13, 14, 1, 11, 16, 0, 17, 29, None, None, None, None, None, None, None, None, None, None, None, None, None]
n=5: 39028.7s, 71467548672 attempts, 31195901504 affine nodes, 11575 candidates; branch position 21, decisions 16, defined 21; template [0, 0, 0, 1, 0, 2, 4, 8, 0, 4, 7, 13, 14, 16, 27, 18, 0, 7, 19, 2, 24, None, None, None, None, None, None, None, None, None, None, None]
n=5: 39048.7s, 71503511552 attempts, 31215729856 affine nodes, 11575 candidates; branch position 23, decisions 18, defined 23; template [0, 0, 0, 1, 0, 2, 4, 8, 0, 4, 7, 13, 16, 1, 28, 14, 0, 20, 16, 9, 25, 26, 31, None, None, None, None, None, None, None, None, None]
n=5: 39068.7s, 71539474432 attempts, 31236496285 affine nodes, 11575 candidates; branch position 22, decisions 17, defined 22; template [0, 0, 0, 1, 0, 2, 4, 8, 0, 4, 7, 13, 16, 7, 21, 18, 0, 9, 26, 21, 10, 16, None, None, None, None, None, None, None, None, None, None]
n=5: 39088.7s, 71575388160 attempts, 31256305008 affine nodes, 11575 candidates; branch position 22, decisions 17, defined 22; template [0, 0, 0, 1, 0, 2, 4, 8, 0, 4, 7, 13, 16, 11, 9, 14, 0, 26, 13, 5, 25, 31, None, None, None, None, None, None, None, None, None, None]
n=5: 39108.7s, 71611383808 attempts, 31277251624 affine nodes, 11575 candidates; branch position 22, decisions 17, defined 22; template [0, 0, 0, 1, 0, 2, 4, 8, 0, 4, 7, 13, 16, 11, 29, 3, 0, 25, 30, 15, 1, 14, None, None, None, None, None, None, None, None, None, None]
n=5: 39128.7s, 71647412224 attempts, 31296485109 affine nodes, 11575 candidates; branch position 21, decisions 16, defined 21; template [0, 0, 0, 1, 0, 2, 4, 8, 0, 4, 7, 13, 16, 12, 24, 10, 0, 11, 14, 9, 5, None, None, None, None, None, None, None, None, None, None, None]
n=5: 39148.7s, 71683406147 attempts, 31315460096 affine nodes, 11575 candidates; branch position 18, decisions 13, defined 19; template [0, 0, 0, 1, 0, 2, 4, 8, 0, 4, 7, 13, 16, 19, 28, 6, 0, 31, 22, None, None, None, None, None, None, None, None, None, None, None, None, None]
n=5: 39168.7s, 71719272448 attempts, 31333626951 affine nodes, 11575 candidates; branch position 22, decisions 17, defined 22; template [0, 0, 0, 1, 0, 2, 4, 8, 0, 4, 7, 13, 16, 21, 31, 3, 0, 27, 14, 24, 8, 14, None, None, None, None, None, None, None, None, None, None]
n=5: 39188.7s, 71754874880 attempts, 31354548784 affine nodes, 11575 candidates; branch position 22, decisions 17, defined 22; template [0, 0, 0, 1, 0, 2, 4, 8, 0, 4, 7, 13, 16, 24, 28, 26, 0, 13, 15, 29, 18, 6, None, None, None, None, None, None, None, None, None, None]
n=5: 39208.7s, 71790772224 attempts, 31374272968 affine nodes, 11575 candidates; branch position 21, decisions 16, defined 21; template [0, 0, 0, 1, 0, 2, 4, 8, 0, 4, 7, 16, 8, 1, 19, 27, 0, 20, 19, 13, 7, None, None, None, None, None, None, None, None, None, None, None]
n=5: 39228.7s, 71826669568 attempts, 31394685723 affine nodes, 11575 candidates; branch position 23, decisions 18, defined 23; template [0, 0, 0, 1, 0, 2, 4, 8, 0, 4, 7, 16, 8, 1, 30, 22, 0, 17, 24, 19, 7, 18, 10, None, None, None, None, None, None, None, None, None]
n=5: 39248.7s, 71862452224 attempts, 31414171146 affine nodes, 11575 candidates; branch position 22, decisions 17, defined 22; template [0, 0, 0, 1, 0, 2, 4, 8, 0, 4, 7, 16, 8, 7, 26, 28, 0, 11, 12, 26, 5, 23, None, None, None, None, None, None, None, None, None, None]
n=5: 39268.7s, 71898300416 attempts, 31431684335 affine nodes, 11577 candidates; branch position 21, decisions 16, defined 21; template [0, 0, 0, 1, 0, 2, 4, 8, 0, 4, 7, 16, 8, 11, 22, 19, 0, 17, 15, 23, 13, None, None, None, None, None, None, None, None, None, None, None]
n=5: 39288.7s, 71934197760 attempts, 31449490476 affine nodes, 11577 candidates; branch position 21, decisions 16, defined 21; template [0, 0, 0, 1, 0, 2, 4, 8, 0, 4, 7, 16, 8, 11, 31, 17, 0, 31, 29, 15, 22, None, None, None, None, None, None, None, None, None, None, None]
n=5: 39308.7s, 71969996800 attempts, 31467595889 affine nodes, 11581 candidates; branch position 21, decisions 16, defined 21; template [0, 0, 0, 1, 0, 2, 4, 8, 0, 4, 7, 16, 8, 17, 29, 13, 0, 26, 23, 2, 12, None, None, None, None, None, None, None, None, None, None, None]
n=5: 39328.7s, 72005697536 attempts, 31485028174 affine nodes, 11581 candidates; branch position 22, decisions 17, defined 22; template [0, 0, 0, 1, 0, 2, 4, 8, 0, 4, 7, 16, 8, 18, 27, 13, 0, 24, 26, 20, 15, 19, None, None, None, None, None, None, None, None, None, None]
n=5: 39348.7s, 72041496576 attempts, 31502914639 affine nodes, 11586 candidates; branch position 23, decisions 18, defined 23; template [0, 0, 0, 1, 0, 2, 4, 8, 0, 4, 7, 16, 8, 21, 26, 10, 0, 28, 24, 23, 3, 4, 10, None, None, None, None, None, None, None, None, None]
n=5: 39368.7s, 72077295616 attempts, 31520872995 affine nodes, 11586 candidates; branch position 22, decisions 17, defined 22; template [0, 0, 0, 1, 0, 2, 4, 8, 0, 4, 7, 16, 8, 22, 17, 10, 0, 8, 29, 4, 24, 9, None, None, None, None, None, None, None, None, None, None]
n=5: 39388.7s, 72113209344 attempts, 31538634812 affine nodes, 11586 candidates; branch position 22, decisions 17, defined 22; template [0, 0, 0, 1, 0, 2, 4, 8, 0, 4, 7, 16, 8, 22, 31, 6, 0, 14, 21, 31, 20, 11, None, None, None, None, None, None, None, None, None, None]
n=5: 39408.8s, 72149008384 attempts, 31555551578 affine nodes, 11586 candidates; branch position 21, decisions 16, defined 21; template [0, 0, 0, 1, 0, 2, 4, 8, 0, 4, 7, 16, 8, 23, 30, 13, 0, 30, 21, 28, 31, None, None, None, None, None, None, None, None, None, None, None]
n=5: 39428.8s, 72184823808 attempts, 31572980069 affine nodes, 11586 candidates; branch position 23, decisions 18, defined 23; template [0, 0, 0, 1, 0, 2, 4, 8, 0, 4, 7, 16, 8, 26, 13, 6, 0, 7, 8, 25, 25, 4, 18, None, None, None, None, None, None, None, None, None]
n=5: 39448.8s, 72220622848 attempts, 31590619129 affine nodes, 11587 candidates; branch position 22, decisions 17, defined 22; template [0, 0, 0, 1, 0, 2, 4, 8, 0, 4, 7, 16, 8, 26, 31, 3, 0, 20, 11, 27, 18, 25, None, None, None, None, None, None, None, None, None, None]
n=5: 39468.8s, 72256372736 attempts, 31608106185 affine nodes, 11587 candidates; branch position 22, decisions 17, defined 22; template [0, 0, 0, 1, 0, 2, 4, 8, 0, 4, 7, 16, 8, 27, 30, 23, 0, 30, 15, 21, 3, 31, None, None, None, None, None, None, None, None, None, None]
n=5: 39488.8s, 72292024320 attempts, 31627776619 affine nodes, 11587 candidates; branch position 21, decisions 16, defined 21; template [0, 0, 0, 1, 0, 2, 4, 8, 0, 4, 7, 16, 8, 29, 1, 10, 0, 7, 28, 25, 21, None, None, None, None, None, None, None, None, None, None, None]
n=5: 39508.8s, 72327725056 attempts, 31645356522 affine nodes, 11587 candidates; branch position 23, decisions 18, defined 23; template [0, 0, 0, 1, 0, 2, 4, 8, 0, 4, 7, 16, 8, 29, 26, 31, 0, 27, 25, 13, 14, 16, 20, None, None, None, None, None, None, None, None, None]
n=5: 39528.8s, 72363442176 attempts, 31663409713 affine nodes, 11589 candidates; branch position 21, decisions 16, defined 21; template [0, 0, 0, 1, 0, 2, 4, 8, 0, 4, 7, 16, 8, 30, 27, 29, 0, 19, 24, 4, 11, None, None, None, None, None, None, None, None, None, None, None]
n=5: 39548.8s, 72399323136 attempts, 31683612168 affine nodes, 11589 candidates; branch position 22, decisions 17, defined 22; template [0, 0, 0, 1, 0, 2, 4, 8, 0, 4, 7, 16, 10, 1, 27, 29, 0, 7, 31, 21, 11, 16, None, None, None, None, None, None, None, None, None, None]
n=5: 39568.8s, 72435138560 attempts, 31702195933 affine nodes, 11589 candidates; branch position 23, decisions 18, defined 23; template [0, 0, 0, 1, 0, 2, 4, 8, 0, 4, 7, 16, 10, 7, 22, 31, 0, 20, 15, 9, 16, 19, 29, None, None, None, None, None, None, None, None, None]
n=5: 39588.8s, 72470970368 attempts, 31719758566 affine nodes, 11590 candidates; branch position 22, decisions 17, defined 22; template [0, 0, 0, 1, 0, 2, 4, 8, 0, 4, 7, 16, 10, 9, 26, 19, 0, 15, 2, 20, 20, 19, None, None, None, None, None, None, None, None, None, None]
n=5: 39608.8s, 72506802176 attempts, 31736676023 affine nodes, 11590 candidates; branch position 21, decisions 16, defined 21; template [0, 0, 0, 1, 0, 2, 4, 8, 0, 4, 7, 16, 10, 17, 19, 14, 0, 14, 9, 19, 19, None, None, None, None, None, None, None, None, None, None, None]
n=5: 39628.8s, 72542584832 attempts, 31756518670 affine nodes, 11590 candidates; branch position 21, decisions 16, defined 21; template [0, 0, 0, 1, 0, 2, 4, 8, 0, 4, 7, 16, 10, 17, 31, 28, 0, 22, 26, 5, 16, None, None, None, None, None, None, None, None, None, None, None]
n=5: 39648.8s, 72578400256 attempts, 31773836012 affine nodes, 11590 candidates; branch position 22, decisions 17, defined 22; template [0, 0, 0, 1, 0, 2, 4, 8, 0, 4, 7, 16, 10, 18, 29, 13, 0, 31, 17, 20, 6, 1, None, None, None, None, None, None, None, None, None, None]
n=5: 39668.8s, 72614100992 attempts, 31791197579 affine nodes, 11590 candidates; branch position 23, decisions 18, defined 23; template [0, 0, 0, 1, 0, 2, 4, 8, 0, 4, 7, 16, 10, 21, 26, 19, 0, 11, 30, 17, 28, 27, 1, None, None, None, None, None, None, None, None, None]
n=5: 39688.8s, 72649818112 attempts, 31810337734 affine nodes, 11590 candidates; branch position 20, decisions 15, defined 20; template [0, 0, 0, 1, 0, 2, 4, 8, 0, 4, 7, 16, 10, 22, 19, 30, 0, 15, 29, 24, None, None, None, None, None, None, None, None, None, None, None, None]
n=5: 39708.8s, 72685649920 attempts, 31828913984 affine nodes, 11590 candidates; branch position 22, decisions 17, defined 22; template [0, 0, 0, 1, 0, 2, 4, 8, 0, 4, 7, 16, 10, 23, 1, 24, 0, 8, 31, 21, 12, 19, None, None, None, None, None, None, None, None, None, None]
n=5: 39728.8s, 72721448960 attempts, 31845905145 affine nodes, 11590 candidates; branch position 22, decisions 17, defined 22; template [0, 0, 0, 1, 0, 2, 4, 8, 0, 4, 7, 16, 10, 25, 15, 31, 0, 21, 23, 13, 1, 7, None, None, None, None, None, None, None, None, None, None]
n=5: 39748.8s, 72757035008 attempts, 31864320104 affine nodes, 11590 candidates; branch position 23, decisions 18, defined 23; template [0, 0, 0, 1, 0, 2, 4, 8, 0, 4, 7, 16, 10, 26, 15, 21, 0, 7, 17, 26, 14, 28, 22, None, None, None, None, None, None, None, None, None]
n=5: 39768.8s, 72792850432 attempts, 31881892440 affine nodes, 11590 candidates; branch position 23, decisions 18, defined 23; template [0, 0, 0, 1, 0, 2, 4, 8, 0, 4, 7, 16, 10, 26, 31, 23, 0, 9, 29, 7, 20, 27, 12, None, None, None, None, None, None, None, None, None]
n=5: 39788.9s, 72828567552 attempts, 31899236152 affine nodes, 11590 candidates; branch position 22, decisions 17, defined 22; template [0, 0, 0, 1, 0, 2, 4, 8, 0, 4, 7, 16, 10, 27, 28, 21, 0, 20, 16, 13, 11, 21, None, None, None, None, None, None, None, None, None, None]
n=5: 39808.9s, 72864251904 attempts, 31916569058 affine nodes, 11590 candidates; branch position 21, decisions 16, defined 21; template [0, 0, 0, 1, 0, 2, 4, 8, 0, 4, 7, 16, 10, 28, 27, 6, 0, 10, 18, 21, 25, None, None, None, None, None, None, None, None, None, None, None]
n=5: 39828.9s, 72899952640 attempts, 31936151727 affine nodes, 11590 candidates; branch position 23, decisions 18, defined 23; template [0, 0, 0, 1, 0, 2, 4, 8, 0, 4, 7, 16, 10, 30, 26, 17, 0, 17, 24, 2, 30, 20, 1, None, None, None, None, None, None, None, None, None]
n=5: 39848.9s, 72935718912 attempts, 31955773262 affine nodes, 11590 candidates; branch position 22, decisions 17, defined 22; template [0, 0, 0, 1, 0, 2, 4, 8, 0, 4, 7, 16, 10, 31, 20, 23, 0, 17, 15, 18, 30, 25, None, None, None, None, None, None, None, None, None, None]
n=5: 39868.9s, 72971534336 attempts, 31974129077 affine nodes, 11590 candidates; branch position 22, decisions 17, defined 22; template [0, 0, 0, 1, 0, 2, 4, 8, 0, 4, 7, 16, 11, 1, 19, 26, 0, 27, 13, 5, 22, 7, None, None, None, None, None, None, None, None, None, None]
n=5: 39888.9s, 73007415296 attempts, 31992037959 affine nodes, 11590 candidates; branch position 22, decisions 17, defined 22; template [0, 0, 0, 1, 0, 2, 4, 8, 0, 4, 7, 16, 11, 1, 29, 19, 0, 21, 15, 4, 13, 27, None, None, None, None, None, None, None, None, None, None]
n=5: 39908.9s, 73043361792 attempts, 32009568562 affine nodes, 11590 candidates; branch position 22, decisions 17, defined 22; template [0, 0, 0, 1, 0, 2, 4, 8, 0, 4, 7, 16, 11, 12, 25, 17, 0, 27, 30, 24, 24, 6, None, None, None, None, None, None, None, None, None, None]
n=5: 39928.9s, 73079308288 attempts, 32027575656 affine nodes, 11590 candidates; branch position 23, decisions 18, defined 23; template [0, 0, 0, 1, 0, 2, 4, 8, 0, 4, 7, 16, 11, 14, 9, 6, 0, 31, 12, 2, 21, 7, 11, None, None, None, None, None, None, None, None, None]
n=5: 39948.9s, 73114943488 attempts, 32044459002 affine nodes, 11590 candidates; branch position 22, decisions 17, defined 22; template [0, 0, 0, 1, 0, 2, 4, 8, 0, 4, 7, 16, 11, 14, 26, 29, 0, 28, 18, 26, 31, 11, None, None, None, None, None, None, None, None, None, None]
n=5: 39968.9s, 73150709760 attempts, 32061098056 affine nodes, 11590 candidates; branch position 22, decisions 17, defined 22; template [0, 0, 0, 1, 0, 2, 4, 8, 0, 4, 7, 16, 11, 17, 19, 28, 0, 19, 26, 31, 15, 22, None, None, None, None, None, None, None, None, None, None]
n=5: 39988.9s, 73186443264 attempts, 32078935428 affine nodes, 11591 candidates; branch position 22, decisions 17, defined 22; template [0, 0, 0, 1, 0, 2, 4, 8, 0, 4, 7, 16, 11, 17, 30, 23, 0, 27, 8, 20, 29, 13, None, None, None, None, None, None, None, None, None, None]
n=5: 40008.9s, 73222209536 attempts, 32095105602 affine nodes, 11596 candidates; branch position 22, decisions 17, defined 22; template [0, 0, 0, 1, 0, 2, 4, 8, 0, 4, 7, 16, 11, 18, 30, 14, 0, 27, 16, 25, 6, 23, None, None, None, None, None, None, None, None, None, None]
n=5: 40028.9s, 73258074112 attempts, 32112424600 affine nodes, 11596 candidates; branch position 23, decisions 18, defined 23; template [0, 0, 0, 1, 0, 2, 4, 8, 0, 4, 7, 16, 11, 21, 27, 14, 0, 14, 17, 11, 8, 20, 1, None, None, None, None, None, None, None, None, None]
n=5: 40048.9s, 73294020608 attempts, 32129271347 affine nodes, 11596 candidates; branch position 22, decisions 17, defined 22; template [0, 0, 0, 1, 0, 2, 4, 8, 0, 4, 7, 16, 11, 22, 19, 9, 0, 11, 17, 27, 27, 13, None, None, None, None, None, None, None, None, None, None]
n=5: 40068.9s, 73329917952 attempts, 32146346968 affine nodes, 11596 candidates; branch position 21, decisions 16, defined 21; template [0, 0, 0, 1, 0, 2, 4, 8, 0, 4, 7, 16, 11, 23, 2, 26, 0, 31, 22, 29, 14, None, None, None, None, None, None, None, None, None, None, None]
n=5: 40088.9s, 73365848064 attempts, 32162423605 affine nodes, 11597 candidates; branch position 22, decisions 17, defined 22; template [0, 0, 0, 1, 0, 2, 4, 8, 0, 4, 7, 16, 11, 23, 27, 21, 0, 11, 12, 4, 10, 16, None, None, None, None, None, None, None, None, None, None]
n=5: 40108.9s, 73401581568 attempts, 32178745863 affine nodes, 11600 candidates; branch position 22, decisions 17, defined 23; template [0, 0, 0, 1, 0, 2, 4, 8, 0, 4, 7, 16, 11, 25, 20, 26, 0, 21, 26, 29, 15, 19, None, None, None, None, None, None, None, None, None, 23]
n=5: 40128.9s, 73437331456 attempts, 32195214150 affine nodes, 11604 candidates; branch position 23, decisions 18, defined 23; template [0, 0, 0, 1, 0, 2, 4, 8, 0, 4, 7, 16, 11, 26, 9, 28, 0, 13, 19, 27, 3, 10, 18, None, None, None, None, None, None, None, None, None]
n=5: 40148.9s, 73472983040 attempts, 32211481275 affine nodes, 11604 candidates; branch position 22, decisions 17, defined 22; template [0, 0, 0, 1, 0, 2, 4, 8, 0, 4, 7, 16, 11, 26, 30, 21, 0, 28, 8, 23, 7, 13, None, None, None, None, None, None, None, None, None, None]
n=5: 40168.9s, 73508831232 attempts, 32228166502 affine nodes, 11604 candidates; branch position 24, decisions 19, defined 24; template [0, 0, 0, 1, 0, 2, 4, 8, 0, 4, 7, 16, 11, 27, 22, 21, 0, 14, 28, 23, 15, 16, 26, 11, None, None, None, None, None, None, None, None]
n=5: 40188.9s, 73544679424 attempts, 32243852690 affine nodes, 11606 candidates; branch position 22, decisions 17, defined 22; template [0, 0, 0, 1, 0, 2, 4, 8, 0, 4, 7, 16, 11, 29, 17, 31, 0, 26, 23, 28, 1, 9, None, None, None, None, None, None, None, None, None, None]
n=5: 40208.9s, 73580412928 attempts, 32260845532 affine nodes, 11606 candidates; branch position 22, decisions 17, defined 22; template [0, 0, 0, 1, 0, 2, 4, 8, 0, 4, 7, 16, 11, 30, 13, 19, 0, 16, 25, 10, 6, 3, None, None, None, None, None, None, None, None, None, None]
n=5: 40228.9s, 73616146432 attempts, 32278614405 affine nodes, 11606 candidates; branch position 21, decisions 16, defined 21; template [0, 0, 0, 1, 0, 2, 4, 8, 0, 4, 7, 16, 11, 30, 27, 19, 0, 15, 19, 10, 6, None, None, None, None, None, None, None, None, None, None, None]
n=5: 40248.9s, 73652011008 attempts, 32296312990 affine nodes, 11609 candidates; branch position 23, decisions 18, defined 23; template [0, 0, 0, 1, 0, 2, 4, 8, 0, 4, 7, 16, 11, 31, 19, 22, 0, 26, 16, 11, 22, 10, 29, None, None, None, None, None, None, None, None, None]
n=5: 40268.9s, 73688023040 attempts, 32314669274 affine nodes, 11609 candidates; branch position 23, decisions 18, defined 23; template [0, 0, 0, 1, 0, 2, 4, 8, 0, 4, 7, 16, 13, 7, 17, 30, 0, 9, 13, 10, 6, 21, 16, None, None, None, None, None, None, None, None, None]
n=5: 40288.9s, 73723117568 attempts, 32333571515 affine nodes, 11609 candidates; branch position 21, decisions 16, defined 21; template [0, 0, 0, 1, 0, 2, 4, 8, 0, 4, 7, 16, 13, 14, 1, 28, 0, 8, 13, 7, 22, None, None, None, None, None, None, None, None, None, None, None]
n=5: 40309.0s, 73758654464 attempts, 32352171200 affine nodes, 11610 candidates; branch position 22, decisions 17, defined 22; template [0, 0, 0, 1, 0, 2, 4, 8, 0, 4, 7, 16, 13, 14, 27, 3, 0, 21, 11, 12, 24, 7, None, None, None, None, None, None, None, None, None, None]
n=5: 40329.0s, 73794450315 attempts, 32370065408 affine nodes, 11610 candidates; branch position 18, decisions 13, defined 19; template [0, 0, 0, 1, 0, 2, 4, 8, 0, 4, 7, 16, 13, 17, 11, 31, 0, 13, 15, None, None, None, None, None, None, None, None, None, None, None, None, None]
n=5: 40349.0s, 73830154240 attempts, 32388735230 affine nodes, 11610 candidates; branch position 22, decisions 17, defined 22; template [0, 0, 0, 1, 0, 2, 4, 8, 0, 4, 7, 16, 13, 17, 27, 30, 0, 24, 23, 9, 30, 15, None, None, None, None, None, None, None, None, None, None]
n=5: 40369.0s, 73865363456 attempts, 32405817767 affine nodes, 11610 candidates; branch position 21, decisions 16, defined 21; template [0, 0, 0, 1, 0, 2, 4, 8, 0, 4, 7, 16, 13, 18, 15, 30, 0, 10, 24, 5, 11, None, None, None, None, None, None, None, None, None, None, None]
n=5: 40389.0s, 73901080576 attempts, 32423870885 affine nodes, 11611 candidates; branch position 22, decisions 17, defined 22; template [0, 0, 0, 1, 0, 2, 4, 8, 0, 4, 7, 16, 13, 21, 2, 22, 0, 18, 24, 30, 11, 1, None, None, None, None, None, None, None, None, None, None]
n=5: 40409.0s, 73936601088 attempts, 32441515084 affine nodes, 11612 candidates; branch position 20, decisions 15, defined 20; template [0, 0, 0, 1, 0, 2, 4, 8, 0, 4, 7, 16, 13, 21, 27, 28, 0, 21, 15, 25, None, None, None, None, None, None, None, None, None, None, None, None]
n=5: 40429.0s, 73972334592 attempts, 32461477673 affine nodes, 11612 candidates; branch position 22, decisions 17, defined 22; template [0, 0, 0, 1, 0, 2, 4, 8, 0, 4, 7, 16, 13, 22, 11, 30, 0, 18, 13, 11, 19, 20, None, None, None, None, None, None, None, None, None, None]
n=5: 40449.0s, 74008084480 attempts, 32481650543 affine nodes, 11612 candidates; branch position 22, decisions 17, defined 22; template [0, 0, 0, 1, 0, 2, 4, 8, 0, 4, 7, 16, 13, 22, 29, 9, 0, 22, 28, 15, 3, 28, None, None, None, None, None, None, None, None, None, None]
n=5: 40469.0s, 74043850752 attempts, 32500172920 affine nodes, 11612 candidates; branch position 21, decisions 16, defined 21; template [0, 0, 0, 1, 0, 2, 4, 8, 0, 4, 7, 16, 13, 23, 27, 9, 0, 10, 23, 17, 5, None, None, None, None, None, None, None, None, None, None, None]
n=5: 40489.0s, 74079567872 attempts, 32518931901 affine nodes, 11613 candidates; branch position 22, decisions 17, defined 22; template [0, 0, 0, 1, 0, 2, 4, 8, 0, 4, 7, 16, 13, 25, 15, 22, 0, 9, 12, 2, 25, 28, None, None, None, None, None, None, None, None, None, None]
n=5: 40509.0s, 74115088384 attempts, 32539307457 affine nodes, 11613 candidates; branch position 22, decisions 17, defined 22; template [0, 0, 0, 1, 0, 2, 4, 8, 0, 4, 7, 16, 13, 25, 30, 22, 0, 9, 31, 20, 18, 3, None, None, None, None, None, None, None, None, None, None]
n=5: 40529.0s, 74150821888 attempts, 32556885582 affine nodes, 11613 candidates; branch position 24, decisions 19, defined 24; template [0, 0, 0, 1, 0, 2, 4, 8, 0, 4, 7, 16, 13, 27, 30, 3, 0, 15, 2, 4, 3, 19, 20, 31, None, None, None, None, None, None, None, None]
n=5: 40549.0s, 74186407936 attempts, 32575096345 affine nodes, 11614 candidates; branch position 22, decisions 17, defined 22; template [0, 0, 0, 1, 0, 2, 4, 8, 0, 4, 7, 16, 13, 28, 15, 26, 0, 7, 30, 20, 11, 6, None, None, None, None, None, None, None, None, None, None]
n=5: 40569.0s, 74221338624 attempts, 32592995112 affine nodes, 11616 candidates; branch position 22, decisions 17, defined 22; template [0, 0, 0, 1, 0, 2, 4, 8, 0, 4, 7, 16, 13, 29, 2, 30, 0, 9, 13, 21, 30, 1, None, None, None, None, None, None, None, None, None, None]
n=5: 40589.0s, 74256089088 attempts, 32609103023 affine nodes, 11616 candidates; branch position 22, decisions 17, defined 22; template [0, 0, 0, 1, 0, 2, 4, 8, 0, 4, 7, 16, 13, 29, 22, 10, 0, 7, 31, 5, 3, 17, None, None, None, None, None, None, None, None, None, None]
n=5: 40609.0s, 74291445760 attempts, 32626397465 affine nodes, 11616 candidates; branch position 23, decisions 18, defined 23; template [0, 0, 0, 1, 0, 2, 4, 8, 0, 4, 7, 16, 13, 30, 11, 27, 0, 11, 31, 26, 10, 21, 17, None, None, None, None, None, None, None, None, None]
n=5: 40629.0s, 74326949888 attempts, 32644683045 affine nodes, 11616 candidates; branch position 21, decisions 16, defined 21; template [0, 0, 0, 1, 0, 2, 4, 8, 0, 4, 7, 16, 13, 30, 28, 27, 0, 24, 12, 30, 14, None, None, None, None, None, None, None, None, None, None, None]
n=5: 40649.0s, 74362388480 attempts, 32661444478 affine nodes, 11617 candidates; branch position 23, decisions 18, defined 23; template [0, 0, 0, 1, 0, 2, 4, 8, 0, 4, 7, 16, 13, 31, 22, 3, 0, 11, 15, 28, 18, 21, 12, None, None, None, None, None, None, None, None, None]
n=5: 40669.0s, 74397761536 attempts, 32679269850 affine nodes, 11618 candidates; branch position 23, decisions 18, defined 23; template [0, 0, 0, 1, 0, 2, 4, 8, 0, 4, 7, 16, 14, 1, 19, 29, 0, 7, 13, 22, 27, 6, 24, None, None, None, None, None, None, None, None, None]
n=5: 40689.0s, 74433232896 attempts, 32697611511 affine nodes, 11618 candidates; branch position 22, decisions 17, defined 22; template [0, 0, 0, 1, 0, 2, 4, 8, 0, 4, 7, 16, 14, 1, 30, 3, 0, 27, 12, 20, 24, 6, None, None, None, None, None, None, None, None, None, None]
n=5: 40709.0s, 74468966400 attempts, 32717778488 affine nodes, 11618 candidates; branch position 22, decisions 17, defined 22; template [0, 0, 0, 1, 0, 2, 4, 8, 0, 4, 7, 16, 14, 7, 22, 29, 0, 13, 18, 20, 19, 27, None, None, None, None, None, None, None, None, None, None]
n=5: 40729.1s, 74504388608 attempts, 32736375157 affine nodes, 11618 candidates; branch position 22, decisions 17, defined 22; template [0, 0, 0, 1, 0, 2, 4, 8, 0, 4, 7, 16, 14, 9, 20, 26, 0, 25, 27, 5, 8, 30, None, None, None, None, None, None, None, None, None, None]
n=5: 40749.1s, 74539925504 attempts, 32754072247 affine nodes, 11618 candidates; branch position 21, decisions 16, defined 21; template [0, 0, 0, 1, 0, 2, 4, 8, 0, 4, 7, 16, 14, 9, 31, 21, 0, 21, 23, 14, 22, None, None, None, None, None, None, None, None, None, None, None]
n=5: 40769.1s, 74575151104 attempts, 32772154887 affine nodes, 11618 candidates; branch position 22, decisions 17, defined 22; template [0, 0, 0, 1, 0, 2, 4, 8, 0, 4, 7, 16, 14, 11, 28, 3, 0, 16, 14, 28, 17, 9, None, None, None, None, None, None, None, None, None, None]
n=5: 40789.1s, 74610950144 attempts, 32790012012 affine nodes, 11618 candidates; branch position 22, decisions 17, defined 22; template [0, 0, 0, 1, 0, 2, 4, 8, 0, 4, 7, 16, 14, 17, 19, 24, 0, 28, 24, 5, 12, 23, None, None, None, None, None, None, None, None, None, None]
n=5: 40809.1s, 74646552576 attempts, 32807790328 affine nodes, 11625 candidates; branch position 21, decisions 16, defined 21; template [0, 0, 0, 1, 0, 2, 4, 8, 0, 4, 7, 16, 14, 17, 30, 24, 0, 26, 2, 11, 12, None, None, None, None, None, None, None, None, None, None, None]
n=5: 40829.1s, 74682335232 attempts, 32824521348 affine nodes, 11625 candidates; branch position 23, decisions 18, defined 23; template [0, 0, 0, 1, 0, 2, 4, 8, 0, 4, 7, 16, 14, 18, 29, 11, 0, 21, 9, 26, 19, 29, 5, None, None, None, None, None, None, None, None, None]
n=5: 40849.1s, 74718117888 attempts, 32843024457 affine nodes, 11625 candidates; branch position 22, decisions 17, defined 22; template [0, 0, 0, 1, 0, 2, 4, 8, 0, 4, 7, 16, 14, 21, 25, 11, 0, 30, 21, 27, 8, 14, None, None, None, None, None, None, None, None, None, None]
n=5: 40869.1s, 74753933312 attempts, 32862678584 affine nodes, 11625 candidates; branch position 22, decisions 17, defined 22; template [0, 0, 0, 1, 0, 2, 4, 8, 0, 4, 7, 16, 14, 22, 17, 11, 0, 8, 2, 31, 12, 21, None, None, None, None, None, None, None, None, None, None]
n=5: 40889.1s, 74789617664 attempts, 32880388751 affine nodes, 11626 candidates; branch position 23, decisions 18, defined 23; template [0, 0, 0, 1, 0, 2, 4, 8, 0, 4, 7, 16, 14, 22, 29, 11, 0, 27, 25, 7, 20, 11, 18, None, None, None, None, None, None, None, None, None]
n=5: 40909.1s, 74825269248 attempts, 32897839849 affine nodes, 11626 candidates; branch position 23, decisions 18, defined 23; template [0, 0, 0, 1, 0, 2, 4, 8, 0, 4, 7, 16, 14, 23, 28, 21, 0, 19, 29, 12, 15, 7, 22, None, None, None, None, None, None, None, None, None]
n=5: 40929.1s, 74860953600 attempts, 32916665963 affine nodes, 11627 candidates; branch position 22, decisions 17, defined 22; template [0, 0, 0, 1, 0, 2, 4, 8, 0, 4, 7, 16, 14, 26, 19, 28, 0, 25, 12, 10, 24, 31, None, None, None, None, None, None, None, None, None, None]
n=5: 40949.1s, 74896605184 attempts, 32936050335 affine nodes, 11627 candidates; branch position 21, decisions 16, defined 21; template [0, 0, 0, 1, 0, 2, 4, 8, 0, 4, 7, 16, 14, 27, 20, 10, 0, 9, 19, 25, 10, None, None, None, None, None, None, None, None, None, None, None]
n=5: 40969.1s, 74932305920 attempts, 32953588572 affine nodes, 11630 candidates; branch position 23, decisions 18, defined 23; template [0, 0, 0, 1, 0, 2, 4, 8, 0, 4, 7, 16, 14, 28, 1, 23, 0, 26, 9, 24, 12, 21, 2, None, None, None, None, None, None, None, None, None]
n=5: 40989.1s, 74968023040 attempts, 32971360549 affine nodes, 11634 candidates; branch position 22, decisions 17, defined 22; template [0, 0, 0, 1, 0, 2, 4, 8, 0, 4, 7, 16, 14, 28, 30, 11, 0, 10, 24, 4, 21, 15, None, None, None, None, None, None, None, None, None, None]
n=5: 41009.1s, 75003674624 attempts, 32988648115 affine nodes, 11634 candidates; branch position 22, decisions 17, defined 22; template [0, 0, 0, 1, 0, 2, 4, 8, 0, 4, 7, 16, 14, 29, 25, 17, 0, 20, 25, 28, 5, 12, None, None, None, None, None, None, None, None, None, None]
n=5: 41029.1s, 75039440896 attempts, 33006153380 affine nodes, 11635 candidates; branch position 21, decisions 16, defined 21; template [0, 0, 0, 1, 0, 2, 4, 8, 0, 4, 7, 16, 14, 30, 20, 11, 0, 10, 25, 22, 5, None, None, None, None, None, None, None, None, None, None, None]
n=5: 41049.1s, 75075207168 attempts, 33024057893 affine nodes, 11635 candidates; branch position 22, decisions 17, defined 22; template [0, 0, 0, 1, 0, 2, 4, 8, 0, 4, 7, 16, 14, 31, 19, 9, 0, 13, 9, 14, 24, 27, None, None, None, None, None, None, None, None, None, None]
n=5: 41069.1s, 75110776832 attempts, 33040983035 affine nodes, 11638 candidates; branch position 19, decisions 14, defined 19; template [0, 0, 0, 1, 0, 2, 4, 8, 0, 4, 7, 16, 25, 1, 11, 13, 0, 28, 25, None, None, None, None, None, None, None, None, None, None, None, None, None]
n=5: 41089.2s, 75146215424 attempts, 33058800605 affine nodes, 11638 candidates; branch position 22, decisions 17, defined 22; template [0, 0, 0, 1, 0, 2, 4, 8, 0, 4, 7, 16, 25, 1, 28, 27, 0, 16, 28, 25, 8, 3, None, None, None, None, None, None, None, None, None, None]
n=5: 41109.2s, 75181637632 attempts, 33076430538 affine nodes, 11640 candidates; branch position 23, decisions 18, defined 23; template [0, 0, 0, 1, 0, 2, 4, 8, 0, 4, 7, 16, 25, 7, 27, 28, 0, 25, 21, 7, 31, 12, 18, None, None, None, None, None, None, None, None, None]
n=5: 41129.2s, 75217223680 attempts, 33092593726 affine nodes, 11640 candidates; branch position 23, decisions 18, defined 23; template [0, 0, 0, 1, 0, 2, 4, 8, 0, 4, 7, 16, 25, 9, 28, 23, 0, 7, 24, 29, 29, 6, 12, None, None, None, None, None, None, None, None, None]
n=5: 41149.2s, 75251859456 attempts, 33109039317 affine nodes, 11640 candidates; branch position 21, decisions 16, defined 21; template [0, 0, 0, 1, 0, 2, 4, 8, 0, 4, 7, 16, 25, 11, 28, 19, 0, 9, 21, 18, 24, None, None, None, None, None, None, None, None, None, None, None]
n=5: 41169.2s, 75286183936 attempts, 33125954902 affine nodes, 11640 candidates; branch position 23, decisions 18, defined 23; template [0, 0, 0, 1, 0, 2, 4, 8, 0, 4, 7, 16, 25, 17, 10, 3, 0, 20, 2, 18, 29, 30, 20, None, None, None, None, None, None, None, None, None]
n=5: 41189.2s, 75321294848 attempts, 33142746014 affine nodes, 11641 candidates; branch position 23, decisions 18, defined 23; template [0, 0, 0, 1, 0, 2, 4, 8, 0, 4, 7, 16, 25, 18, 15, 10, 0, 13, 2, 11, 19, 25, 1, None, None, None, None, None, None, None, None, None]
n=5: 41209.2s, 75356471296 attempts, 33159174469 affine nodes, 11641 candidates; branch position 22, decisions 17, defined 22; template [0, 0, 0, 1, 0, 2, 4, 8, 0, 4, 7, 16, 25, 22, 27, 29, 0, 16, 26, 7, 29, 23, None, None, None, None, None, None, None, None, None, None]
n=5: 41229.2s, 75391746048 attempts, 33175723836 affine nodes, 11643 candidates; branch position 23, decisions 18, defined 23; template [0, 0, 0, 1, 0, 2, 4, 8, 0, 4, 7, 16, 25, 28, 27, 19, 0, 18, 13, 2, 20, 13, 24, None, None, None, None, None, None, None, None, None]
n=5: 41249.2s, 75427250176 attempts, 33195921138 affine nodes, 11643 candidates; branch position 22, decisions 17, defined 22; template [0, 0, 0, 1, 0, 2, 4, 8, 0, 4, 7, 16, 26, 1, 20, 9, 0, 28, 17, 31, 14, 13, None, None, None, None, None, None, None, None, None, None]
n=5: 41269.2s, 75462787072 attempts, 33216354981 affine nodes, 11643 candidates; branch position 23, decisions 18, defined 23; template [0, 0, 0, 1, 0, 2, 4, 8, 0, 4, 7, 16, 26, 7, 11, 17, 0, 24, 28, 26, 8, 3, 14, None, None, None, None, None, None, None, None, None]
n=5: 41289.2s, 75498373120 attempts, 33234743412 affine nodes, 11643 candidates; branch position 22, decisions 17, defined 22; template [0, 0, 0, 1, 0, 2, 4, 8, 0, 4, 7, 16, 26, 9, 11, 30, 0, 30, 25, 5, 16, 21, None, None, None, None, None, None, None, None, None, None]
n=5: 41309.2s, 75534008320 attempts, 33252448311 affine nodes, 11644 candidates; branch position 22, decisions 17, defined 22; template [0, 0, 0, 1, 0, 2, 4, 8, 0, 4, 7, 16, 26, 11, 1, 23, 0, 11, 31, 7, 8, 24, None, None, None, None, None, None, None, None, None, None]
n=5: 41329.2s, 75569545216 attempts, 33270816744 affine nodes, 11644 candidates; branch position 23, decisions 18, defined 23; template [0, 0, 0, 1, 0, 2, 4, 8, 0, 4, 7, 16, 26, 11, 22, 29, 0, 26, 9, 25, 3, 12, 26, None, None, None, None, None, None, None, None, None]
n=5: 41349.2s, 75605032960 attempts, 33289507805 affine nodes, 11644 candidates; branch position 22, decisions 17, defined 22; template [0, 0, 0, 1, 0, 2, 4, 8, 0, 4, 7, 16, 26, 12, 17, 22, 0, 25, 28, 15, 15, 4, None, None, None, None, None, None, None, None, None, None]
n=5: 41369.2s, 75640619008 attempts, 33308575644 affine nodes, 11646 candidates; branch position 23, decisions 18, defined 23; template [0, 0, 0, 1, 0, 2, 4, 8, 0, 4, 7, 16, 26, 14, 11, 22, 0, 7, 25, 11, 16, 9, 24, None, None, None, None, None, None, None, None, None]
n=5: 41389.2s, 75676106752 attempts, 33328093184 affine nodes, 11646 candidates; branch position 22, decisions 17, defined 22; template [0, 0, 0, 1, 0, 2, 4, 8, 0, 4, 7, 16, 26, 17, 10, 13, 0, 29, 23, 31, 6, 12, None, None, None, None, None, None, None, None, None, None]
n=5: 41409.2s, 75711905792 attempts, 33346307727 affine nodes, 11646 candidates; branch position 21, decisions 16, defined 21; template [0, 0, 0, 1, 0, 2, 4, 8, 0, 4, 7, 16, 26, 17, 22, 31, 0, 19, 2, 22, 29, None, None, None, None, None, None, None, None, None, None, None]
n=5: 41429.2s, 75747573760 attempts, 33363842779 affine nodes, 11648 candidates; branch position 23, decisions 18, defined 23; template [0, 0, 0, 1, 0, 2, 4, 8, 0, 4, 7, 16, 26, 18, 15, 9, 0, 28, 16, 30, 1, 4, 14, None, None, None, None, None, None, None, None, None]
n=5: 41449.2s, 75783094272 attempts, 33381769415 affine nodes, 11649 candidates; branch position 22, decisions 17, defined 22; template [0, 0, 0, 1, 0, 2, 4, 8, 0, 4, 7, 16, 26, 21, 9, 22, 0, 20, 16, 25, 18, 3, None, None, None, None, None, None, None, None, None, None]
n=5: 41469.2s, 75818729472 attempts, 33399840783 affine nodes, 11649 candidates; branch position 23, decisions 18, defined 23; template [0, 0, 0, 1, 0, 2, 4, 8, 0, 4, 7, 16, 26, 23, 1, 6, 0, 24, 12, 10, 21, 31, 24, None, None, None, None, None, None, None, None, None]
n=5: 41489.2s, 75854200832 attempts, 33416883044 affine nodes, 11649 candidates; branch position 21, decisions 16, defined 21; template [0, 0, 0, 1, 0, 2, 4, 8, 0, 4, 7, 16, 26, 23, 28, 9, 0, 20, 16, 26, 6, None, None, None, None, None, None, None, None, None, None, None]
n=5: 41509.2s, 75889639424 attempts, 33434345453 affine nodes, 11652 candidates; branch position 23, decisions 18, defined 23; template [0, 0, 0, 1, 0, 2, 4, 8, 0, 4, 7, 16, 26, 25, 19, 11, 0, 20, 12, 23, 6, 1, 13, None, None, None, None, None, None, None, None, None]
n=5: 41529.2s, 75924963328 attempts, 33452455975 affine nodes, 11653 candidates; branch position 22, decisions 17, defined 22; template [0, 0, 0, 1, 0, 2, 4, 8, 0, 4, 7, 16, 26, 29, 9, 21, 0, 31, 29, 7, 27, 13, None, None, None, None, None, None, None, None, None, None]
n=5: 41549.2s, 75960401920 attempts, 33470772114 affine nodes, 11653 candidates; branch position 22, decisions 17, defined 22; template [0, 0, 0, 1, 0, 2, 4, 8, 0, 4, 7, 16, 26, 29, 20, 13, 0, 24, 23, 17, 7, 15, None, None, None, None, None, None, None, None, None, None]
n=5: 41569.2s, 75995856896 attempts, 33488747201 affine nodes, 11653 candidates; branch position 22, decisions 17, defined 22; template [0, 0, 0, 1, 0, 2, 4, 8, 0, 4, 7, 16, 26, 31, 10, 9, 0, 10, 18, 31, 1, 20, None, None, None, None, None, None, None, None, None, None]
n=5: 41589.2s, 76031574016 attempts, 33505407331 affine nodes, 11656 candidates; branch position 21, decisions 16, defined 21; template [0, 0, 0, 1, 0, 2, 4, 8, 0, 4, 7, 16, 26, 31, 22, 3, 0, 16, 21, 10, 6, None, None, None, None, None, None, None, None, None, None, None]
n=5: 41609.2s, 76067160064 attempts, 33524218403 affine nodes, 11656 candidates; branch position 22, decisions 17, defined 22; template [0, 0, 0, 1, 0, 2, 4, 8, 0, 4, 7, 16, 27, 1, 22, 10, 0, 21, 14, 19, 3, 24, None, None, None, None, None, None, None, None, None, None]
n=5: 41629.3s, 76102795264 attempts, 33542737203 affine nodes, 11656 candidates; branch position 23, decisions 18, defined 23; template [0, 0, 0, 1, 0, 2, 4, 8, 0, 4, 7, 16, 27, 7, 13, 28, 0, 27, 16, 30, 5, 14, 12, None, None, None, None, None, None, None, None, None]
n=5: 41649.3s, 76138397696 attempts, 33559791834 affine nodes, 11656 candidates; branch position 24, decisions 19, defined 24; template [0, 0, 0, 1, 0, 2, 4, 8, 0, 4, 7, 16, 27, 9, 13, 6, 0, 17, 13, 2, 18, 20, 14, 29, None, None, None, None, None, None, None, None]
n=5: 41669.3s, 76173950976 attempts, 33575986326 affine nodes, 11656 candidates; branch position 23, decisions 18, defined 23; template [0, 0, 0, 1, 0, 2, 4, 8, 0, 4, 7, 16, 27, 11, 1, 21, 0, 26, 31, 17, 10, 12, 5, None, None, None, None, None, None, None, None, None]
n=5: 41689.3s, 76209553408 attempts, 33593042625 affine nodes, 11656 candidates; branch position 23, decisions 18, defined 23; template [0, 0, 0, 1, 0, 2, 4, 8, 0, 4, 7, 16, 27, 11, 29, 6, 0, 25, 23, 2, 7, 26, 11, None, None, None, None, None, None, None, None, None]
n=5: 41709.3s, 76245254144 attempts, 33610413596 affine nodes, 11656 candidates; branch position 23, decisions 18, defined 23; template [0, 0, 0, 1, 0, 2, 4, 8, 0, 4, 7, 16, 27, 14, 11, 17, 0, 15, 30, 23, 18, 4, 17, None, None, None, None, None, None, None, None, None]
n=5: 41729.3s, 76280823808 attempts, 33628259150 affine nodes, 11656 candidates; branch position 21, decisions 16, defined 21; template [0, 0, 0, 1, 0, 2, 4, 8, 0, 4, 7, 16, 27, 17, 13, 28, 0, 9, 17, 5, 6, None, None, None, None, None, None, None, None, None, None, None]
n=5: 41749.3s, 76316360704 attempts, 33645347805 affine nodes, 11657 candidates; branch position 24, decisions 18, defined 24; template [0, 0, 0, 1, 0, 2, 4, 8, 0, 4, 7, 16, 27, 18, 1, 28, 0, 11, 30, 25, 19, 6, 12, 26, None, None, None, None, None, None, None, None]
n=5: 41769.3s, 76352110592 attempts, 33663696939 affine nodes, 11657 candidates; branch position 21, decisions 16, defined 21; template [0, 0, 0, 1, 0, 2, 4, 8, 0, 4, 7, 16, 27, 21, 1, 9, 0, 17, 24, 29, 18, None, None, None, None, None, None, None, None, None, None, None]
n=5: 41789.3s, 76387975168 attempts, 33681113936 affine nodes, 11657 candidates; branch position 22, decisions 17, defined 22; template [0, 0, 0, 1, 0, 2, 4, 8, 0, 4, 7, 16, 27, 21, 30, 13, 0, 10, 8, 29, 26, 6, None, None, None, None, None, None, None, None, None, None]
n=5: 41809.3s, 76423839744 attempts, 33698981624 affine nodes, 11657 candidates; branch position 22, decisions 17, defined 22; template [0, 0, 0, 1, 0, 2, 4, 8, 0, 4, 7, 16, 27, 22, 20, 30, 0, 8, 23, 30, 5, 14, None, None, None, None, None, None, None, None, None, None]
n=5: 41829.3s, 76459671552 attempts, 33716544628 affine nodes, 11657 candidates; branch position 22, decisions 17, defined 22; template [0, 0, 0, 1, 0, 2, 4, 8, 0, 4, 7, 16, 27, 28, 11, 3, 0, 19, 15, 31, 10, 15, None, None, None, None, None, None, None, None, None, None]
n=5: 41849.3s, 76495454208 attempts, 33734953615 affine nodes, 11657 candidates; branch position 21, decisions 16, defined 21; template [0, 0, 0, 1, 0, 2, 4, 8, 0, 4, 7, 16, 27, 28, 30, 21, 0, 20, 25, 22, 16, None, None, None, None, None, None, None, None, None, None, None]
n=5: 41869.3s, 76531171328 attempts, 33752163357 affine nodes, 11657 candidates; branch position 22, decisions 17, defined 22; template [0, 0, 0, 1, 0, 2, 4, 8, 0, 4, 7, 16, 27, 30, 13, 22, 0, 9, 27, 15, 5, 6, None, None, None, None, None, None, None, None, None, None]
n=5: 41889.3s, 76566822912 attempts, 33770582366 affine nodes, 11657 candidates; branch position 22, decisions 17, defined 22; template [0, 0, 0, 1, 0, 2, 4, 8, 0, 4, 7, 16, 28, 1, 13, 22, 0, 24, 26, 19, 3, 6, None, None, None, None, None, None, None, None, None, None]
n=5: 41909.3s, 76602376192 attempts, 33789254409 affine nodes, 11657 candidates; branch position 21, decisions 16, defined 21; template [0, 0, 0, 1, 0, 2, 4, 8, 0, 4, 7, 16, 28, 7, 2, 24, 0, 15, 8, 28, 27, None, None, None, None, None, None, None, None, None, None, None]
n=5: 41929.3s, 76637978624 attempts, 33809262308 affine nodes, 11657 candidates; branch position 22, decisions 17, defined 22; template [0, 0, 0, 1, 0, 2, 4, 8, 0, 4, 7, 16, 28, 7, 30, 17, 0, 20, 17, 23, 29, 3, None, None, None, None, None, None, None, None, None, None]
n=5: 41949.3s, 76673695744 attempts, 33826981234 affine nodes, 11659 candidates; branch position 23, decisions 18, defined 23; template [0, 0, 0, 1, 0, 2, 4, 8, 0, 4, 7, 16, 28, 9, 30, 6, 0, 10, 25, 28, 21, 11, 22, None, None, None, None, None, None, None, None, None]
n=5: 41969.3s, 76709478400 attempts, 33844940661 affine nodes, 11659 candidates; branch position 22, decisions 17, defined 22; template [0, 0, 0, 1, 0, 2, 4, 8, 0, 4, 7, 16, 28, 12, 26, 23, 0, 11, 17, 30, 24, 18, None, None, None, None, None, None, None, None, None, None]
n=5: 41989.3s, 76745146368 attempts, 33863507132 affine nodes, 11660 candidates; branch position 21, decisions 16, defined 21; template [0, 0, 0, 1, 0, 2, 4, 8, 0, 4, 7, 16, 28, 14, 25, 23, 0, 25, 13, 10, 15, None, None, None, None, None, None, None, None, None, None, None]
n=5: 42009.4s, 76780503040 attempts, 33880364517 affine nodes, 11660 candidates; branch position 23, decisions 18, defined 23; template [0, 0, 0, 1, 0, 2, 4, 8, 0, 4, 7, 16, 28, 17, 30, 24, 0, 19, 13, 31, 24, 7, 2, None, None, None, None, None, None, None, None, None]
n=5: 42029.4s, 76815761408 attempts, 33897894102 affine nodes, 11663 candidates; branch position 22, decisions 17, defined 22; template [0, 0, 0, 1, 0, 2, 4, 8, 0, 4, 7, 16, 28, 21, 11, 19, 0, 7, 12, 21, 1, 19, None, None, None, None, None, None, None, None, None, None]
n=5: 42049.4s, 76851085312 attempts, 33916770917 affine nodes, 11663 candidates; branch position 22, decisions 17, defined 22; template [0, 0, 0, 1, 0, 2, 4, 8, 0, 4, 7, 16, 28, 22, 26, 10, 0, 14, 29, 30, 23, 6, None, None, None, None, None, None, None, None, None, None]
n=5: 42069.4s, 76886343680 attempts, 33933363439 affine nodes, 11663 candidates; branch position 21, decisions 16, defined 21; template [0, 0, 0, 1, 0, 2, 4, 8, 0, 4, 7, 16, 28, 27, 30, 13, 0, 30, 9, 18, 12, None, None, None, None, None, None, None, None, None, None, None]
n=5: 42089.4s, 76922224640 attempts, 33950911457 affine nodes, 11663 candidates; branch position 23, decisions 18, defined 23; template [0, 0, 0, 1, 0, 2, 4, 8, 0, 4, 7, 16, 29, 1, 20, 10, 0, 10, 18, 20, 1, 27, 30, None, None, None, None, None, None, None, None, None]
n=5: 42109.4s, 76957974528 attempts, 33969558137 affine nodes, 11664 candidates; branch position 21, decisions 16, defined 21; template [0, 0, 0, 1, 0, 2, 4, 8, 0, 4, 7, 16, 29, 7, 17, 31, 0, 27, 15, 25, 10, None, None, None, None, None, None, None, None, None, None, None]
n=5: 42129.4s, 76993839104 attempts, 33987686121 affine nodes, 11664 candidates; branch position 22, decisions 17, defined 22; template [0, 0, 0, 1, 0, 2, 4, 8, 0, 4, 7, 16, 29, 9, 27, 17, 0, 17, 30, 7, 23, 20, None, None, None, None, None, None, None, None, None, None]
n=5: 42149.4s, 77029703680 attempts, 34005193136 affine nodes, 11664 candidates; branch position 23, decisions 18, defined 23; template [0, 0, 0, 1, 0, 2, 4, 8, 0, 4, 7, 16, 29, 12, 19, 26, 0, 24, 11, 30, 12, 11, 14, None, None, None, None, None, None, None, None, None]
n=5: 42169.4s, 77065224192 attempts, 34022672487 affine nodes, 11665 candidates; branch position 22, decisions 17, defined 22; template [0, 0, 0, 1, 0, 2, 4, 8, 0, 4, 7, 16, 29, 18, 11, 23, 0, 19, 17, 26, 16, 29, None, None, None, None, None, None, None, None, None, None]
n=5: 42189.4s, 77100580864 attempts, 34038805912 affine nodes, 11665 candidates; branch position 22, decisions 17, defined 22; template [0, 0, 0, 1, 0, 2, 4, 8, 0, 4, 7, 16, 29, 21, 27, 10, 0, 20, 29, 15, 23, 4, None, None, None, None, None, None, None, None, None, None]
n=5: 42209.4s, 77135779594 attempts, 34055651328 affine nodes, 11665 candidates; branch position 18, decisions 13, defined 19; template [0, 0, 0, 1, 0, 2, 4, 8, 0, 4, 7, 16, 29, 26, 31, 9, 0, 18, 27, None, None, None, None, None, None, None, None, None, None, None, None, None]
n=5: 42229.4s, 77171261440 attempts, 34074016161 affine nodes, 11665 candidates; branch position 22, decisions 17, defined 22; template [0, 0, 0, 1, 0, 2, 4, 8, 0, 4, 8, 2, 16, 19, 29, 15, 0, 13, 19, 10, 3, 21, None, None, None, None, None, None, None, None, None, None]
n=5: 42249.4s, 77206454272 attempts, 34093573060 affine nodes, 11665 candidates; branch position 21, decisions 16, defined 21; template [0, 0, 0, 1, 0, 2, 4, 8, 0, 4, 8, 3, 15, 16, 21, 11, 0, 20, 14, 11, 25, None, None, None, None, None, None, None, None, None, None, None]
n=5: 42269.4s, 77241303040 attempts, 34111772395 affine nodes, 11665 candidates; branch position 20, decisions 15, defined 20; template [0, 0, 0, 1, 0, 2, 4, 8, 0, 4, 8, 3, 15, 16, 30, 29, 0, 18, 25, 17, None, None, None, None, None, None, None, None, None, None, None, None]
n=5: 42289.4s, 77277167616 attempts, 34130387847 affine nodes, 11665 candidates; branch position 22, decisions 17, defined 22; template [0, 0, 0, 1, 0, 2, 4, 8, 0, 4, 8, 3, 16, 14, 29, 20, 0, 7, 14, 26, 8, 19, None, None, None, None, None, None, None, None, None, None]
n=5: 42309.4s, 77312901120 attempts, 34148517040 affine nodes, 11665 candidates; branch position 22, decisions 17, defined 22; template [0, 0, 0, 1, 0, 2, 4, 8, 0, 4, 8, 3, 16, 21, 18, 9, 0, 14, 17, 24, 22, 3, None, None, None, None, None, None, None, None, None, None]
n=5: 42329.4s, 77347995648 attempts, 34168161654 affine nodes, 11665 candidates; branch position 22, decisions 17, defined 22; template [0, 0, 0, 1, 0, 2, 4, 8, 0, 4, 8, 3, 16, 23, 29, 14, 0, 24, 28, 7, 25, 16, None, None, None, None, None, None, None, None, None, None]
n=5: 42349.4s, 77383270400 attempts, 34187517350 affine nodes, 11665 candidates; branch position 21, decisions 16, defined 21; template [0, 0, 0, 1, 0, 2, 4, 8, 0, 4, 8, 3, 16, 25, 30, 14, 0, 15, 25, 20, 24, None, None, None, None, None, None, None, None, None, None, None]
n=5: 42369.4s, 77419003904 attempts, 34205173846 affine nodes, 11665 candidates; branch position 21, decisions 16, defined 21; template [0, 0, 0, 1, 0, 2, 4, 8, 0, 4, 8, 7, 16, 11, 22, 6, 0, 31, 18, 17, 7, None, None, None, None, None, None, None, None, None, None, None]
n=5: 42389.4s, 77454704640 attempts, 34223119797 affine nodes, 11665 candidates; branch position 20, decisions 15, defined 20; template [0, 0, 0, 1, 0, 2, 4, 8, 0, 4, 8, 7, 16, 14, 18, 9, 0, 11, 6, 27, None, None, None, None, None, None, None, None, None, None, None, None]
n=5: 42409.4s, 77490585600 attempts, 34241121056 affine nodes, 11665 candidates; branch position 23, decisions 18, defined 23; template [0, 0, 0, 1, 0, 2, 4, 8, 0, 4, 8, 7, 16, 14, 29, 9, 0, 11, 2, 18, 13, 7, 22, None, None, None, None, None, None, None, None, None]
n=5: 42429.4s, 77526433792 attempts, 34259116071 affine nodes, 11665 candidates; branch position 22, decisions 17, defined 22; template [0, 0, 0, 1, 0, 2, 4, 8, 0, 4, 8, 7, 16, 19, 30, 9, 0, 20, 22, 29, 11, 6, None, None, None, None, None, None, None, None, None, None]
n=5: 42449.5s, 77562249216 attempts, 34275253428 affine nodes, 11665 candidates; branch position 22, decisions 17, defined 22; template [0, 0, 0, 1, 0, 2, 4, 8, 0, 4, 8, 7, 16, 23, 18, 26, 0, 22, 18, 14, 5, 29, None, None, None, None, None, None, None, None, None, None]
n=5: 42469.5s, 77598031872 attempts, 34291856554 affine nodes, 11666 candidates; branch position 22, decisions 17, defined 22; template [0, 0, 0, 1, 0, 2, 4, 8, 0, 4, 8, 7, 16, 24, 22, 11, 0, 13, 17, 4, 1, 22, None, None, None, None, None, None, None, None, None, None]
n=5: 42489.5s, 77633732608 attempts, 34308945437 affine nodes, 11666 candidates; branch position 21, decisions 16, defined 21; template [0, 0, 0, 1, 0, 2, 4, 8, 0, 4, 8, 7, 16, 25, 29, 21, 0, 16, 26, 15, 8, None, None, None, None, None, None, None, None, None, None, None]
n=5: 42509.5s, 77669449728 attempts, 34325183703 affine nodes, 11666 candidates; branch position 21, decisions 16, defined 21; template [0, 0, 0, 1, 0, 2, 4, 8, 0, 4, 8, 7, 16, 27, 22, 15, 0, 20, 22, 10, 3, None, None, None, None, None, None, None, None, None, None, None]
n=5: 42529.5s, 77705019392 attempts, 34341823634 affine nodes, 11666 candidates; branch position 22, decisions 17, defined 22; template [0, 0, 0, 1, 0, 2, 4, 8, 0, 4, 8, 7, 16, 29, 25, 31, 0, 29, 22, 5, 28, 27, None, None, None, None, None, None, None, None, None, None]
n=5: 42549.5s, 77740539904 attempts, 34357624567 affine nodes, 11666 candidates; branch position 23, decisions 18, defined 23; template [0, 0, 0, 1, 0, 2, 4, 8, 0, 4, 8, 15, 15, 16, 18, 5, 0, 22, 3, 25, 18, 9, 2, None, None, None, None, None, None, None, None, None]
n=5: 42569.5s, 77776404480 attempts, 34374315024 affine nodes, 11666 candidates; branch position 22, decisions 17, defined 22; template [0, 0, 0, 1, 0, 2, 4, 8, 0, 4, 8, 15, 15, 16, 30, 23, 0, 24, 31, 13, 18, 1, None, None, None, None, None, None, None, None, None, None]
n=5: 42589.5s, 77812318208 attempts, 34392398403 affine nodes, 11666 candidates; branch position 22, decisions 17, defined 22; template [0, 0, 0, 1, 0, 2, 4, 8, 0, 4, 8, 15, 16, 3, 21, 5, 0, 21, 31, 7, 14, 19, None, None, None, None, None, None, None, None, None, None]
n=5: 42609.5s, 77848330240 attempts, 34409842411 affine nodes, 11666 candidates; branch position 22, decisions 17, defined 22; template [0, 0, 0, 1, 0, 2, 4, 8, 0, 4, 8, 15, 16, 3, 30, 29, 0, 30, 28, 17, 1, 19, None, None, None, None, None, None, None, None, None, None]
n=5: 42629.5s, 77884047360 attempts, 34426349757 affine nodes, 11666 candidates; branch position 23, decisions 18, defined 24; template [0, 0, 0, 1, 0, 2, 4, 8, 0, 4, 8, 15, 16, 21, 23, 3, 0, 14, 25, 31, 13, 18, 14, None, None, None, None, None, 4, None, None, None]
n=5: 42649.5s, 77919879168 attempts, 34443033431 affine nodes, 11666 candidates; branch position 22, decisions 17, defined 22; template [0, 0, 0, 1, 0, 2, 4, 8, 0, 4, 8, 15, 16, 24, 29, 3, 0, 28, 2, 26, 15, 31, None, None, None, None, None, None, None, None, None, None]
n=5: 42669.5s, 77955661824 attempts, 34460127066 affine nodes, 11666 candidates; branch position 23, decisions 18, defined 23; template [0, 0, 0, 1, 0, 2, 4, 8, 0, 4, 8, 15, 16, 27, 25, 20, 0, 16, 19, 11, 25, 4, 27, None, None, None, None, None, None, None, None, None]
n=5: 42689.5s, 77991510016 attempts, 34476466368 affine nodes, 11666 candidates; branch position 22, decisions 17, defined 22; template [0, 0, 0, 1, 0, 2, 4, 8, 0, 4, 8, 16, 15, 7, 26, 28, 0, 14, 13, 17, 28, 27, None, None, None, None, None, None, None, None, None, None]
n=5: 42709.5s, 78027210752 attempts, 34494113145 affine nodes, 11667 candidates; branch position 22, decisions 17, defined 22; template [0, 0, 0, 1, 0, 2, 4, 8, 0, 4, 8, 16, 15, 18, 22, 5, 0, 23, 18, 11, 12, 25, None, None, None, None, None, None, None, None, None, None]
n=5: 42729.5s, 78062895104 attempts, 34511693336 affine nodes, 11669 candidates; branch position 21, decisions 16, defined 21; template [0, 0, 0, 1, 0, 2, 4, 8, 0, 4, 8, 16, 15, 21, 31, 24, 0, 20, 22, 13, 11, None, None, None, None, None, None, None, None, None, None, None]
n=5: 42749.5s, 78098710528 attempts, 34528467997 affine nodes, 11671 candidates; branch position 22, decisions 17, defined 22; template [0, 0, 0, 1, 0, 2, 4, 8, 0, 4, 8, 16, 15, 25, 30, 11, 0, 7, 31, 2, 14, 16, None, None, None, None, None, None, None, None, None, None]
n=5: 42769.5s, 78134427648 attempts, 34546525702 affine nodes, 11674 candidates; branch position 22, decisions 17, defined 22; template [0, 0, 0, 1, 0, 2, 4, 8, 0, 4, 8, 16, 15, 27, 30, 22, 0, 11, 30, 13, 13, 24, None, None, None, None, None, None, None, None, None, None]
n=5: 42789.5s, 78170193920 attempts, 34564046118 affine nodes, 11674 candidates; branch position 22, decisions 17, defined 22; template [0, 0, 0, 1, 0, 2, 4, 8, 0, 4, 8, 16, 15, 29, 19, 30, 0, 29, 7, 15, 23, 9, None, None, None, None, None, None, None, None, None, None]
n=5: 42809.5s, 78205796352 attempts, 34580587515 affine nodes, 11674 candidates; branch position 22, decisions 17, defined 22; template [0, 0, 0, 1, 0, 2, 4, 8, 0, 4, 8, 16, 15, 30, 23, 11, 0, 31, 17, 20, 8, 24, None, None, None, None, None, None, None, None, None, None]
n=5: 42829.5s, 78241447936 attempts, 34597761371 affine nodes, 11674 candidates; branch position 22, decisions 17, defined 22; template [0, 0, 0, 1, 0, 2, 4, 8, 0, 4, 8, 16, 16, 1, 15, 27, 0, 9, 11, 20, 18, 4, None, None, None, None, None, None, None, None, None, None]
n=5: 42849.5s, 78277099520 attempts, 34616328205 affine nodes, 11674 candidates; branch position 21, decisions 16, defined 21; template [0, 0, 0, 1, 0, 2, 4, 8, 0, 4, 8, 16, 16, 7, 30, 5, 0, 26, 29, 2, 11, None, None, None, None, None, None, None, None, None, None, None]
n=5: 42869.6s, 78312636416 attempts, 34635774761 affine nodes, 11674 candidates; branch position 22, decisions 17, defined 22; template [0, 0, 0, 1, 0, 2, 4, 8, 0, 4, 8, 16, 16, 14, 19, 27, 0, 20, 16, 13, 25, 28, None, None, None, None, None, None, None, None, None, None]
n=5: 42889.6s, 78348156928 attempts, 34653372208 affine nodes, 11674 candidates; branch position 21, decisions 16, defined 21; template [0, 0, 0, 1, 0, 2, 4, 8, 0, 4, 8, 16, 16, 21, 14, 9, 0, 8, 21, 26, 14, None, None, None, None, None, None, None, None, None, None, None]
n=5: 42909.6s, 78383546368 attempts, 34671938456 affine nodes, 11674 candidates; branch position 22, decisions 17, defined 22; template [0, 0, 0, 1, 0, 2, 4, 8, 0, 4, 8, 16, 16, 25, 7, 27, 0, 20, 16, 9, 12, 15, None, None, None, None, None, None, None, None, None, None]
n=5: 42929.6s, 78419099648 attempts, 34690156855 affine nodes, 11674 candidates; branch position 23, decisions 18, defined 23; template [0, 0, 0, 1, 0, 2, 4, 8, 0, 4, 8, 16, 16, 30, 11, 23, 0, 15, 11, 22, 12, 1, 29, None, None, None, None, None, None, None, None, None]
n=5: 42949.6s, 78454538240 attempts, 34708041408 affine nodes, 11675 candidates; branch position 23, decisions 18, defined 23; template [0, 0, 0, 1, 0, 2, 4, 8, 0, 4, 8, 16, 19, 7, 14, 29, 0, 8, 3, 25, 28, 22, 19, None, None, None, None, None, None, None, None, None]
n=5: 42969.6s, 78489468928 attempts, 34726181014 affine nodes, 11675 candidates; branch position 23, decisions 18, defined 23; template [0, 0, 0, 1, 0, 2, 4, 8, 0, 4, 8, 16, 19, 15, 11, 28, 0, 19, 16, 30, 13, 11, 2, None, None, None, None, None, None, None, None, None]
n=5: 42989.6s, 78524203008 attempts, 34742355986 affine nodes, 11677 candidates; branch position 23, decisions 18, defined 23; template [0, 0, 0, 1, 0, 2, 4, 8, 0, 4, 8, 16, 19, 25, 11, 28, 0, 26, 7, 24, 11, 29, 23, None, None, None, None, None, None, None, None, None]
n=5: 43009.6s, 78558953472 attempts, 34759700292 affine nodes, 11678 candidates; branch position 22, decisions 17, defined 22; template [0, 0, 0, 1, 0, 2, 4, 8, 0, 4, 8, 16, 19, 26, 11, 29, 0, 21, 26, 3, 24, 31, None, None, None, None, None, None, None, None, None, None]
n=5: 43029.6s, 78593802240 attempts, 34777496021 affine nodes, 11678 candidates; branch position 23, decisions 18, defined 23; template [0, 0, 0, 1, 0, 2, 4, 8, 0, 4, 8, 16, 19, 27, 22, 28, 0, 9, 23, 7, 26, 29, 12, None, None, None, None, None, None, None, None, None]
n=5: 43049.6s, 78628716544 attempts, 34795213371 affine nodes, 11678 candidates; branch position 21, decisions 16, defined 21; template [0, 0, 0, 1, 0, 2, 4, 8, 0, 4, 8, 16, 19, 29, 15, 6, 0, 10, 3, 19, 5, None, None, None, None, None, None, None, None, None, None, None]
n=5: 43069.6s, 78664171520 attempts, 34811545270 affine nodes, 11679 candidates; branch position 21, decisions 16, defined 21; template [0, 0, 0, 1, 0, 2, 4, 8, 0, 4, 8, 16, 19, 30, 26, 9, 0, 14, 3, 29, 8, None, None, None, None, None, None, None, None, None, None, None]
n=5: 43089.6s, 78699626496 attempts, 34828534138 affine nodes, 11680 candidates; branch position 23, decisions 18, defined 23; template [0, 0, 0, 1, 0, 2, 4, 8, 0, 4, 8, 16, 21, 7, 14, 11, 0, 10, 28, 18, 7, 4, 10, None, None, None, None, None, None, None, None, None]
n=5: 43109.6s, 78735172858 attempts, 34846539776 affine nodes, 11680 candidates; branch position 15, decisions 11, defined 17; template [0, 0, 0, 1, 0, 2, 4, 8, 0, 4, 8, 16, 21, 11, 14, 30, 0, None, None, None, None, None, None, None, None, None, None, None, None, None, None, None]
n=5: 43129.6s, 78770782208 attempts, 34864966652 affine nodes, 11682 candidates; branch position 22, decisions 17, defined 22; template [0, 0, 0, 1, 0, 2, 4, 8, 0, 4, 8, 16, 21, 14, 23, 11, 0, 10, 18, 4, 3, 13, None, None, None, None, None, None, None, None, None, None]
n=5: 43149.6s, 78806450176 attempts, 34883148331 affine nodes, 11682 candidates; branch position 21, decisions 16, defined 21; template [0, 0, 0, 1, 0, 2, 4, 8, 0, 4, 8, 16, 21, 18, 11, 30, 0, 16, 23, 9, 30, None, None, None, None, None, None, None, None, None, None, None]
n=5: 43169.6s, 78842085376 attempts, 34900955152 affine nodes, 11684 candidates; branch position 21, decisions 16, defined 21; template [0, 0, 0, 1, 0, 2, 4, 8, 0, 4, 8, 16, 21, 22, 11, 3, 0, 16, 29, 9, 31, None, None, None, None, None, None, None, None, None, None, None]
n=5: 43189.6s, 78877704192 attempts, 34918376995 affine nodes, 11689 candidates; branch position 22, decisions 17, defined 22; template [0, 0, 0, 1, 0, 2, 4, 8, 0, 4, 8, 16, 21, 26, 23, 31, 0, 23, 3, 30, 10, 13, None, None, None, None, None, None, None, None, None, None]
n=5: 43209.6s, 78913339392 attempts, 34935798007 affine nodes, 11689 candidates; branch position 22, decisions 17, defined 22; template [0, 0, 0, 1, 0, 2, 4, 8, 0, 4, 8, 16, 21, 28, 14, 23, 0, 11, 28, 9, 17, 27, None, None, None, None, None, None, None, None, None, None]
n=5: 43229.6s, 78949023744 attempts, 34955263437 affine nodes, 11689 candidates; branch position 22, decisions 17, defined 22; template [0, 0, 0, 1, 0, 2, 4, 8, 0, 4, 8, 16, 21, 29, 14, 17, 0, 17, 14, 30, 18, 7, None, None, None, None, None, None, None, None, None, None]
n=5: 43249.6s, 78984675328 attempts, 34973437284 affine nodes, 11689 candidates; branch position 22, decisions 17, defined 22; template [0, 0, 0, 1, 0, 2, 4, 8, 0, 4, 8, 16, 21, 30, 7, 15, 0, 31, 2, 20, 11, 24, None, None, None, None, None, None, None, None, None, None]
n=5: 43269.6s, 79020392448 attempts, 34990971165 affine nodes, 11690 candidates; branch position 22, decisions 17, defined 22; template [0, 0, 0, 1, 0, 2, 4, 8, 0, 4, 8, 16, 21, 31, 14, 28, 0, 26, 2, 23, 17, 12, None, None, None, None, None, None, None, None, None, None]
n=5: 43289.6s, 79056027648 attempts, 35008841041 affine nodes, 11690 candidates; branch position 21, decisions 16, defined 21; template [0, 0, 0, 1, 0, 2, 4, 8, 0, 4, 8, 16, 22, 7, 14, 9, 0, 21, 17, 24, 1, None, None, None, None, None, None, None, None, None, None, None]
n=5: 43309.7s, 79091695616 attempts, 35026246596 affine nodes, 11693 candidates; branch position 23, decisions 18, defined 23; template [0, 0, 0, 1, 0, 2, 4, 8, 0, 4, 8, 16, 22, 15, 27, 21, 0, 22, 27, 15, 15, 9, 26, None, None, None, None, None, None, None, None, None]
n=5: 43329.7s, 79127298048 attempts, 35043692039 affine nodes, 11694 candidates; branch position 21, decisions 16, defined 21; template [0, 0, 0, 1, 0, 2, 4, 8, 0, 4, 8, 16, 22, 21, 14, 27, 0, 30, 28, 3, 21, None, None, None, None, None, None, None, None, None, None, None]
n=5: 43349.7s, 79162900480 attempts, 35060877820 affine nodes, 11696 candidates; branch position 23, decisions 18, defined 23; template [0, 0, 0, 1, 0, 2, 4, 8, 0, 4, 8, 16, 22, 27, 7, 9, 0, 18, 3, 21, 21, 6, 24, None, None, None, None, None, None, None, None, None]
n=5: 43369.7s, 79198584832 attempts, 35077737206 affine nodes, 11696 candidates; branch position 22, decisions 17, defined 22; template [0, 0, 0, 1, 0, 2, 4, 8, 0, 4, 8, 16, 22, 28, 15, 9, 0, 16, 31, 22, 14, 13, None, None, None, None, None, None, None, None, None, None]
n=5: 43389.7s, 79234187264 attempts, 35093903683 affine nodes, 11696 candidates; branch position 22, decisions 17, defined 22; template [0, 0, 0, 1, 0, 2, 4, 8, 0, 4, 8, 16, 22, 29, 31, 11, 0, 13, 28, 22, 6, 31, None, None, None, None, None, None, None, None, None, None]
n=5: 43409.7s, 79269806080 attempts, 35112757343 affine nodes, 11696 candidates; branch position 23, decisions 18, defined 23; template [0, 0, 0, 1, 0, 2, 4, 8, 0, 4, 8, 16, 22, 31, 27, 28, 0, 23, 24, 7, 20, 9, 10, None, None, None, None, None, None, None, None, None]
n=5: 43429.7s, 79305555968 attempts, 35131416186 affine nodes, 11696 candidates; branch position 22, decisions 17, defined 22; template [0, 0, 0, 1, 0, 2, 4, 8, 0, 4, 8, 16, 23, 11, 14, 29, 0, 30, 17, 25, 20, 15, None, None, None, None, None, None, None, None, None, None]
n=5: 43449.7s, 79341256704 attempts, 35148212949 affine nodes, 11696 candidates; branch position 23, decisions 18, defined 23; template [0, 0, 0, 1, 0, 2, 4, 8, 0, 4, 8, 16, 23, 18, 15, 29, 0, 29, 16, 31, 26, 1, 5, None, None, None, None, None, None, None, None, None]
n=5: 43469.7s, 79377006592 attempts, 35165063057 affine nodes, 11697 candidates; branch position 22, decisions 17, defined 22; template [0, 0, 0, 1, 0, 2, 4, 8, 0, 4, 8, 16, 23, 26, 15, 24, 0, 18, 13, 25, 6, 14, None, None, None, None, None, None, None, None, None, None]
n=5: 43489.7s, 79412772864 attempts, 35182418321 affine nodes, 11697 candidates; branch position 22, decisions 17, defined 22; template [0, 0, 0, 1, 0, 2, 4, 8, 0, 4, 8, 16, 23, 29, 7, 26, 0, 15, 18, 28, 11, 30, None, None, None, None, None, None, None, None, None, None]
n=5: 43509.7s, 79448424448 attempts, 35199507866 affine nodes, 11700 candidates; branch position 22, decisions 17, defined 22; template [0, 0, 0, 1, 0, 2, 4, 8, 0, 4, 8, 16, 23, 31, 14, 29, 0, 29, 18, 14, 1, 12, None, None, None, None, None, None, None, None, None, None]
n=5: 43529.7s, 79484076032 attempts, 35217071920 affine nodes, 11701 candidates; branch position 22, decisions 17, defined 22; template [0, 0, 0, 1, 0, 2, 4, 8, 0, 4, 8, 16, 25, 7, 14, 5, 0, 20, 27, 2, 18, 14, None, None, None, None, None, None, None, None, None, None]
n=5: 43549.7s, 79519825920 attempts, 35233966757 affine nodes, 11702 candidates; branch position 22, decisions 17, defined 22; template [0, 0, 0, 1, 0, 2, 4, 8, 0, 4, 8, 16, 25, 11, 30, 5, 0, 29, 30, 22, 8, 3, None, None, None, None, None, None, None, None, None, None]
n=5: 43569.7s, 79555493888 attempts, 35250808134 affine nodes, 11702 candidates; branch position 23, decisions 18, defined 23; template [0, 0, 0, 1, 0, 2, 4, 8, 0, 4, 8, 16, 25, 17, 15, 26, 0, 28, 6, 17, 18, 6, 27, None, None, None, None, None, None, None, None, None]
n=5: 43589.7s, 79591243776 attempts, 35267625836 affine nodes, 11702 candidates; branch position 23, decisions 18, defined 23; template [0, 0, 0, 1, 0, 2, 4, 8, 0, 4, 8, 16, 25, 18, 22, 5, 0, 23, 16, 9, 28, 12, 23, None, None, None, None, None, None, None, None, None]
n=5: 43609.7s, 79626895360 attempts, 35284353115 affine nodes, 11703 candidates; branch position 23, decisions 18, defined 23; template [0, 0, 0, 1, 0, 2, 4, 8, 0, 4, 8, 16, 25, 26, 14, 28, 0, 7, 16, 26, 13, 28, 2, None, None, None, None, None, None, None, None, None]
n=5: 43629.7s, 79662546944 attempts, 35301220247 affine nodes, 11703 candidates; branch position 22, decisions 17, defined 22; template [0, 0, 0, 1, 0, 2, 4, 8, 0, 4, 8, 16, 25, 28, 15, 30, 0, 19, 11, 21, 10, 16, None, None, None, None, None, None, None, None, None, None]
n=5: 43649.7s, 79698198528 attempts, 35318183575 affine nodes, 11703 candidates; branch position 23, decisions 18, defined 23; template [0, 0, 0, 1, 0, 2, 4, 8, 0, 4, 8, 16, 26, 3, 23, 5, 0, 29, 7, 2, 14, 24, 11, None, None, None, None, None, None, None, None, None]
n=5: 43669.7s, 79733981184 attempts, 35335542465 affine nodes, 11704 candidates; branch position 20, decisions 15, defined 20; template [0, 0, 0, 1, 0, 2, 4, 8, 0, 4, 8, 16, 26, 14, 31, 5, 0, 22, 14, 13, None, None, None, None, None, None, None, None, None, None, None, None]
n=5: 43689.7s, 79769731072 attempts, 35353180948 affine nodes, 11704 candidates; branch position 23, decisions 18, defined 23; template [0, 0, 0, 1, 0, 2, 4, 8, 0, 4, 8, 16, 26, 21, 23, 5, 0, 8, 26, 7, 7, 22, 14, None, None, None, None, None, None, None, None, None]
n=5: 43709.7s, 79805415424 attempts, 35370842168 affine nodes, 11704 candidates; branch position 22, decisions 17, defined 22; template [0, 0, 0, 1, 0, 2, 4, 8, 0, 4, 8, 16, 26, 29, 23, 31, 0, 16, 7, 30, 6, 27, None, None, None, None, None, None, None, None, None, None]
n=5: 43729.7s, 79841116160 attempts, 35387777055 affine nodes, 11705 candidates; branch position 22, decisions 17, defined 22; template [0, 0, 0, 1, 0, 2, 4, 8, 0, 4, 8, 16, 27, 17, 14, 3, 0, 22, 25, 11, 13, 4, None, None, None, None, None, None, None, None, None, None]
n=5: 43749.8s, 79876800512 attempts, 35405142717 affine nodes, 11705 candidates; branch position 22, decisions 17, defined 22; template [0, 0, 0, 1, 0, 2, 4, 8, 0, 4, 8, 16, 28, 3, 14, 19, 0, 8, 30, 29, 1, 4, None, None, None, None, None, None, None, None, None, None]
n=5: 43769.8s, 79912534016 attempts, 35424579651 affine nodes, 11705 candidates; branch position 22, decisions 17, defined 22; template [0, 0, 0, 1, 0, 2, 4, 8, 0, 4, 8, 16, 28, 11, 15, 22, 0, 27, 6, 14, 23, 9, None, None, None, None, None, None, None, None, None, None]
n=5: 43789.8s, 79948267520 attempts, 35442901807 affine nodes, 11705 candidates; branch position 23, decisions 18, defined 23; template [0, 0, 0, 1, 0, 2, 4, 8, 0, 4, 8, 16, 28, 17, 30, 11, 0, 23, 29, 14, 13, 29, 26, None, None, None, None, None, None, None, None, None]
n=5: 43809.8s, 79983902720 attempts, 35461420490 affine nodes, 11705 candidates; branch position 22, decisions 17, defined 22; template [0, 0, 0, 1, 0, 2, 4, 8, 0, 4, 8, 16, 28, 21, 31, 5, 0, 15, 25, 19, 20, 31, None, None, None, None, None, None, None, None, None, None]
n=5: 43829.8s, 80019603456 attempts, 35480159174 affine nodes, 11705 candidates; branch position 21, decisions 16, defined 21; template [0, 0, 0, 1, 0, 2, 4, 8, 0, 4, 8, 16, 28, 25, 15, 31, 0, 8, 25, 15, 12, None, None, None, None, None, None, None, None, None, None, None]
n=5: 43849.8s, 80055304192 attempts, 35498552516 affine nodes, 11705 candidates; branch position 23, decisions 18, defined 23; template [0, 0, 0, 1, 0, 2, 4, 8, 0, 4, 8, 16, 29, 7, 30, 5, 0, 18, 29, 3, 5, 6, 2, None, None, None, None, None, None, None, None, None]
n=5: 43869.8s, 80091021312 attempts, 35516012860 affine nodes, 11707 candidates; branch position 22, decisions 17, defined 22; template [0, 0, 0, 1, 0, 2, 4, 8, 0, 4, 8, 16, 29, 18, 31, 11, 0, 7, 27, 18, 10, 27, None, None, None, None, None, None, None, None, None, None]
n=5: 43889.8s, 80126771200 attempts, 35533804949 affine nodes, 11707 candidates; branch position 21, decisions 16, defined 21; template [0, 0, 0, 1, 0, 2, 4, 8, 0, 4, 8, 16, 29, 26, 30, 3, 0, 26, 15, 19, 10, None, None, None, None, None, None, None, None, None, None, None]
n=5: 43909.8s, 80162455552 attempts, 35552776879 affine nodes, 11707 candidates; branch position 23, decisions 18, defined 23; template [0, 0, 0, 1, 0, 2, 4, 8, 0, 4, 9, 3, 16, 12, 14, 25, 0, 13, 20, 11, 17, 25, 13, None, None, None, None, None, None, None, None, None]
n=5: 43929.8s, 80198303744 attempts, 35572381927 affine nodes, 11707 candidates; branch position 22, decisions 17, defined 22; template [0, 0, 0, 1, 0, 2, 4, 8, 0, 4, 9, 3, 16, 12, 30, 15, 0, 13, 23, 2, 27, 16, None, None, None, None, None, None, None, None, None, None]
n=5: 43949.8s, 80234053632 attempts, 35593055080 affine nodes, 11707 candidates; branch position 23, decisions 18, defined 23; template [0, 0, 0, 1, 0, 2, 4, 8, 0, 4, 9, 3, 16, 14, 24, 30, 0, 24, 12, 23, 30, 12, 7, None, None, None, None, None, None, None, None, None]
n=5: 43969.8s, 80269934592 attempts, 35612546754 affine nodes, 11707 candidates; branch position 21, decisions 16, defined 21; template [0, 0, 0, 1, 0, 2, 4, 8, 0, 4, 9, 3, 16, 15, 22, 21, 0, 16, 30, 12, 1, None, None, None, None, None, None, None, None, None, None, None]
n=5: 43989.8s, 80305750016 attempts, 35630327939 affine nodes, 11707 candidates; branch position 22, decisions 17, defined 22; template [0, 0, 0, 1, 0, 2, 4, 8, 0, 4, 9, 3, 16, 19, 31, 5, 0, 11, 23, 9, 10, 3, None, None, None, None, None, None, None, None, None, None]
n=5: 44009.8s, 80341467136 attempts, 35650337053 affine nodes, 11707 candidates; branch position 23, decisions 18, defined 23; template [0, 0, 0, 1, 0, 2, 4, 8, 0, 4, 9, 3, 16, 23, 19, 27, 0, 30, 27, 9, 25, 3, 17, None, None, None, None, None, None, None, None, None]
n=5: 44029.8s, 80377135104 attempts, 35669498682 affine nodes, 11707 candidates; branch position 22, decisions 17, defined 22; template [0, 0, 0, 1, 0, 2, 4, 8, 0, 4, 9, 3, 16, 25, 27, 15, 0, 30, 27, 16, 13, 22, None, None, None, None, None, None, None, None, None, None]
n=5: 44049.8s, 80412884992 attempts, 35687337485 affine nodes, 11707 candidates; branch position 22, decisions 17, defined 22; template [0, 0, 0, 1, 0, 2, 4, 8, 0, 4, 9, 7, 14, 16, 20, 27, 0, 7, 22, 19, 11, 25, None, None, None, None, None, None, None, None, None, None]
n=5: 44069.8s, 80448634880 attempts, 35704186643 affine nodes, 11707 candidates; branch position 23, decisions 18, defined 23; template [0, 0, 0, 1, 0, 2, 4, 8, 0, 4, 9, 7, 16, 12, 18, 10, 0, 9, 31, 23, 15, 17, 26, None, None, None, None, None, None, None, None, None]
n=5: 44089.8s, 80484417536 attempts, 35720756237 affine nodes, 11707 candidates; branch position 21, decisions 16, defined 21; template [0, 0, 0, 1, 0, 2, 4, 8, 0, 4, 9, 7, 16, 12, 30, 20, 0, 15, 16, 2, 11, None, None, None, None, None, None, None, None, None, None, None]
n=5: 44109.8s, 80520265728 attempts, 35738406369 affine nodes, 11707 candidates; branch position 22, decisions 17, defined 22; template [0, 0, 0, 1, 0, 2, 4, 8, 0, 4, 9, 7, 16, 14, 23, 28, 0, 17, 2, 26, 12, 23, None, None, None, None, None, None, None, None, None, None]
n=5: 44129.8s, 80555868160 attempts, 35755358155 affine nodes, 11707 candidates; branch position 21, decisions 16, defined 21; template [0, 0, 0, 1, 0, 2, 4, 8, 0, 4, 9, 7, 16, 19, 22, 28, 0, 28, 2, 23, 7, None, None, None, None, None, None, None, None, None, None, None]
n=5: 44149.8s, 80591552512 attempts, 35771819598 affine nodes, 11707 candidates; branch position 23, decisions 18, defined 23; template [0, 0, 0, 1, 0, 2, 4, 8, 0, 4, 9, 7, 16, 21, 23, 30, 0, 22, 6, 11, 27, 29, 7, None, None, None, None, None, None, None, None, None]
n=5: 44169.8s, 80627367936 attempts, 35787774476 affine nodes, 11707 candidates; branch position 23, decisions 18, defined 23; template [0, 0, 0, 1, 0, 2, 4, 8, 0, 4, 9, 7, 16, 23, 18, 31, 0, 28, 31, 12, 17, 3, 23, None, None, None, None, None, None, None, None, None]
n=5: 44189.8s, 80663166976 attempts, 35804319897 affine nodes, 11707 candidates; branch position 22, decisions 17, defined 22; template [0, 0, 0, 1, 0, 2, 4, 8, 0, 4, 9, 7, 16, 24, 22, 13, 0, 18, 25, 31, 7, 25, None, None, None, None, None, None, None, None, None, None]
n=5: 44209.9s, 80698998784 attempts, 35821352087 affine nodes, 11707 candidates; branch position 22, decisions 17, defined 22; template [0, 0, 0, 1, 0, 2, 4, 8, 0, 4, 9, 7, 16, 25, 27, 13, 0, 17, 2, 22, 24, 11, None, None, None, None, None, None, None, None, None, None]
n=5: 44229.9s, 80734797824 attempts, 35838059613 affine nodes, 11707 candidates; branch position 22, decisions 17, defined 22; template [0, 0, 0, 1, 0, 2, 4, 8, 0, 4, 9, 7, 16, 27, 18, 6, 0, 19, 12, 11, 20, 1, None, None, None, None, None, None, None, None, None, None]
n=5: 44249.9s, 80770596864 attempts, 35853803319 affine nodes, 11707 candidates; branch position 22, decisions 17, defined 22; template [0, 0, 0, 1, 0, 2, 4, 8, 0, 4, 9, 7, 16, 29, 10, 19, 0, 28, 18, 26, 23, 17, None, None, None, None, None, None, None, None, None, None]
n=5: 44269.9s, 80806428672 attempts, 35870746717 affine nodes, 11707 candidates; branch position 22, decisions 17, defined 22; template [0, 0, 0, 1, 0, 2, 4, 8, 0, 4, 9, 7, 16, 31, 21, 6, 0, 21, 22, 14, 19, 3, None, None, None, None, None, None, None, None, None, None]
n=5: 44289.9s, 80842309632 attempts, 35888035383 affine nodes, 11707 candidates; branch position 21, decisions 16, defined 21; template [0, 0, 0, 1, 0, 2, 4, 8, 0, 4, 9, 10, 16, 3, 21, 5, 0, 27, 3, 14, 1, None, None, None, None, None, None, None, None, None, None, None]
n=5: 44309.9s, 80878239744 attempts, 35905610489 affine nodes, 11707 candidates; branch position 24, decisions 19, defined 24; template [0, 0, 0, 1, 0, 2, 4, 8, 0, 4, 9, 10, 16, 3, 28, 6, 0, 24, 23, 30, 13, 27, 15, 9, None, None, None, None, None, None, None, None]
n=5: 44329.9s, 80914153472 attempts, 35922866258 affine nodes, 11707 candidates; branch position 22, decisions 17, defined 22; template [0, 0, 0, 1, 0, 2, 4, 8, 0, 4, 9, 10, 16, 7, 21, 15, 0, 20, 7, 23, 23, 25, None, None, None, None, None, None, None, None, None, None]
n=5: 44349.9s, 80950001664 attempts, 35939646711 affine nodes, 11707 candidates; branch position 22, decisions 17, defined 22; template [0, 0, 0, 1, 0, 2, 4, 8, 0, 4, 9, 10, 16, 7, 31, 18, 0, 25, 12, 31, 10, 3, None, None, None, None, None, None, None, None, None, None]
n=5: 44369.9s, 80985800704 attempts, 35957715689 affine nodes, 11708 candidates; branch position 22, decisions 17, defined 22; template [0, 0, 0, 1, 0, 2, 4, 8, 0, 4, 9, 10, 16, 12, 23, 25, 0, 20, 6, 31, 7, 15, None, None, None, None, None, None, None, None, None, None]
n=5: 44389.9s, 81021648896 attempts, 35974971894 affine nodes, 11708 candidates; branch position 23, decisions 18, defined 23; template [0, 0, 0, 1, 0, 2, 4, 8, 0, 4, 9, 10, 16, 15, 21, 30, 0, 8, 22, 16, 5, 27, 23, None, None, None, None, None, None, None, None, None]
n=5: 44409.9s, 81057546240 attempts, 35991606998 affine nodes, 11708 candidates; branch position 23, decisions 17, defined 23; template [0, 0, 0, 1, 0, 2, 4, 8, 0, 4, 9, 10, 16, 21, 7, 23, 0, 8, 24, 21, 6, 9, 13, None, None, None, None, None, None, None, None, None]
n=5: 44429.9s, 81093263360 attempts, 36008217665 affine nodes, 11710 candidates; branch position 23, decisions 18, defined 23; template [0, 0, 0, 1, 0, 2, 4, 8, 0, 4, 9, 10, 16, 23, 14, 28, 0, 16, 23, 4, 8, 17, 13, None, None, None, None, None, None, None, None, None]
n=5: 44449.9s, 81128882176 attempts, 36025551456 affine nodes, 11710 candidates; branch position 22, decisions 17, defined 22; template [0, 0, 0, 1, 0, 2, 4, 8, 0, 4, 9, 10, 16, 24, 7, 30, 0, 29, 22, 5, 11, 26, None, None, None, None, None, None, None, None, None, None]
n=5: 44469.9s, 81164713984 attempts, 36042141640 affine nodes, 11710 candidates; branch position 22, decisions 17, defined 22; template [0, 0, 0, 1, 0, 2, 4, 8, 0, 4, 9, 10, 16, 24, 28, 23, 0, 30, 27, 12, 3, 18, None, None, None, None, None, None, None, None, None, None]
n=5: 44489.9s, 81200578560 attempts, 36059839330 affine nodes, 11710 candidates; branch position 21, decisions 16, defined 21; template [0, 0, 0, 1, 0, 2, 4, 8, 0, 4, 9, 10, 16, 25, 28, 18, 0, 10, 30, 19, 5, None, None, None, None, None, None, None, None, None, None, None]
n=5: 44509.9s, 81236426752 attempts, 36076159807 affine nodes, 11711 candidates; branch position 22, decisions 17, defined 22; template [0, 0, 0, 1, 0, 2, 4, 8, 0, 4, 9, 10, 16, 26, 31, 18, 0, 25, 22, 30, 11, 28, None, None, None, None, None, None, None, None, None, None]
n=5: 44529.9s, 81272209408 attempts, 36092322896 affine nodes, 11711 candidates; branch position 22, decisions 17, defined 22; template [0, 0, 0, 1, 0, 2, 4, 8, 0, 4, 9, 10, 16, 27, 28, 5, 0, 20, 2, 25, 14, 28, None, None, None, None, None, None, None, None, None, None]
n=5: 44549.9s, 81308041216 attempts, 36108371236 affine nodes, 11711 candidates; branch position 22, decisions 17, defined 22; template [0, 0, 0, 1, 0, 2, 4, 8, 0, 4, 9, 10, 16, 29, 24, 6, 0, 25, 23, 11, 29, 10, None, None, None, None, None, None, None, None, None, None]
n=5: 44569.9s, 81343807488 attempts, 36125189332 affine nodes, 11711 candidates; branch position 22, decisions 17, defined 22; template [0, 0, 0, 1, 0, 2, 4, 8, 0, 4, 9, 10, 16, 31, 7, 15, 0, 22, 20, 11, 6, 1, None, None, None, None, None, None, None, None, None, None]
n=5: 44589.9s, 81379557376 attempts, 36142972378 affine nodes, 11711 candidates; branch position 22, decisions 17, defined 22; template [0, 0, 0, 1, 0, 2, 4, 8, 0, 4, 9, 10, 16, 31, 28, 20, 0, 9, 27, 17, 8, 16, None, None, None, None, None, None, None, None, None, None]
n=5: 44609.9s, 81415487488 attempts, 36159158759 affine nodes, 11711 candidates; branch position 22, decisions 17, defined 22; template [0, 0, 0, 1, 0, 2, 4, 8, 0, 4, 9, 15, 16, 3, 24, 27, 0, 23, 27, 16, 30, 10, None, None, None, None, None, None, None, None, None, None]
n=5: 44629.9s, 81451417600 attempts, 36176259865 affine nodes, 11711 candidates; branch position 22, decisions 17, defined 22; template [0, 0, 0, 1, 0, 2, 4, 8, 0, 4, 9, 15, 16, 14, 21, 27, 0, 8, 17, 7, 31, 13, None, None, None, None, None, None, None, None, None, None]
n=5: 44649.9s, 81487265792 attempts, 36192486698 affine nodes, 11711 candidates; branch position 21, decisions 16, defined 21; template [0, 0, 0, 1, 0, 2, 4, 8, 0, 4, 9, 15, 16, 19, 14, 5, 0, 28, 27, 20, 18, None, None, None, None, None, None, None, None, None, None, None]
n=5: 44669.9s, 81522999296 attempts, 36209039240 affine nodes, 11711 candidates; branch position 21, decisions 16, defined 21; template [0, 0, 0, 1, 0, 2, 4, 8, 0, 4, 9, 15, 16, 21, 22, 10, 0, 17, 3, 10, 29, None, None, None, None, None, None, None, None, None, None, None]
n=5: 44689.9s, 81558880256 attempts, 36226190506 affine nodes, 11711 candidates; branch position 23, decisions 18, defined 23; template [0, 0, 0, 1, 0, 2, 4, 8, 0, 4, 9, 15, 16, 23, 18, 14, 0, 18, 24, 2, 13, 4, 30, None, None, None, None, None, None, None, None, None]
n=5: 44709.9s, 81594695680 attempts, 36243375397 affine nodes, 11711 candidates; branch position 22, decisions 17, defined 22; template [0, 0, 0, 1, 0, 2, 4, 8, 0, 4, 9, 15, 16, 24, 18, 14, 0, 24, 19, 2, 22, 13, None, None, None, None, None, None, None, None, None, None]
n=5: 44729.9s, 81630560256 attempts, 36260784965 affine nodes, 11711 candidates; branch position 23, decisions 18, defined 23; template [0, 0, 0, 1, 0, 2, 4, 8, 0, 4, 9, 15, 16, 25, 21, 14, 0, 21, 16, 7, 11, 27, 31, None, None, None, None, None, None, None, None, None]
n=5: 44750.0s, 81666441216 attempts, 36277898117 affine nodes, 11711 candidates; branch position 22, decisions 17, defined 22; template [0, 0, 0, 1, 0, 2, 4, 8, 0, 4, 9, 15, 16, 26, 24, 23, 0, 20, 7, 23, 25, 28, None, None, None, None, None, None, None, None, None, None]
n=5: 44770.0s, 81702338560 attempts, 36294170225 affine nodes, 11711 candidates; branch position 21, decisions 16, defined 21; template [0, 0, 0, 1, 0, 2, 4, 8, 0, 4, 9, 15, 16, 27, 24, 23, 0, 9, 20, 28, 19, None, None, None, None, None, None, None, None, None, None, None]
n=5: 44790.0s, 81738219520 attempts, 36310479764 affine nodes, 11711 candidates; branch position 23, decisions 18, defined 23; template [0, 0, 0, 1, 0, 2, 4, 8, 0, 4, 9, 15, 16, 29, 23, 30, 0, 17, 12, 11, 18, 10, 13, None, None, None, None, None, None, None, None, None]
n=5: 44810.0s, 81774018560 attempts, 36326041494 affine nodes, 11711 candidates; branch position 24, decisions 19, defined 24; template [0, 0, 0, 1, 0, 2, 4, 8, 0, 4, 9, 15, 16, 30, 28, 5, 0, 8, 31, 5, 24, 17, 14, 3, None, None, None, None, None, None, None, None]
n=5: 44830.0s, 81809866752 attempts, 36341713069 affine nodes, 11711 candidates; branch position 22, decisions 17, defined 22; template [0, 0, 0, 1, 0, 2, 4, 8, 0, 4, 9, 16, 14, 7, 17, 5, 0, 8, 21, 19, 1, 22, None, None, None, None, None, None, None, None, None, None]
n=5: 44850.0s, 81845600256 attempts, 36359334665 affine nodes, 11711 candidates; branch position 20, decisions 15, defined 20; template [0, 0, 0, 1, 0, 2, 4, 8, 0, 4, 9, 16, 14, 17, 22, 19, 0, 11, 7, 22, None, None, None, None, None, None, None, None, None, None, None, None]
n=5: 44870.0s, 81881186304 attempts, 36376295432 affine nodes, 11712 candidates; branch position 22, decisions 17, defined 22; template [0, 0, 0, 1, 0, 2, 4, 8, 0, 4, 9, 16, 14, 18, 27, 5, 0, 27, 14, 19, 11, 3, None, None, None, None, None, None, None, None, None, None]
n=5: 44890.0s, 81916854272 attempts, 36393650320 affine nodes, 11713 candidates; branch position 23, decisions 18, defined 23; template [0, 0, 0, 1, 0, 2, 4, 8, 0, 4, 9, 16, 14, 21, 28, 27, 0, 23, 28, 12, 7, 13, 20, None, None, None, None, None, None, None, None, None]
n=5: 44910.0s, 81952571392 attempts, 36411619127 affine nodes, 11714 candidates; branch position 22, decisions 17, defined 22; template [0, 0, 0, 1, 0, 2, 4, 8, 0, 4, 9, 16, 14, 22, 29, 21, 0, 29, 2, 21, 13, 30, None, None, None, None, None, None, None, None, None, None]
n=5: 44930.0s, 81988386816 attempts, 36429023893 affine nodes, 11714 candidates; branch position 22, decisions 17, defined 22; template [0, 0, 0, 1, 0, 2, 4, 8, 0, 4, 9, 16, 14, 25, 30, 10, 0, 19, 25, 17, 20, 30, None, None, None, None, None, None, None, None, None, None]
n=5: 44950.0s, 82024054784 attempts, 36447090291 affine nodes, 11715 candidates; branch position 22, decisions 17, defined 22; template [0, 0, 0, 1, 0, 2, 4, 8, 0, 4, 9, 16, 14, 26, 31, 17, 0, 15, 3, 10, 16, 27, None, None, None, None, None, None, None, None, None, None]
n=5: 44970.0s, 82059853824 attempts, 36465744051 affine nodes, 11715 candidates; branch position 21, decisions 16, defined 21; template [0, 0, 0, 1, 0, 2, 4, 8, 0, 4, 9, 16, 14, 28, 19, 13, 0, 24, 2, 7, 22, None, None, None, None, None, None, None, None, None, None, None]
n=5: 44990.0s, 82095734784 attempts, 36482518135 affine nodes, 11715 candidates; branch position 23, decisions 18, defined 23; template [0, 0, 0, 1, 0, 2, 4, 8, 0, 4, 9, 16, 14, 29, 20, 26, 0, 10, 19, 12, 12, 30, 21, None, None, None, None, None, None, None, None, None]
n=5: 45010.0s, 82131501056 attempts, 36500137873 affine nodes, 11715 candidates; branch position 22, decisions 17, defined 22; template [0, 0, 0, 1, 0, 2, 4, 8, 0, 4, 9, 16, 14, 30, 20, 29, 0, 17, 22, 14, 11, 3, None, None, None, None, None, None, None, None, None, None]
n=5: 45030.0s, 82166906880 attempts, 36516376163 affine nodes, 11715 candidates; branch position 23, decisions 18, defined 23; template [0, 0, 0, 1, 0, 2, 4, 8, 0, 4, 9, 16, 14, 31, 22, 10, 0, 9, 2, 24, 17, 15, 20, None, None, None, None, None, None, None, None, None]
n=5: 45050.0s, 82202574848 attempts, 36533525153 affine nodes, 11715 candidates; branch position 22, decisions 17, defined 22; template [0, 0, 0, 1, 0, 2, 4, 8, 0, 4, 9, 16, 19, 3, 17, 13, 0, 19, 11, 22, 10, 24, None, None, None, None, None, None, None, None, None, None]
n=5: 45070.0s, 82238275584 attempts, 36551332829 affine nodes, 11715 candidates; branch position 22, decisions 17, defined 22; template [0, 0, 0, 1, 0, 2, 4, 8, 0, 4, 9, 16, 19, 3, 31, 24, 0, 30, 17, 9, 31, 4, None, None, None, None, None, None, None, None, None, None]
n=5: 45090.0s, 82273959936 attempts, 36568398176 affine nodes, 11717 candidates; branch position 21, decisions 16, defined 21; template [0, 0, 0, 1, 0, 2, 4, 8, 0, 4, 9, 16, 19, 7, 29, 24, 0, 11, 29, 12, 17, None, None, None, None, None, None, None, None, None, None, None]
n=5: 45110.0s, 82309529600 attempts, 36586427050 affine nodes, 11717 candidates; branch position 21, decisions 16, defined 21; template [0, 0, 0, 1, 0, 2, 4, 8, 0, 4, 9, 16, 19, 14, 10, 29, 0, 18, 6, 5, 30, None, None, None, None, None, None, None, None, None, None, None]
n=5: 45130.0s, 82345066496 attempts, 36603657358 affine nodes, 11717 candidates; branch position 23, decisions 17, defined 23; template [0, 0, 0, 1, 0, 2, 4, 8, 0, 4, 9, 16, 19, 15, 10, 31, 0, 26, 2, 17, 7, 16, 15, None, None, None, None, None, None, None, None, None]
n=5: 45150.0s, 82380636160 attempts, 36620344415 affine nodes, 11719 candidates; branch position 22, decisions 17, defined 22; template [0, 0, 0, 1, 0, 2, 4, 8, 0, 4, 9, 16, 19, 22, 17, 13, 0, 17, 31, 22, 8, 26, None, None, None, None, None, None, None, None, None, None]
n=5: 45170.0s, 82416107520 attempts, 36637897173 affine nodes, 11720 candidates; branch position 23, decisions 18, defined 23; template [0, 0, 0, 1, 0, 2, 4, 8, 0, 4, 9, 16, 19, 25, 15, 26, 0, 22, 12, 27, 27, 30, 11, None, None, None, None, None, None, None, None, None]
n=5: 45190.1s, 82451775488 attempts, 36655619168 affine nodes, 11720 candidates; branch position 21, decisions 16, defined 21; template [0, 0, 0, 1, 0, 2, 4, 8, 0, 4, 9, 16, 19, 26, 20, 23, 0, 31, 14, 20, 24, None, None, None, None, None, None, None, None, None, None, None]
n=5: 45210.1s, 82487574528 attempts, 36673913007 affine nodes, 11720 candidates; branch position 22, decisions 17, defined 22; template [0, 0, 0, 1, 0, 2, 4, 8, 0, 4, 9, 16, 19, 27, 17, 6, 0, 15, 30, 2, 11, 14, None, None, None, None, None, None, None, None, None, None]
n=5: 45230.1s, 82523373568 attempts, 36691036242 affine nodes, 11723 candidates; branch position 21, decisions 16, defined 21; template [0, 0, 0, 1, 0, 2, 4, 8, 0, 4, 9, 16, 19, 28, 27, 10, 0, 13, 3, 10, 27, None, None, None, None, None, None, None, None, None, None, None]
n=5: 45250.1s, 82559057920 attempts, 36708519462 affine nodes, 11723 candidates; branch position 21, decisions 16, defined 21; template [0, 0, 0, 1, 0, 2, 4, 8, 0, 4, 9, 16, 19, 29, 22, 6, 0, 15, 18, 3, 6, None, None, None, None, None, None, None, None, None, None, None]
n=5: 45270.1s, 82594807808 attempts, 36725339549 affine nodes, 11723 candidates; branch position 23, decisions 18, defined 23; template [0, 0, 0, 1, 0, 2, 4, 8, 0, 4, 9, 16, 19, 30, 27, 29, 0, 21, 14, 19, 24, 3, 21, None, None, None, None, None, None, None, None, None]
n=5: 45290.1s, 82630082560 attempts, 36742082541 affine nodes, 11723 candidates; branch position 22, decisions 17, defined 22; template [0, 0, 0, 1, 0, 2, 4, 8, 0, 4, 9, 16, 21, 3, 26, 6, 0, 7, 11, 17, 1, 4, None, None, None, None, None, None, None, None, None, None]
n=5: 45310.1s, 82664947712 attempts, 36758167630 affine nodes, 11724 candidates; branch position 21, decisions 16, defined 21; template [0, 0, 0, 1, 0, 2, 4, 8, 0, 4, 9, 16, 21, 7, 26, 10, 0, 30, 21, 14, 1, None, None, None, None, None, None, None, None, None, None, None]
n=5: 45330.1s, 82700550144 attempts, 36774653582 affine nodes, 11724 candidates; branch position 22, decisions 17, defined 22; template [0, 0, 0, 1, 0, 2, 4, 8, 0, 4, 9, 16, 21, 14, 19, 28, 0, 8, 28, 15, 22, 16, None, None, None, None, None, None, None, None, None, None]
n=5: 45350.1s, 82735611904 attempts, 36792475171 affine nodes, 11724 candidates; branch position 23, decisions 18, defined 23; template [0, 0, 0, 1, 0, 2, 4, 8, 0, 4, 9, 16, 21, 15, 27, 13, 0, 28, 21, 19, 5, 18, 13, None, None, None, None, None, None, None, None, None]
n=5: 45370.1s, 82770935808 attempts, 36810202028 affine nodes, 11724 candidates; branch position 20, decisions 15, defined 20; template [0, 0, 0, 1, 0, 2, 4, 8, 0, 4, 9, 16, 21, 18, 23, 30, 0, 17, 18, 26, None, None, None, None, None, None, None, None, None, None, None, None]
n=5: 45390.1s, 82805047296 attempts, 36826558723 affine nodes, 11726 candidates; branch position 22, decisions 17, defined 22; template [0, 0, 0, 1, 0, 2, 4, 8, 0, 4, 9, 16, 21, 22, 15, 27, 0, 18, 22, 28, 17, 6, None, None, None, None, None, None, None, None, None, None]
n=5: 45410.1s, 82840502272 attempts, 36843332240 affine nodes, 11726 candidates; branch position 20, decisions 15, defined 20; template [0, 0, 0, 1, 0, 2, 4, 8, 0, 4, 9, 16, 21, 26, 19, 15, 0, 17, 27, 11, None, None, None, None, None, None, None, None, None, None, None, None]
n=5: 45430.1s, 82876071936 attempts, 36859540608 affine nodes, 11727 candidates; branch position 22, decisions 17, defined 22; template [0, 0, 0, 1, 0, 2, 4, 8, 0, 4, 9, 16, 21, 27, 23, 10, 0, 9, 18, 26, 15, 12, None, None, None, None, None, None, None, None, None, None]
n=5: 45450.1s, 82911870976 attempts, 36877314525 affine nodes, 11727 candidates; branch position 22, decisions 17, defined 22; template [0, 0, 0, 1, 0, 2, 4, 8, 0, 4, 9, 16, 21, 29, 7, 17, 0, 11, 22, 19, 13, 3, None, None, None, None, None, None, None, None, None, None]
n=5: 45470.1s, 82946375680 attempts, 36895093915 affine nodes, 11727 candidates; branch position 23, decisions 18, defined 23; template [0, 0, 0, 1, 0, 2, 4, 8, 0, 4, 9, 16, 21, 29, 26, 10, 0, 23, 27, 14, 28, 22, 10, None, None, None, None, None, None, None, None, None]
n=5: 45490.1s, 82982207488 attempts, 36912229887 affine nodes, 11727 candidates; branch position 22, decisions 17, defined 22; template [0, 0, 0, 1, 0, 2, 4, 8, 0, 4, 9, 16, 21, 30, 29, 3, 0, 9, 27, 4, 15, 27, None, None, None, None, None, None, None, None, None, None]
n=5: 45510.1s, 83017957376 attempts, 36928744225 affine nodes, 11727 candidates; branch position 23, decisions 18, defined 23; template [0, 0, 0, 1, 0, 2, 4, 8, 0, 4, 9, 16, 21, 31, 29, 10, 0, 26, 25, 7, 12, 11, 26, None, None, None, None, None, None, None, None, None]
n=5: 45530.1s, 83053199360 attempts, 36948615254 affine nodes, 11727 candidates; branch position 21, decisions 16, defined 21; template [0, 0, 0, 1, 0, 2, 4, 8, 0, 4, 9, 16, 22, 3, 26, 14, 0, 16, 18, 31, 12, None, None, None, None, None, None, None, None, None, None, None]
n=5: 45550.1s, 83088621568 attempts, 36966355683 affine nodes, 11727 candidates; branch position 22, decisions 17, defined 22; template [0, 0, 0, 1, 0, 2, 4, 8, 0, 4, 9, 16, 22, 7, 26, 5, 0, 19, 25, 14, 13, 4, None, None, None, None, None, None, None, None, None, None]
n=5: 45570.1s, 83123912704 attempts, 36984722761 affine nodes, 11727 candidates; branch position 22, decisions 17, defined 23; template [0, 0, 0, 1, 0, 2, 4, 8, 0, 4, 9, 16, 22, 12, 17, 15, 0, 23, 29, 24, 7, 26, None, None, None, None, None, None, None, None, 1, None]
n=5: 45590.1s, 83159547904 attempts, 37003496101 affine nodes, 11727 candidates; branch position 22, decisions 17, defined 22; template [0, 0, 0, 1, 0, 2, 4, 8, 0, 4, 9, 16, 22, 14, 19, 5, 0, 7, 12, 22, 27, 24, None, None, None, None, None, None, None, None, None, None]
n=5: 45610.2s, 83194839040 attempts, 37020455814 affine nodes, 11728 candidates; branch position 21, decisions 16, defined 21; template [0, 0, 0, 1, 0, 2, 4, 8, 0, 4, 9, 16, 22, 17, 15, 29, 0, 14, 31, 21, 24, None, None, None, None, None, None, None, None, None, None, None]
n=5: 45630.2s, 83230326784 attempts, 37038538006 affine nodes, 11728 candidates; branch position 22, decisions 17, defined 22; template [0, 0, 0, 1, 0, 2, 4, 8, 0, 4, 9, 16, 22, 21, 10, 5, 0, 16, 27, 21, 15, 4, None, None, None, None, None, None, None, None, None, None]
n=5: 45650.2s, 83265994752 attempts, 37056432903 affine nodes, 11728 candidates; branch position 20, decisions 15, defined 20; template [0, 0, 0, 1, 0, 2, 4, 8, 0, 4, 9, 16, 22, 25, 7, 17, 0, 14, 21, 22, None, None, None, None, None, None, None, None, None, None, None, None]
n=5: 45670.2s, 83301597184 attempts, 37073976996 affine nodes, 11730 candidates; branch position 22, decisions 17, defined 22; template [0, 0, 0, 1, 0, 2, 4, 8, 0, 4, 9, 16, 22, 27, 7, 13, 0, 9, 7, 15, 5, 29, None, None, None, None, None, None, None, None, None, None]
n=5: 45690.2s, 83337379840 attempts, 37090363562 affine nodes, 11730 candidates; branch position 22, decisions 17, defined 22; template [0, 0, 0, 1, 0, 2, 4, 8, 0, 4, 9, 16, 22, 28, 7, 10, 0, 17, 2, 29, 7, 16, None, None, None, None, None, None, None, None, None, None]
n=5: 45710.2s, 83373195264 attempts, 37107425500 affine nodes, 11730 candidates; branch position 22, decisions 17, defined 22; template [0, 0, 0, 1, 0, 2, 4, 8, 0, 4, 9, 16, 22, 29, 10, 3, 0, 31, 21, 14, 14, 11, None, None, None, None, None, None, None, None, None, None]
n=5: 45730.2s, 83408968704 attempts, 37125095424 affine nodes, 11730 candidates; branch position 18, decisions 13, defined 19; template [0, 0, 0, 1, 0, 2, 4, 8, 0, 4, 9, 16, 22, 29, 26, 21, 0, 18, 3, None, None, None, None, None, None, None, None, None, None, None, None, None]
n=5: 45750.2s, 83444645888 attempts, 37142800711 affine nodes, 11730 candidates; branch position 21, decisions 16, defined 21; template [0, 0, 0, 1, 0, 2, 4, 8, 0, 4, 9, 16, 22, 30, 26, 17, 0, 13, 27, 14, 3, None, None, None, None, None, None, None, None, None, None, None]
n=5: 45770.2s, 83477839872 attempts, 37160325832 affine nodes, 11730 candidates; branch position 20, decisions 15, defined 20; template [0, 0, 0, 1, 0, 2, 4, 8, 0, 4, 9, 16, 23, 3, 7, 13, 0, 27, 7, 25, None, None, None, None, None, None, None, None, None, None, None, None]
n=5: 45790.2s, 83513294848 attempts, 37177858045 affine nodes, 11730 candidates; branch position 22, decisions 17, defined 22; template [0, 0, 0, 1, 0, 2, 4, 8, 0, 4, 9, 16, 23, 7, 14, 5, 0, 7, 12, 22, 6, 15, None, None, None, None, None, None, None, None, None, None]
n=5: 45810.2s, 83548340224 attempts, 37194670529 affine nodes, 11730 candidates; branch position 22, decisions 17, defined 22; template [0, 0, 0, 1, 0, 2, 4, 8, 0, 4, 9, 16, 23, 12, 14, 29, 0, 18, 21, 31, 31, 9, None, None, None, None, None, None, None, None, None, None]
n=5: 45830.2s, 83583909888 attempts, 37211280842 affine nodes, 11730 candidates; branch position 22, decisions 17, defined 22; template [0, 0, 0, 1, 0, 2, 4, 8, 0, 4, 9, 16, 23, 15, 27, 21, 0, 15, 17, 23, 12, 27, None, None, None, None, None, None, None, None, None, None]
n=5: 45850.2s, 83617644544 attempts, 37226924722 affine nodes, 11731 candidates; branch position 22, decisions 17, defined 23; template [0, 0, 0, 1, 0, 2, 4, 8, 0, 4, 9, 16, 23, 18, 27, 10, 0, 20, 30, 11, 8, 24, None, 19, None, None, None, None, None, None, None, None]
n=5: 45870.2s, 83650691072 attempts, 37242204933 affine nodes, 11732 candidates; branch position 22, decisions 17, defined 22; template [0, 0, 0, 1, 0, 2, 4, 8, 0, 4, 9, 16, 23, 25, 27, 28, 0, 20, 7, 18, 30, 1, None, None, None, None, None, None, None, None, None, None]
n=5: 45890.2s, 83686235602 attempts, 37258526720 affine nodes, 11732 candidates; branch position 18, decisions 13, defined 19; template [0, 0, 0, 1, 0, 2, 4, 8, 0, 4, 9, 16, 23, 26, 31, 3, 0, 9, 18, None, None, None, None, None, None, None, None, None, None, None, None, None]
n=5: 45910.2s, 83721945088 attempts, 37274886829 affine nodes, 11732 candidates; branch position 22, decisions 17, defined 22; template [0, 0, 0, 1, 0, 2, 4, 8, 0, 4, 9, 16, 23, 28, 31, 5, 0, 16, 3, 21, 5, 26, None, None, None, None, None, None, None, None, None, None]
n=5: 45930.2s, 83757252608 attempts, 37291442695 affine nodes, 11732 candidates; branch position 21, decisions 16, defined 21; template [0, 0, 0, 1, 0, 2, 4, 8, 0, 4, 9, 16, 23, 29, 20, 19, 0, 9, 11, 14, 27, None, None, None, None, None, None, None, None, None, None, None]
n=5: 45950.2s, 83792969728 attempts, 37308932660 affine nodes, 11732 candidates; branch position 21, decisions 16, defined 21; template [0, 0, 0, 1, 0, 2, 4, 8, 0, 4, 9, 16, 23, 31, 17, 10, 0, 15, 3, 31, 25, None, None, None, None, None, None, None, None, None, None, None]
n=5: 45970.2s, 83828588544 attempts, 37327661475 affine nodes, 11733 candidates; branch position 22, decisions 17, defined 22; template [0, 0, 0, 1, 0, 2, 4, 8, 0, 4, 9, 16, 25, 3, 30, 6, 0, 9, 6, 24, 27, 19, None, None, None, None, None, None, None, None, None, None]
n=5: 45990.2s, 83863879680 attempts, 37346088103 affine nodes, 11733 candidates; branch position 21, decisions 16, defined 21; template [0, 0, 0, 1, 0, 2, 4, 8, 0, 4, 9, 16, 25, 12, 26, 19, 0, 18, 21, 11, 20, None, None, None, None, None, None, None, None, None, None, None]
n=5: 46010.2s, 83899056128 attempts, 37363851003 affine nodes, 11733 candidates; branch position 23, decisions 18, defined 23; template [0, 0, 0, 1, 0, 2, 4, 8, 0, 4, 9, 16, 25, 15, 30, 13, 0, 14, 27, 30, 17, 27, 23, None, None, None, None, None, None, None, None, None]
n=5: 46030.3s, 83934593024 attempts, 37381784176 affine nodes, 11733 candidates; branch position 21, decisions 16, defined 21; template [0, 0, 0, 1, 0, 2, 4, 8, 0, 4, 9, 16, 25, 18, 22, 30, 0, 7, 25, 31, 20, None, None, None, None, None, None, None, None, None, None, None]
n=5: 46050.3s, 83970211840 attempts, 37398936204 affine nodes, 11735 candidates; branch position 21, decisions 16, defined 21; template [0, 0, 0, 1, 0, 2, 4, 8, 0, 4, 9, 16, 25, 26, 22, 10, 0, 21, 26, 4, 17, None, None, None, None, None, None, None, None, None, None, None]
n=5: 46070.3s, 84005584896 attempts, 37416500244 affine nodes, 11735 candidates; branch position 22, decisions 17, defined 22; template [0, 0, 0, 1, 0, 2, 4, 8, 0, 4, 9, 16, 25, 28, 30, 19, 0, 20, 16, 22, 13, 7, None, None, None, None, None, None, None, None, None, None]
n=5: 46090.3s, 84040663040 attempts, 37433367705 affine nodes, 11736 candidates; branch position 21, decisions 16, defined 21; template [0, 0, 0, 1, 0, 2, 4, 8, 0, 4, 9, 16, 26, 7, 28, 17, 0, 7, 16, 12, 28, None, None, None, None, None, None, None, None, None, None, None]
n=5: 46110.3s, 84075872256 attempts, 37450139220 affine nodes, 11737 candidates; branch position 21, decisions 16, defined 21; template [0, 0, 0, 1, 0, 2, 4, 8, 0, 4, 9, 16, 26, 14, 10, 3, 0, 17, 31, 26, 14, None, None, None, None, None, None, None, None, None, None, None]
n=5: 46130.3s, 84111343616 attempts, 37468366600 affine nodes, 11738 candidates; branch position 23, decisions 18, defined 23; template [0, 0, 0, 1, 0, 2, 4, 8, 0, 4, 9, 16, 26, 15, 10, 30, 0, 17, 12, 28, 1, 7, 29, None, None, None, None, None, None, None, None, None]
n=5: 46150.3s, 84146978816 attempts, 37486053733 affine nodes, 11738 candidates; branch position 21, decisions 16, defined 21; template [0, 0, 0, 1, 0, 2, 4, 8, 0, 4, 9, 16, 26, 17, 10, 29, 0, 16, 14, 21, 11, None, None, None, None, None, None, None, None, None, None, None]
n=5: 46170.3s, 84182319104 attempts, 37502374231 affine nodes, 11738 candidates; branch position 23, decisions 18, defined 23; template [0, 0, 0, 1, 0, 2, 4, 8, 0, 4, 9, 16, 26, 18, 15, 21, 0, 27, 15, 9, 24, 15, 29, None, None, None, None, None, None, None, None, None]
n=5: 46190.3s, 84217937920 attempts, 37519641423 affine nodes, 11738 candidates; branch position 22, decisions 17, defined 22; template [0, 0, 0, 1, 0, 2, 4, 8, 0, 4, 9, 16, 26, 21, 10, 30, 0, 22, 2, 11, 16, 19, None, None, None, None, None, None, None, None, None, None]
n=5: 46210.3s, 84253622272 attempts, 37536335838 affine nodes, 11738 candidates; branch position 21, decisions 16, defined 21; template [0, 0, 0, 1, 0, 2, 4, 8, 0, 4, 9, 16, 26, 23, 20, 31, 0, 22, 31, 4, 7, None, None, None, None, None, None, None, None, None, None, None]
n=5: 46230.3s, 84288602112 attempts, 37552687163 affine nodes, 11738 candidates; branch position 22, decisions 17, defined 22; template [0, 0, 0, 1, 0, 2, 4, 8, 0, 4, 9, 16, 26, 25, 28, 3, 0, 23, 28, 4, 11, 17, None, None, None, None, None, None, None, None, None, None]
n=5: 46250.3s, 84324089856 attempts, 37570570029 affine nodes, 11738 candidates; branch position 22, decisions 17, defined 22; template [0, 0, 0, 1, 0, 2, 4, 8, 0, 4, 9, 16, 26, 29, 20, 30, 0, 23, 15, 18, 8, 16, None, None, None, None, None, None, None, None, None, None]
n=5: 46270.3s, 84359708672 attempts, 37588147194 affine nodes, 11739 candidates; branch position 22, decisions 17, defined 22; template [0, 0, 0, 1, 0, 2, 4, 8, 0, 4, 9, 16, 26, 31, 22, 14, 0, 30, 11, 3, 5, 18, None, None, None, None, None, None, None, None, None, None]
n=5: 46290.3s, 84395343872 attempts, 37604539434 affine nodes, 11739 candidates; branch position 23, decisions 18, defined 23; template [0, 0, 0, 1, 0, 2, 4, 8, 0, 4, 9, 16, 27, 7, 29, 23, 0, 19, 25, 30, 15, 21, 7, None, None, None, None, None, None, None, None, None]
n=5: 46310.3s, 84430962688 attempts, 37622092084 affine nodes, 11739 candidates; branch position 20, decisions 15, defined 20; template [0, 0, 0, 1, 0, 2, 4, 8, 0, 4, 9, 16, 27, 14, 7, 21, 0, 10, 18, 23, None, None, None, None, None, None, None, None, None, None, None, None]
n=5: 46330.3s, 84466614272 attempts, 37641134291 affine nodes, 11739 candidates; branch position 22, decisions 17, defined 22; template [0, 0, 0, 1, 0, 2, 4, 8, 0, 4, 9, 16, 27, 14, 29, 21, 0, 11, 23, 29, 13, 10, None, None, None, None, None, None, None, None, None, None]
n=5: 46350.3s, 84501676032 attempts, 37658148650 affine nodes, 11740 candidates; branch position 21, decisions 16, defined 21; template [0, 0, 0, 1, 0, 2, 4, 8, 0, 4, 9, 16, 27, 17, 7, 31, 0, 23, 27, 5, 11, None, None, None, None, None, None, None, None, None, None, None]
n=5: 46370.3s, 84537114624 attempts, 37674864438 affine nodes, 11740 candidates; branch position 21, decisions 16, defined 21; template [0, 0, 0, 1, 0, 2, 4, 8, 0, 4, 9, 16, 27, 18, 14, 31, 0, 19, 6, 24, 30, None, None, None, None, None, None, None, None, None, None, None]
n=5: 46390.3s, 84572356608 attempts, 37692526541 affine nodes, 11740 candidates; branch position 23, decisions 18, defined 23; template [0, 0, 0, 1, 0, 2, 4, 8, 0, 4, 9, 16, 27, 21, 30, 24, 0, 31, 16, 5, 30, 15, 17, None, None, None, None, None, None, None, None, None]
n=5: 46410.3s, 84607926272 attempts, 37709551071 affine nodes, 11741 candidates; branch position 22, decisions 17, defined 22; template [0, 0, 0, 1, 0, 2, 4, 8, 0, 4, 9, 16, 27, 22, 29, 21, 0, 7, 24, 29, 14, 24, None, None, None, None, None, None, None, None, None, None]
n=5: 46430.3s, 84643659776 attempts, 37727192467 affine nodes, 11741 candidates; branch position 22, decisions 17, defined 22; template [0, 0, 0, 1, 0, 2, 4, 8, 0, 4, 9, 16, 27, 30, 7, 17, 0, 7, 19, 24, 11, 1, None, None, None, None, None, None, None, None, None, None]
n=5: 46450.3s, 84679327744 attempts, 37743816854 affine nodes, 11741 candidates; branch position 22, decisions 17, defined 22; template [0, 0, 0, 1, 0, 2, 4, 8, 0, 4, 9, 16, 28, 7, 14, 24, 0, 21, 27, 30, 15, 27, None, None, None, None, None, None, None, None, None, None]
n=5: 46470.3s, 84715044864 attempts, 37761574446 affine nodes, 11741 candidates; branch position 21, decisions 16, defined 21; template [0, 0, 0, 1, 0, 2, 4, 8, 0, 4, 9, 16, 28, 12, 15, 21, 0, 10, 16, 7, 27, None, None, None, None, None, None, None, None, None, None, None]
n=5: 46490.3s, 84750729216 attempts, 37779563277 affine nodes, 11741 candidates; branch position 22, decisions 17, defined 22; template [0, 0, 0, 1, 0, 2, 4, 8, 0, 4, 9, 16, 28, 14, 10, 22, 0, 31, 16, 5, 18, 10, None, None, None, None, None, None, None, None, None, None]
n=5: 46510.4s, 84786446336 attempts, 37796938629 affine nodes, 11741 candidates; branch position 22, decisions 17, defined 22; template [0, 0, 0, 1, 0, 2, 4, 8, 0, 4, 9, 16, 28, 14, 31, 21, 0, 17, 15, 4, 21, 6, None, None, None, None, None, None, None, None, None, None]
n=5: 46530.4s, 84822212608 attempts, 37813510409 affine nodes, 11741 candidates; branch position 23, decisions 18, defined 23; template [0, 0, 0, 1, 0, 2, 4, 8, 0, 4, 9, 16, 28, 17, 10, 23, 0, 7, 26, 4, 1, 16, 14, None, None, None, None, None, None, None, None, None]
n=5: 46550.4s, 84857880576 attempts, 37829956845 affine nodes, 11741 candidates; branch position 22, decisions 17, defined 22; template [0, 0, 0, 1, 0, 2, 4, 8, 0, 4, 9, 16, 28, 17, 27, 15, 0, 19, 24, 4, 23, 13, None, None, None, None, None, None, None, None, None, None]
n=5: 46570.4s, 84893515776 attempts, 37847118009 affine nodes, 11741 candidates; branch position 22, decisions 17, defined 22; template [0, 0, 0, 1, 0, 2, 4, 8, 0, 4, 9, 16, 28, 21, 14, 3, 0, 8, 28, 10, 5, 3, None, None, None, None, None, None, None, None, None, None]
n=5: 46590.4s, 84929200128 attempts, 37865253873 affine nodes, 11741 candidates; branch position 22, decisions 17, defined 22; template [0, 0, 0, 1, 0, 2, 4, 8, 0, 4, 9, 16, 28, 22, 26, 15, 0, 20, 12, 9, 14, 25, None, None, None, None, None, None, None, None, None, None]
n=5: 46610.4s, 84964966400 attempts, 37882172741 affine nodes, 11741 candidates; branch position 23, decisions 18, defined 23; template [0, 0, 0, 1, 0, 2, 4, 8, 0, 4, 9, 16, 28, 25, 7, 10, 0, 16, 30, 5, 27, 7, 12, None, None, None, None, None, None, None, None, None]
n=5: 46630.4s, 85000601600 attempts, 37899715159 affine nodes, 11741 candidates; branch position 23, decisions 18, defined 23; template [0, 0, 0, 1, 0, 2, 4, 8, 0, 4, 9, 16, 28, 25, 23, 30, 0, 7, 21, 4, 24, 22, 14, None, None, None, None, None, None, None, None, None]
n=5: 46650.4s, 85036269568 attempts, 37917043387 affine nodes, 11741 candidates; branch position 21, decisions 16, defined 21; template [0, 0, 0, 1, 0, 2, 4, 8, 0, 4, 9, 16, 28, 27, 20, 10, 0, 8, 25, 18, 20, None, None, None, None, None, None, None, None, None, None, None]
n=5: 46670.4s, 85071953920 attempts, 37934656293 affine nodes, 11741 candidates; branch position 23, decisions 18, defined 23; template [0, 0, 0, 1, 0, 2, 4, 8, 0, 4, 9, 16, 28, 31, 20, 5, 0, 26, 16, 31, 11, 14, 28, None, None, None, None, None, None, None, None, None]
n=5: 46690.4s, 85107097600 attempts, 37952648178 affine nodes, 11741 candidates; branch position 22, decisions 17, defined 22; template [0, 0, 0, 1, 0, 2, 4, 8, 0, 4, 9, 16, 29, 7, 22, 17, 0, 17, 18, 15, 27, 4, None, None, None, None, None, None, None, None, None, None]
n=5: 46710.4s, 85141438464 attempts, 37969547011 affine nodes, 11741 candidates; branch position 22, decisions 17, defined 22; template [0, 0, 0, 1, 0, 2, 4, 8, 0, 4, 9, 16, 29, 12, 22, 3, 0, 11, 14, 25, 5, 23, None, None, None, None, None, None, None, None, None, None]
n=5: 46730.4s, 85176500224 attempts, 37986631896 affine nodes, 11741 candidates; branch position 22, decisions 17, defined 22; template [0, 0, 0, 1, 0, 2, 4, 8, 0, 4, 9, 16, 29, 14, 17, 6, 0, 21, 2, 4, 7, 27, None, None, None, None, None, None, None, None, None, None]
n=5: 46750.4s, 85211856896 attempts, 38003422623 affine nodes, 11741 candidates; branch position 24, decisions 19, defined 24; template [0, 0, 0, 1, 0, 2, 4, 8, 0, 4, 9, 16, 29, 15, 19, 26, 0, 28, 30, 14, 17, 11, 22, 9, None, None, None, None, None, None, None, None]
n=5: 46770.4s, 85247426560 attempts, 38019831213 affine nodes, 11741 candidates; branch position 22, decisions 17, defined 22; template [0, 0, 0, 1, 0, 2, 4, 8, 0, 4, 9, 16, 29, 18, 17, 10, 0, 8, 25, 15, 21, 9, None, None, None, None, None, None, None, None, None, None]
n=5: 46790.4s, 85282996224 attempts, 38036844223 affine nodes, 11741 candidates; branch position 22, decisions 17, defined 22; template [0, 0, 0, 1, 0, 2, 4, 8, 0, 4, 9, 16, 29, 21, 14, 22, 0, 13, 14, 18, 12, 29, None, None, None, None, None, None, None, None, None, None]
n=5: 46810.4s, 85318664192 attempts, 38055171244 affine nodes, 11742 candidates; branch position 22, decisions 17, defined 22; template [0, 0, 0, 1, 0, 2, 4, 8, 0, 4, 9, 16, 29, 21, 30, 5, 0, 31, 12, 5, 27, 28, None, None, None, None, None, None, None, None, None, None]
n=5: 46830.4s, 85353971712 attempts, 38072183739 affine nodes, 11742 candidates; branch position 22, decisions 17, defined 22; template [0, 0, 0, 1, 0, 2, 4, 8, 0, 4, 9, 16, 29, 22, 26, 5, 0, 8, 29, 26, 22, 7, None, None, None, None, None, None, None, None, None, None]
n=5: 46850.4s, 85388935168 attempts, 38088305697 affine nodes, 11742 candidates; branch position 22, decisions 17, defined 22; template [0, 0, 0, 1, 0, 2, 4, 8, 0, 4, 9, 16, 29, 26, 15, 17, 0, 31, 28, 15, 12, 4, None, None, None, None, None, None, None, None, None, None]
n=5: 46870.4s, 85424128000 attempts, 38105803473 affine nodes, 11742 candidates; branch position 24, decisions 19, defined 24; template [0, 0, 0, 1, 0, 2, 4, 8, 0, 4, 9, 16, 29, 30, 15, 5, 0, 22, 29, 27, 13, 29, 11, 26, None, None, None, None, None, None, None, None]
n=5: 46890.4s, 85459304448 attempts, 38122447961 affine nodes, 11742 candidates; branch position 23, decisions 18, defined 23; template [0, 0, 0, 1, 0, 2, 4, 8, 0, 4, 9, 16, 30, 12, 15, 21, 0, 28, 24, 12, 12, 1, 11, None, None, None, None, None, None, None, None, None]
n=5: 46910.4s, 85494775808 attempts, 38139281229 affine nodes, 11742 candidates; branch position 22, decisions 17, defined 22; template [0, 0, 0, 1, 0, 2, 4, 8, 0, 4, 9, 16, 30, 14, 17, 28, 0, 31, 11, 14, 1, 28, None, None, None, None, None, None, None, None, None, None]
n=5: 46930.5s, 85530394624 attempts, 38155735443 affine nodes, 11742 candidates; branch position 22, decisions 17, defined 22; template [0, 0, 0, 1, 0, 2, 4, 8, 0, 4, 9, 16, 30, 17, 7, 13, 0, 20, 14, 3, 18, 21, None, None, None, None, None, None, None, None, None, None]
n=5: 46950.5s, 85566046208 attempts, 38171979864 affine nodes, 11742 candidates; branch position 22, decisions 17, defined 22; template [0, 0, 0, 1, 0, 2, 4, 8, 0, 4, 9, 16, 30, 21, 14, 13, 0, 31, 17, 24, 15, 10, None, None, None, None, None, None, None, None, None, None]
n=5: 46970.5s, 85601861632 attempts, 38189194469 affine nodes, 11742 candidates; branch position 22, decisions 17, defined 22; template [0, 0, 0, 1, 0, 2, 4, 8, 0, 4, 9, 16, 30, 22, 15, 27, 0, 11, 16, 3, 23, 10, None, None, None, None, None, None, None, None, None, None]
n=5: 46990.5s, 85637595136 attempts, 38207266010 affine nodes, 11742 candidates; branch position 22, decisions 17, defined 22; template [0, 0, 0, 1, 0, 2, 4, 8, 0, 4, 9, 16, 30, 25, 22, 10, 0, 27, 16, 10, 21, 7, None, None, None, None, None, None, None, None, None, None]
n=5: 47010.5s, 85673230336 attempts, 38223725700 affine nodes, 11742 candidates; branch position 23, decisions 18, defined 23; template [0, 0, 0, 1, 0, 2, 4, 8, 0, 4, 9, 16, 30, 27, 17, 13, 0, 11, 19, 30, 5, 13, 2, None, None, None, None, None, None, None, None, None]
n=5: 47030.5s, 85708488704 attempts, 38241291900 affine nodes, 11742 candidates; branch position 22, decisions 17, defined 22; template [0, 0, 0, 1, 0, 2, 4, 8, 0, 4, 9, 16, 31, 7, 14, 26, 0, 28, 31, 12, 18, 25, None, None, None, None, None, None, None, None, None, None]
n=5: 47050.5s, 85743714304 attempts, 38258269982 affine nodes, 11743 candidates; branch position 22, decisions 17, defined 22; template [0, 0, 0, 1, 0, 2, 4, 8, 0, 4, 9, 16, 31, 12, 7, 26, 0, 18, 12, 29, 20, 17, None, None, None, None, None, None, None, None, None, None]
n=5: 47070.5s, 85779152896 attempts, 38276048854 affine nodes, 11743 candidates; branch position 21, decisions 16, defined 21; template [0, 0, 0, 1, 0, 2, 4, 8, 0, 4, 9, 16, 31, 14, 7, 29, 0, 11, 28, 25, 7, None, None, None, None, None, None, None, None, None, None, None]
n=5: 47090.5s, 85814755328 attempts, 38293897866 affine nodes, 11743 candidates; branch position 23, decisions 18, defined 23; template [0, 0, 0, 1, 0, 2, 4, 8, 0, 4, 9, 16, 31, 14, 28, 19, 0, 23, 28, 15, 22, 16, 5, None, None, None, None, None, None, None, None, None]
n=5: 47110.5s, 85850554368 attempts, 38310734621 affine nodes, 11743 candidates; branch position 22, decisions 17, defined 22; template [0, 0, 0, 1, 0, 2, 4, 8, 0, 4, 9, 16, 31, 15, 26, 29, 0, 30, 27, 9, 16, 24, None, None, None, None, None, None, None, None, None, None]
n=5: 47130.5s, 85886353408 attempts, 38327578170 affine nodes, 11743 candidates; branch position 21, decisions 16, defined 21; template [0, 0, 0, 1, 0, 2, 4, 8, 0, 4, 9, 16, 31, 17, 26, 10, 0, 18, 23, 31, 5, None, None, None, None, None, None, None, None, None, None, None]
n=5: 47150.5s, 85922054144 attempts, 38344899971 affine nodes, 11744 candidates; branch position 21, decisions 16, defined 21; template [0, 0, 0, 1, 0, 2, 4, 8, 0, 4, 9, 16, 31, 18, 28, 21, 0, 29, 11, 4, 27, None, None, None, None, None, None, None, None, None, None, None]
n=5: 47170.5s, 85957836800 attempts, 38363376332 affine nodes, 11744 candidates; branch position 23, decisions 18, defined 23; template [0, 0, 0, 1, 0, 2, 4, 8, 0, 4, 9, 16, 31, 21, 26, 19, 0, 11, 28, 7, 22, 14, 17, None, None, None, None, None, None, None, None, None]
n=5: 47190.5s, 85993570304 attempts, 38381328419 affine nodes, 11746 candidates; branch position 23, decisions 18, defined 23; template [0, 0, 0, 1, 0, 2, 4, 8, 0, 4, 9, 16, 31, 23, 28, 21, 0, 30, 15, 19, 10, 25, 29, None, None, None, None, None, None, None, None, None]
n=5: 47210.5s, 86029303808 attempts, 38399495457 affine nodes, 11746 candidates; branch position 22, decisions 17, defined 22; template [0, 0, 0, 1, 0, 2, 4, 8, 0, 4, 9, 16, 31, 26, 20, 6, 0, 13, 18, 15, 25, 23, None, None, None, None, None, None, None, None, None, None]
n=5: 47230.5s, 86065102848 attempts, 38416542492 affine nodes, 11746 candidates; branch position 23, decisions 18, defined 23; template [0, 0, 0, 1, 0, 2, 4, 8, 0, 4, 9, 16, 31, 28, 23, 13, 0, 16, 30, 19, 15, 1, 25, None, None, None, None, None, None, None, None, None]
n=5: 47250.5s, 86101114880 attempts, 38433193755 affine nodes, 11746 candidates; branch position 23, decisions 18, defined 23; template [0, 0, 0, 1, 0, 2, 4, 8, 0, 4, 11, 12, 16, 7, 28, 20, 0, 30, 9, 2, 11, 22, 14, None, None, None, None, None, None, None, None, None]
n=5: 47270.5s, 86137176064 attempts, 38449959548 affine nodes, 11746 candidates; branch position 22, decisions 17, defined 22; template [0, 0, 0, 1, 0, 2, 4, 8, 0, 4, 11, 12, 16, 14, 22, 21, 0, 25, 13, 27, 1, 18, None, None, None, None, None, None, None, None, None, None]
n=5: 47290.5s, 86172762112 attempts, 38466953830 affine nodes, 11746 candidates; branch position 22, decisions 17, defined 22; template [0, 0, 0, 1, 0, 2, 4, 8, 0, 4, 11, 12, 16, 19, 22, 15, 0, 10, 3, 28, 12, 22, None, None, None, None, None, None, None, None, None, None]
n=5: 47310.5s, 86207299584 attempts, 38481954626 affine nodes, 11746 candidates; branch position 21, decisions 16, defined 21; template [0, 0, 0, 1, 0, 2, 4, 8, 0, 4, 11, 12, 16, 21, 23, 15, 0, 20, 31, 23, 26, None, None, None, None, None, None, None, None, None, None, None]
n=5: 47330.6s, 86242263040 attempts, 38497592478 affine nodes, 11746 candidates; branch position 22, decisions 17, defined 23; template [0, 0, 0, 1, 0, 2, 4, 8, 0, 4, 11, 12, 16, 24, 21, 30, 0, 15, 23, 17, 8, 28, None, 10, None, None, None, None, None, None, None, None]
n=5: 47350.6s, 86277898240 attempts, 38514083003 affine nodes, 11746 candidates; branch position 21, decisions 16, defined 21; template [0, 0, 0, 1, 0, 2, 4, 8, 0, 4, 11, 12, 16, 25, 28, 26, 0, 13, 9, 26, 14, None, None, None, None, None, None, None, None, None, None, None]
n=5: 47370.6s, 86313844736 attempts, 38530173432 affine nodes, 11746 candidates; branch position 22, decisions 17, defined 22; template [0, 0, 0, 1, 0, 2, 4, 8, 0, 4, 11, 12, 16, 29, 19, 10, 0, 11, 21, 5, 26, 12, None, None, None, None, None, None, None, None, None, None]
n=5: 47390.6s, 86349807616 attempts, 38545468654 affine nodes, 11746 candidates; branch position 22, decisions 17, defined 22; template [0, 0, 0, 1, 0, 2, 4, 8, 0, 4, 11, 12, 16, 30, 21, 10, 0, 30, 19, 14, 21, 29, None, None, None, None, None, None, None, None, None, None]
n=5: 47410.6s, 86385736359 attempts, 38560858112 affine nodes, 11746 candidates; branch position 18, decisions 13, defined 19; template [0, 0, 0, 1, 0, 2, 4, 8, 0, 4, 11, 12, 16, 31, 21, 13, 0, 29, 24, None, None, None, None, None, None, None, None, None, None, None, None, None]
n=5: 47430.6s, 86420881408 attempts, 38577793609 affine nodes, 11746 candidates; branch position 23, decisions 18, defined 23; template [0, 0, 0, 1, 0, 2, 4, 8, 0, 4, 11, 13, 16, 7, 21, 18, 0, 21, 18, 11, 28, 18, 6, None, None, None, None, None, None, None, None, None]
n=5: 47450.6s, 86455205888 attempts, 38594262864 affine nodes, 11746 candidates; branch position 23, decisions 18, defined 23; template [0, 0, 0, 1, 0, 2, 4, 8, 0, 4, 11, 13, 16, 7, 30, 19, 0, 29, 23, 18, 17, 14, 29, None, None, None, None, None, None, None, None, None]
n=5: 47470.6s, 86491136000 attempts, 38611034449 affine nodes, 11746 candidates; branch position 22, decisions 17, defined 22; template [0, 0, 0, 1, 0, 2, 4, 8, 0, 4, 11, 13, 16, 12, 22, 25, 0, 31, 12, 18, 24, 1, None, None, None, None, None, None, None, None, None, None]
n=5: 47490.6s, 86526935040 attempts, 38627352659 affine nodes, 11746 candidates; branch position 21, decisions 16, defined 21; template [0, 0, 0, 1, 0, 2, 4, 8, 0, 4, 11, 13, 16, 19, 14, 6, 0, 24, 27, 4, 15, None, None, None, None, None, None, None, None, None, None, None]
n=5: 47510.6s, 86562684928 attempts, 38643708299 affine nodes, 11746 candidates; branch position 20, decisions 15, defined 20; template [0, 0, 0, 1, 0, 2, 4, 8, 0, 4, 11, 13, 16, 21, 22, 25, 0, 13, 28, 23, None, None, None, None, None, None, None, None, None, None, None, None]
n=5: 47530.6s, 86598402048 attempts, 38660636578 affine nodes, 11746 candidates; branch position 21, decisions 16, defined 21; template [0, 0, 0, 1, 0, 2, 4, 8, 0, 4, 11, 13, 16, 23, 28, 6, 0, 15, 22, 19, 26, None, None, None, None, None, None, None, None, None, None, None]
n=5: 47550.6s, 86634135552 attempts, 38677265967 affine nodes, 11746 candidates; branch position 23, decisions 18, defined 23; template [0, 0, 0, 1, 0, 2, 4, 8, 0, 4, 11, 13, 16, 24, 22, 10, 0, 20, 16, 2, 14, 11, 31, None, None, None, None, None, None, None, None, None]
n=5: 47570.6s, 86669901824 attempts, 38694988098 affine nodes, 11746 candidates; branch position 23, decisions 18, defined 23; template [0, 0, 0, 1, 0, 2, 4, 8, 0, 4, 11, 13, 16, 25, 23, 26, 0, 11, 26, 25, 12, 19, 31, None, None, None, None, None, None, None, None, None]
n=5: 47590.6s, 86705651712 attempts, 38712301072 affine nodes, 11746 candidates; branch position 21, decisions 16, defined 21; template [0, 0, 0, 1, 0, 2, 4, 8, 0, 4, 11, 13, 16, 26, 29, 20, 0, 8, 24, 19, 6, None, None, None, None, None, None, None, None, None, None, None]
n=5: 47610.6s, 86741057536 attempts, 38728082406 affine nodes, 11746 candidates; branch position 21, decisions 16, defined 21; template [0, 0, 0, 1, 0, 2, 4, 8, 0, 4, 11, 13, 16, 29, 30, 5, 0, 9, 26, 5, 6, None, None, None, None, None, None, None, None, None, None, None]
n=5: 47630.6s, 86776791040 attempts, 38743468167 affine nodes, 11746 candidates; branch position 21, decisions 16, defined 21; template [0, 0, 0, 1, 0, 2, 4, 8, 0, 4, 11, 13, 16, 31, 7, 28, 0, 8, 12, 20, 1, None, None, None, None, None, None, None, None, None, None, None]
n=5: 47650.6s, 86812491776 attempts, 38759413556 affine nodes, 11746 candidates; branch position 22, decisions 17, defined 22; template [0, 0, 0, 1, 0, 2, 4, 8, 0, 4, 11, 13, 16, 31, 29, 19, 0, 22, 2, 24, 24, 12, None, None, None, None, None, None, None, None, None, None]
n=5: 47670.6s, 86848323584 attempts, 38777278743 affine nodes, 11746 candidates; branch position 21, decisions 16, defined 21; template [0, 0, 0, 1, 0, 2, 4, 8, 0, 4, 11, 16, 19, 7, 30, 17, 0, 28, 9, 31, 26, None, None, None, None, None, None, None, None, None, None, None]
n=5: 47690.6s, 86884024320 attempts, 38793413639 affine nodes, 11746 candidates; branch position 22, decisions 17, defined 22; template [0, 0, 0, 1, 0, 2, 4, 8, 0, 4, 11, 16, 19, 14, 13, 23, 0, 23, 18, 17, 30, 24, None, None, None, None, None, None, None, None, None, None]
n=5: 47710.6s, 86919692288 attempts, 38810401780 affine nodes, 11746 candidates; branch position 21, decisions 16, defined 21; template [0, 0, 0, 1, 0, 2, 4, 8, 0, 4, 11, 16, 19, 22, 26, 13, 0, 13, 14, 19, 3, None, None, None, None, None, None, None, None, None, None, None]
n=5: 47730.6s, 86955425792 attempts, 38828272601 affine nodes, 11747 candidates; branch position 22, decisions 17, defined 22; template [0, 0, 0, 1, 0, 2, 4, 8, 0, 4, 11, 16, 19, 25, 29, 10, 0, 14, 24, 11, 13, 6, None, None, None, None, None, None, None, None, None, None]
n=5: 47750.6s, 86991290368 attempts, 38845283435 affine nodes, 11747 candidates; branch position 22, decisions 17, defined 22; template [0, 0, 0, 1, 0, 2, 4, 8, 0, 4, 11, 16, 19, 26, 31, 15, 0, 19, 8, 11, 13, 24, None, None, None, None, None, None, None, None, None, None]
n=5: 47770.6s, 87027089408 attempts, 38861324080 affine nodes, 11747 candidates; branch position 22, decisions 17, defined 22; template [0, 0, 0, 1, 0, 2, 4, 8, 0, 4, 11, 16, 19, 28, 14, 5, 0, 10, 19, 3, 28, 1, None, None, None, None, None, None, None, None, None, None]
n=5: 47790.6s, 87062953984 attempts, 38877458307 affine nodes, 11747 candidates; branch position 23, decisions 18, defined 23; template [0, 0, 0, 1, 0, 2, 4, 8, 0, 4, 11, 16, 19, 29, 26, 6, 0, 9, 18, 24, 15, 7, 9, None, None, None, None, None, None, None, None, None]
n=5: 47810.7s, 87098769408 attempts, 38893456918 affine nodes, 11747 candidates; branch position 22, decisions 17, defined 22; template [0, 0, 0, 1, 0, 2, 4, 8, 0, 4, 11, 16, 21, 7, 14, 23, 0, 7, 9, 29, 6, 9, None, None, None, None, None, None, None, None, None, None]
n=5: 47830.7s, 87134273536 attempts, 38910005825 affine nodes, 11747 candidates; branch position 22, decisions 17, defined 22; template [0, 0, 0, 1, 0, 2, 4, 8, 0, 4, 11, 16, 21, 12, 7, 10, 0, 11, 12, 5, 20, 26, None, None, None, None, None, None, None, None, None, None]
n=5: 47850.7s, 87168450560 attempts, 38924916752 affine nodes, 11747 candidates; branch position 20, decisions 15, defined 20; template [0, 0, 0, 1, 0, 2, 4, 8, 0, 4, 11, 16, 21, 18, 14, 17, 0, 14, 17, 30, None, None, None, None, None, None, None, None, None, None, None, None]
n=5: 47870.7s, 87202185216 attempts, 38940349256 affine nodes, 11747 candidates; branch position 22, decisions 17, defined 22; template [0, 0, 0, 1, 0, 2, 4, 8, 0, 4, 11, 16, 21, 22, 13, 30, 0, 10, 3, 5, 26, 18, None, None, None, None, None, None, None, None, None, None]
n=5: 47890.7s, 87231430656 attempts, 38953598357 affine nodes, 11747 candidates; branch position 22, decisions 17, defined 22; template [0, 0, 0, 1, 0, 2, 4, 8, 0, 4, 11, 16, 21, 26, 13, 31, 0, 8, 29, 14, 24, 19, None, None, None, None, None, None, None, None, None, None]
n=5: 47910.7s, 87267622912 attempts, 38969329904 affine nodes, 11747 candidates; branch position 22, decisions 17, defined 22; template [0, 0, 0, 1, 0, 2, 4, 8, 0, 4, 11, 16, 21, 27, 13, 6, 0, 16, 13, 30, 3, 14, None, None, None, None, None, None, None, None, None, None]
n=5: 47930.7s, 87303503872 attempts, 38985162970 affine nodes, 11747 candidates; branch position 22, decisions 17, defined 22; template [0, 0, 0, 1, 0, 2, 4, 8, 0, 4, 11, 16, 21, 28, 25, 30, 0, 28, 24, 10, 26, 23, None, None, None, None, None, None, None, None, None, None]
n=5: 47950.7s, 87339171840 attempts, 39001093297 affine nodes, 11747 candidates; branch position 22, decisions 17, defined 22; template [0, 0, 0, 1, 0, 2, 4, 8, 0, 4, 11, 16, 21, 31, 14, 6, 0, 18, 24, 13, 20, 11, None, None, None, None, None, None, None, None, None, None]
n=5: 47970.7s, 87375003648 attempts, 39018087792 affine nodes, 11748 candidates; branch position 21, decisions 16, defined 21; template [0, 0, 0, 1, 0, 2, 4, 8, 0, 4, 11, 16, 22, 7, 19, 15, 0, 30, 28, 3, 19, None, None, None, None, None, None, None, None, None, None, None]
n=5: 47990.7s, 87410802688 attempts, 39034856039 affine nodes, 11748 candidates; branch position 22, decisions 17, defined 22; template [0, 0, 0, 1, 0, 2, 4, 8, 0, 4, 11, 16, 22, 12, 17, 31, 0, 16, 30, 12, 31, 7, None, None, None, None, None, None, None, None, None, None]
n=5: 48010.7s, 87446536192 attempts, 39051938201 affine nodes, 11748 candidates; branch position 22, decisions 17, defined 22; template [0, 0, 0, 1, 0, 2, 4, 8, 0, 4, 11, 16, 22, 14, 19, 21, 0, 18, 31, 21, 8, 28, None, None, None, None, None, None, None, None, None, None]
n=5: 48030.7s, 87482286080 attempts, 39068019461 affine nodes, 11749 candidates; branch position 21, decisions 16, defined 21; template [0, 0, 0, 1, 0, 2, 4, 8, 0, 4, 11, 16, 22, 17, 31, 15, 0, 10, 18, 17, 1, None, None, None, None, None, None, None, None, None, None, None]
n=5: 48050.7s, 87518035968 attempts, 39084672891 affine nodes, 11750 candidates; branch position 21, decisions 16, defined 21; template [0, 0, 0, 1, 0, 2, 4, 8, 0, 4, 11, 16, 22, 25, 7, 21, 0, 24, 9, 26, 21, None, None, None, None, None, None, None, None, None, None, None]
n=5: 48070.7s, 87553720320 attempts, 39100611528 affine nodes, 11750 candidates; branch position 22, decisions 17, defined 22; template [0, 0, 0, 1, 0, 2, 4, 8, 0, 4, 11, 16, 22, 27, 14, 13, 0, 11, 6, 22, 10, 25, None, None, None, None, None, None, None, None, None, None]
n=5: 48090.7s, 87589535744 attempts, 39116609298 affine nodes, 11750 candidates; branch position 22, decisions 17, defined 22; template [0, 0, 0, 1, 0, 2, 4, 8, 0, 4, 11, 16, 22, 28, 17, 31, 0, 7, 21, 28, 10, 25, None, None, None, None, None, None, None, None, None, None]
n=5: 48110.7s, 87625367552 attempts, 39132462040 affine nodes, 11750 candidates; branch position 22, decisions 17, defined 22; template [0, 0, 0, 1, 0, 2, 4, 8, 0, 4, 11, 16, 22, 31, 14, 28, 0, 11, 2, 12, 7, 24, None, None, None, None, None, None, None, None, None, None]
n=5: 48130.7s, 87661379584 attempts, 39149042516 affine nodes, 11750 candidates; branch position 22, decisions 17, defined 22; template [0, 0, 0, 1, 0, 2, 4, 8, 0, 4, 11, 16, 23, 7, 25, 15, 0, 23, 2, 13, 11, 1, None, None, None, None, None, None, None, None, None, None]
n=5: 48150.7s, 87697244160 attempts, 39164580535 affine nodes, 11750 candidates; branch position 22, decisions 17, defined 22; template [0, 0, 0, 1, 0, 2, 4, 8, 0, 4, 11, 16, 23, 14, 26, 19, 0, 15, 2, 29, 11, 27, None, None, None, None, None, None, None, None, None, None]
n=5: 48170.7s, 87733067071 attempts, 39180566528 affine nodes, 11750 candidates; branch position 18, decisions 13, defined 19; template [0, 0, 0, 1, 0, 2, 4, 8, 0, 4, 11, 16, 23, 18, 25, 10, 0, 20, 25, None, None, None, None, None, None, None, None, None, None, None, None, None]
n=5: 48190.7s, 87768940544 attempts, 39196401670 affine nodes, 11750 candidates; branch position 22, decisions 17, defined 22; template [0, 0, 0, 1, 0, 2, 4, 8, 0, 4, 11, 16, 23, 25, 30, 27, 0, 20, 16, 10, 18, 15, None, None, None, None, None, None, None, None, None, None]
n=5: 48210.7s, 87804887040 attempts, 39212196148 affine nodes, 11751 candidates; branch position 22, decisions 17, defined 22; template [0, 0, 0, 1, 0, 2, 4, 8, 0, 4, 11, 16, 23, 29, 7, 19, 0, 29, 9, 2, 7, 9, None, None, None, None, None, None, None, None, None, None]
n=5: 48230.7s, 87840702464 attempts, 39228402244 affine nodes, 11751 candidates; branch position 23, decisions 18, defined 23; template [0, 0, 0, 1, 0, 2, 4, 8, 0, 4, 11, 16, 23, 29, 31, 10, 0, 24, 9, 31, 3, 20, 6, None, None, None, None, None, None, None, None, None]
n=5: 48250.7s, 87876681728 attempts, 39243865567 affine nodes, 11751 candidates; branch position 23, decisions 18, defined 23; template [0, 0, 0, 1, 0, 2, 4, 8, 0, 4, 11, 16, 23, 31, 26, 15, 0, 11, 9, 4, 28, 18, 25, None, None, None, None, None, None, None, None, None]
n=5: 48270.7s, 87912497152 attempts, 39260837359 affine nodes, 11751 candidates; branch position 22, decisions 17, defined 22; template [0, 0, 0, 1, 0, 2, 4, 8, 0, 4, 11, 16, 25, 12, 7, 23, 0, 8, 26, 29, 5, 11, None, None, None, None, None, None, None, None, None, None]
n=5: 48290.7s, 87948394496 attempts, 39277466826 affine nodes, 11751 candidates; branch position 22, decisions 17, defined 22; template [0, 0, 0, 1, 0, 2, 4, 8, 0, 4, 11, 16, 25, 12, 31, 15, 0, 22, 13, 31, 12, 11, None, None, None, None, None, None, None, None, None, None]
n=5: 48310.7s, 87984242688 attempts, 39294761410 affine nodes, 11751 candidates; branch position 22, decisions 17, defined 22; template [0, 0, 0, 1, 0, 2, 4, 8, 0, 4, 11, 16, 25, 17, 7, 13, 0, 19, 2, 26, 26, 20, None, None, None, None, None, None, None, None, None, None]
n=5: 48330.8s, 88020172800 attempts, 39310670002 affine nodes, 11751 candidates; branch position 20, decisions 15, defined 20; template [0, 0, 0, 1, 0, 2, 4, 8, 0, 4, 11, 16, 25, 22, 7, 15, 0, 26, 16, 5, None, None, None, None, None, None, None, None, None, None, None, None]
n=5: 48350.8s, 88056135680 attempts, 39327021461 affine nodes, 11751 candidates; branch position 21, decisions 16, defined 21; template [0, 0, 0, 1, 0, 2, 4, 8, 0, 4, 11, 16, 25, 23, 20, 6, 0, 20, 26, 19, 10, None, None, None, None, None, None, None, None, None, None, None]
n=5: 48370.8s, 88091951104 attempts, 39343212364 affine nodes, 11751 candidates; branch position 21, decisions 16, defined 21; template [0, 0, 0, 1, 0, 2, 4, 8, 0, 4, 11, 16, 25, 26, 17, 13, 0, 7, 9, 25, 19, None, None, None, None, None, None, None, None, None, None, None]
n=5: 48390.8s, 88127815680 attempts, 39359309773 affine nodes, 11751 candidates; branch position 20, decisions 15, defined 20; template [0, 0, 0, 1, 0, 2, 4, 8, 0, 4, 11, 16, 25, 28, 7, 27, 0, 16, 14, 5, None, None, None, None, None, None, None, None, None, None, None, None]
n=5: 48410.8s, 88163762176 attempts, 39374984456 affine nodes, 11752 candidates; branch position 22, decisions 17, defined 22; template [0, 0, 0, 1, 0, 2, 4, 8, 0, 4, 11, 16, 25, 30, 20, 13, 0, 30, 2, 12, 21, 22, None, None, None, None, None, None, None, None, None, None]
n=5: 48430.8s, 88199626752 attempts, 39391150397 affine nodes, 11752 candidates; branch position 23, decisions 18, defined 23; template [0, 0, 0, 1, 0, 2, 4, 8, 0, 4, 11, 16, 26, 7, 28, 22, 0, 31, 26, 4, 7, 9, 2, None, None, None, None, None, None, None, None, None]
n=5: 48450.8s, 88235474944 attempts, 39407216268 affine nodes, 11752 candidates; branch position 22, decisions 17, defined 22; template [0, 0, 0, 1, 0, 2, 4, 8, 0, 4, 11, 16, 26, 18, 22, 15, 0, 26, 8, 24, 13, 31, None, None, None, None, None, None, None, None, None, None]
n=5: 48470.8s, 88271331025 attempts, 39423049728 affine nodes, 11752 candidates; branch position 17, decisions 12, defined 18; template [0, 0, 0, 1, 0, 2, 4, 8, 0, 4, 11, 16, 26, 23, 29, 15, 0, 15, None, None, None, None, None, None, None, None, None, None, None, None, None, None]
n=5: 48490.8s, 88307105792 attempts, 39439336580 affine nodes, 11752 candidates; branch position 24, decisions 19, defined 24; template [0, 0, 0, 1, 0, 2, 4, 8, 0, 4, 11, 16, 26, 31, 29, 5, 0, 10, 25, 5, 5, 21, 22, 24, None, None, None, None, None, None, None, None]
n=5: 48510.8s, 88343150592 attempts, 39455639937 affine nodes, 11752 candidates; branch position 23, decisions 18, defined 23; template [0, 0, 0, 1, 0, 2, 4, 8, 0, 4, 11, 16, 28, 12, 26, 31, 0, 17, 31, 7, 21, 18, 9, None, None, None, None, None, None, None, None, None]
n=5: 48530.8s, 88379031552 attempts, 39472655807 affine nodes, 11752 candidates; branch position 22, decisions 17, defined 22; template [0, 0, 0, 1, 0, 2, 4, 8, 0, 4, 11, 16, 28, 14, 25, 31, 0, 23, 25, 5, 20, 26, None, None, None, None, None, None, None, None, None, None]
n=5: 48550.8s, 88414961664 attempts, 39488758459 affine nodes, 11752 candidates; branch position 22, decisions 17, defined 22; template [0, 0, 0, 1, 0, 2, 4, 8, 0, 4, 11, 16, 28, 17, 31, 13, 0, 26, 13, 5, 19, 21, None, None, None, None, None, None, None, None, None, None]
n=5: 48570.8s, 88450809856 attempts, 39505724565 affine nodes, 11752 candidates; branch position 22, decisions 17, defined 22; template [0, 0, 0, 1, 0, 2, 4, 8, 0, 4, 11, 16, 28, 21, 14, 6, 0, 30, 23, 17, 7, 16, None, None, None, None, None, None, None, None, None, None]
n=5: 48590.8s, 88486739968 attempts, 39523289884 affine nodes, 11752 candidates; branch position 22, decisions 17, defined 22; template [0, 0, 0, 1, 0, 2, 4, 8, 0, 4, 11, 16, 28, 22, 31, 5, 0, 8, 31, 22, 5, 3, None, None, None, None, None, None, None, None, None, None]
n=5: 48610.8s, 88522653696 attempts, 39541288243 affine nodes, 11752 candidates; branch position 21, decisions 16, defined 21; template [0, 0, 0, 1, 0, 2, 4, 8, 0, 4, 11, 16, 28, 25, 26, 15, 0, 18, 3, 11, 13, None, None, None, None, None, None, None, None, None, None, None]
n=5: 48630.8s, 88558682112 attempts, 39557355409 affine nodes, 11752 candidates; branch position 22, decisions 17, defined 22; template [0, 0, 0, 1, 0, 2, 4, 8, 0, 4, 11, 16, 29, 7, 13, 26, 0, 10, 14, 13, 22, 31, None, None, None, None, None, None, None, None, None, None]
n=5: 48650.8s, 88594563072 attempts, 39574360474 affine nodes, 11752 candidates; branch position 23, decisions 18, defined 23; template [0, 0, 0, 1, 0, 2, 4, 8, 0, 4, 11, 16, 29, 12, 7, 19, 0, 19, 30, 20, 14, 7, 11, None, None, None, None, None, None, None, None, None]
n=5: 48670.8s, 88630460416 attempts, 39590194730 affine nodes, 11752 candidates; branch position 23, decisions 18, defined 23; template [0, 0, 0, 1, 0, 2, 4, 8, 0, 4, 11, 16, 29, 14, 13, 23, 0, 10, 13, 2, 12, 27, 5, None, None, None, None, None, None, None, None, None]
n=5: 48690.8s, 88666243072 attempts, 39605899450 affine nodes, 11752 candidates; branch position 21, decisions 16, defined 21; template [0, 0, 0, 1, 0, 2, 4, 8, 0, 4, 11, 16, 29, 18, 30, 10, 0, 13, 7, 22, 10, None, None, None, None, None, None, None, None, None, None, None]
n=5: 48710.8s, 88702074880 attempts, 39622385590 affine nodes, 11753 candidates; branch position 21, decisions 16, defined 21; template [0, 0, 0, 1, 0, 2, 4, 8, 0, 4, 11, 16, 29, 23, 14, 30, 0, 14, 7, 12, 24, None, None, None, None, None, None, None, None, None, None, None]
n=5: 48730.8s, 88737939456 attempts, 39638672493 affine nodes, 11753 candidates; branch position 22, decisions 17, defined 22; template [0, 0, 0, 1, 0, 2, 4, 8, 0, 4, 11, 16, 29, 26, 19, 6, 0, 30, 8, 28, 15, 4, None, None, None, None, None, None, None, None, None, None]
n=5: 48750.8s, 88773820416 attempts, 39654968521 affine nodes, 11753 candidates; branch position 21, decisions 16, defined 21; template [0, 0, 0, 1, 0, 2, 4, 8, 0, 4, 11, 16, 30, 7, 22, 28, 0, 20, 7, 29, 24, None, None, None, None, None, None, None, None, None, None, None]
n=5: 48770.8s, 88809750528 attempts, 39671450312 affine nodes, 11753 candidates; branch position 21, decisions 16, defined 21; template [0, 0, 0, 1, 0, 2, 4, 8, 0, 4, 11, 16, 30, 12, 25, 19, 0, 22, 28, 19, 6, None, None, None, None, None, None, None, None, None, None, None]
n=5: 48790.8s, 88845565952 attempts, 39687276619 affine nodes, 11753 candidates; branch position 21, decisions 16, defined 21; template [0, 0, 0, 1, 0, 2, 4, 8, 0, 4, 11, 16, 30, 17, 7, 19, 0, 10, 6, 17, 13, None, None, None, None, None, None, None, None, None, None, None]
n=5: 48810.8s, 88881446912 attempts, 39702303921 affine nodes, 11753 candidates; branch position 23, decisions 18, defined 23; template [0, 0, 0, 1, 0, 2, 4, 8, 0, 4, 11, 16, 30, 22, 13, 6, 0, 26, 29, 19, 1, 11, 26, None, None, None, None, None, None, None, None, None]
n=5: 48830.8s, 88917409792 attempts, 39718538179 affine nodes, 11753 candidates; branch position 21, decisions 16, defined 21; template [0, 0, 0, 1, 0, 2, 4, 8, 0, 4, 11, 16, 30, 25, 19, 15, 0, 9, 30, 24, 6, None, None, None, None, None, None, None, None, None, None, None]
n=5: 48850.8s, 88953339904 attempts, 39734388377 affine nodes, 11753 candidates; branch position 21, decisions 16, defined 21; template [0, 0, 0, 1, 0, 2, 4, 8, 0, 4, 11, 16, 30, 27, 22, 21, 0, 18, 28, 27, 6, None, None, None, None, None, None, None, None, None, None, None]
n=5: 48870.9s, 88989270016 attempts, 39752113733 affine nodes, 11753 candidates; branch position 21, decisions 16, defined 21; template [0, 0, 0, 1, 0, 2, 4, 8, 0, 4, 11, 16, 31, 7, 25, 10, 0, 15, 25, 17, 22, None, None, None, None, None, None, None, None, None, None, None]
n=5: 48890.9s, 89025216512 attempts, 39768821192 affine nodes, 11753 candidates; branch position 22, decisions 17, defined 22; template [0, 0, 0, 1, 0, 2, 4, 8, 0, 4, 11, 16, 31, 12, 23, 26, 0, 22, 3, 4, 21, 15, None, None, None, None, None, None, None, None, None, None]
n=5: 48910.9s, 89061081088 attempts, 39785027960 affine nodes, 11753 candidates; branch position 21, decisions 16, defined 21; template [0, 0, 0, 1, 0, 2, 4, 8, 0, 4, 11, 16, 31, 14, 23, 24, 0, 23, 18, 26, 11, None, None, None, None, None, None, None, None, None, None, None]
n=5: 48930.9s, 89096929280 attempts, 39801185514 affine nodes, 11753 candidates; branch position 23, decisions 18, defined 23; template [0, 0, 0, 1, 0, 2, 4, 8, 0, 4, 11, 16, 31, 17, 26, 6, 0, 24, 21, 7, 28, 22, 19, None, None, None, None, None, None, None, None, None]
n=5: 48950.9s, 89132859392 attempts, 39817186420 affine nodes, 11753 candidates; branch position 22, decisions 17, defined 22; template [0, 0, 0, 1, 0, 2, 4, 8, 0, 4, 11, 16, 31, 18, 28, 5, 0, 17, 12, 11, 30, 22, None, None, None, None, None, None, None, None, None, None]
n=5: 48970.9s, 89168756736 attempts, 39834210290 affine nodes, 11753 candidates; branch position 22, decisions 17, defined 22; template [0, 0, 0, 1, 0, 2, 4, 8, 0, 4, 11, 16, 31, 21, 25, 26, 0, 30, 13, 11, 29, 4, None, None, None, None, None, None, None, None, None, None]
n=5: 48990.9s, 89204539392 attempts, 39850474281 affine nodes, 11753 candidates; branch position 21, decisions 16, defined 21; template [0, 0, 0, 1, 0, 2, 4, 8, 0, 4, 11, 16, 31, 23, 28, 6, 0, 10, 7, 18, 13, None, None, None, None, None, None, None, None, None, None, None]
n=5: 49010.9s, 89240109056 attempts, 39868192886 affine nodes, 11753 candidates; branch position 23, decisions 18, defined 23; template [0, 0, 0, 1, 0, 2, 4, 8, 0, 4, 11, 16, 31, 26, 19, 28, 0, 22, 14, 30, 23, 16, 11, None, None, None, None, None, None, None, None, None]
n=5: 49030.9s, 89275940864 attempts, 39886224674 affine nodes, 11753 candidates; branch position 21, decisions 16, defined 21; template [0, 0, 0, 1, 0, 2, 4, 8, 0, 4, 13, 7, 16, 11, 23, 31, 0, 29, 2, 21, 30, None, None, None, None, None, None, None, None, None, None, None]
n=5: 49050.9s, 89311821824 attempts, 39905725116 affine nodes, 11753 candidates; branch position 22, decisions 17, defined 22; template [0, 0, 0, 1, 0, 2, 4, 8, 0, 4, 13, 7, 16, 14, 27, 20, 0, 7, 8, 19, 20, 1, None, None, None, None, None, None, None, None, None, None]
n=5: 49070.9s, 89347588096 attempts, 39923709986 affine nodes, 11753 candidates; branch position 22, decisions 17, defined 22; template [0, 0, 0, 1, 0, 2, 4, 8, 0, 4, 13, 7, 16, 23, 27, 30, 0, 25, 20, 3, 18, 1, None, None, None, None, None, None, None, None, None, None]
n=5: 49090.9s, 89383256064 attempts, 39941055298 affine nodes, 11753 candidates; branch position 21, decisions 16, defined 21; template [0, 0, 0, 1, 0, 2, 4, 8, 0, 4, 13, 10, 16, 7, 21, 28, 0, 26, 31, 11, 6, None, None, None, None, None, None, None, None, None, None, None]
n=5: 49110.9s, 89418792960 attempts, 39958163837 affine nodes, 11753 candidates; branch position 22, decisions 17, defined 22; template [0, 0, 0, 1, 0, 2, 4, 8, 0, 4, 13, 10, 16, 11, 21, 28, 0, 18, 29, 11, 7, 23, None, None, None, None, None, None, None, None, None, None]
n=5: 49130.9s, 89454329856 attempts, 39975141861 affine nodes, 11753 candidates; branch position 21, decisions 16, defined 21; template [0, 0, 0, 1, 0, 2, 4, 8, 0, 4, 13, 10, 16, 21, 22, 28, 0, 14, 28, 11, 21, None, None, None, None, None, None, None, None, None, None, None]
n=5: 49150.9s, 89490161664 attempts, 39992389922 affine nodes, 11753 candidates; branch position 22, decisions 17, defined 22; template [0, 0, 0, 1, 0, 2, 4, 8, 0, 4, 13, 10, 16, 24, 22, 9, 0, 17, 3, 22, 6, 31, None, None, None, None, None, None, None, None, None, None]
n=5: 49170.9s, 89526059008 attempts, 40009809726 affine nodes, 11753 candidates; branch position 22, decisions 17, defined 23; template [0, 0, 0, 1, 0, 2, 4, 8, 0, 4, 13, 10, 16, 26, 11, 18, 0, 16, 7, 21, 31, 11, None, 9, None, None, None, None, None, None, None, None]
n=5: 49190.9s, 89561956352 attempts, 40027957399 affine nodes, 11753 candidates; branch position 23, decisions 18, defined 23; template [0, 0, 0, 1, 0, 2, 4, 8, 0, 4, 13, 10, 16, 27, 21, 29, 0, 29, 31, 18, 1, 24, 20, None, None, None, None, None, None, None, None, None]
n=5: 49210.9s, 89597853696 attempts, 40045112415 affine nodes, 11753 candidates; branch position 22, decisions 17, defined 22; template [0, 0, 0, 1, 0, 2, 4, 8, 0, 4, 13, 11, 16, 7, 10, 21, 0, 28, 31, 10, 1, 25, None, None, None, None, None, None, None, None, None, None]
n=5: 49230.9s, 89632620544 attempts, 40061478621 affine nodes, 11753 candidates; branch position 21, decisions 16, defined 21; template [0, 0, 0, 1, 0, 2, 4, 8, 0, 4, 13, 11, 16, 7, 30, 19, 0, 22, 8, 7, 1, None, None, None, None, None, None, None, None, None, None, None]
n=5: 49250.9s, 89667928064 attempts, 40079095735 affine nodes, 11753 candidates; branch position 23, decisions 18, defined 23; template [0, 0, 0, 1, 0, 2, 4, 8, 0, 4, 13, 11, 16, 14, 24, 21, 0, 25, 14, 28, 26, 11, 19, None, None, None, None, None, None, None, None, None]
n=5: 49270.9s, 89703890944 attempts, 40096591254 affine nodes, 11753 candidates; branch position 20, decisions 15, defined 20; template [0, 0, 0, 1, 0, 2, 4, 8, 0, 4, 13, 11, 16, 21, 27, 14, 0, 19, 6, 26, None, None, None, None, None, None, None, None, None, None, None, None]
n=5: 49290.9s, 89739739136 attempts, 40113170333 affine nodes, 11754 candidates; branch position 22, decisions 17, defined 22; template [0, 0, 0, 1, 0, 2, 4, 8, 0, 4, 13, 11, 16, 24, 7, 26, 0, 7, 18, 23, 23, 15, None, None, None, None, None, None, None, None, None, None]
n=5: 49310.9s, 89775554560 attempts, 40130065417 affine nodes, 11754 candidates; branch position 21, decisions 16, defined 21; template [0, 0, 0, 1, 0, 2, 4, 8, 0, 4, 13, 11, 16, 25, 10, 21, 0, 17, 7, 13, 1, None, None, None, None, None, None, None, None, None, None, None]
n=5: 49330.9s, 89811107840 attempts, 40147639119 affine nodes, 11754 candidates; branch position 22, decisions 17, defined 22; template [0, 0, 0, 1, 0, 2, 4, 8, 0, 4, 13, 11, 16, 26, 21, 14, 0, 21, 3, 13, 14, 19, None, None, None, None, None, None, None, None, None, None]
n=5: 49350.9s, 89845497856 attempts, 40164560830 affine nodes, 11754 candidates; branch position 22, decisions 17, defined 23; template [0, 0, 0, 1, 0, 2, 4, 8, 0, 4, 13, 11, 16, 27, 10, 19, 0, 9, 27, 28, 21, 16, None, None, None, None, None, 15, None, None, None, None]
n=5: 49371.0s, 89880969216 attempts, 40181105222 affine nodes, 11754 candidates; branch position 20, decisions 15, defined 20; template [0, 0, 0, 1, 0, 2, 4, 8, 0, 4, 13, 11, 16, 30, 19, 6, 0, 20, 23, 26, None, None, None, None, None, None, None, None, None, None, None, None]
n=5: 49391.0s, 89916545125 attempts, 40197423104 affine nodes, 11754 candidates; branch position 18, decisions 13, defined 19; template [0, 0, 0, 1, 0, 2, 4, 8, 0, 4, 13, 16, 19, 11, 14, 17, 0, 22, 7, None, None, None, None, None, None, None, None, None, None, None, None, None]
n=5: 49411.0s, 89952043008 attempts, 40214098542 affine nodes, 11754 candidates; branch position 23, decisions 18, defined 23; template [0, 0, 0, 1, 0, 2, 4, 8, 0, 4, 13, 16, 19, 22, 27, 24, 0, 31, 6, 15, 15, 24, 18, None, None, None, None, None, None, None, None, None]
n=5: 49431.0s, 89987809280 attempts, 40232277165 affine nodes, 11754 candidates; branch position 22, decisions 17, defined 22; template [0, 0, 0, 1, 0, 2, 4, 8, 0, 4, 13, 16, 19, 26, 14, 31, 0, 18, 24, 2, 11, 4, None, None, None, None, None, None, None, None, None, None]
n=5: 49451.0s, 90023657472 attempts, 40249361985 affine nodes, 11754 candidates; branch position 22, decisions 17, defined 22; template [0, 0, 0, 1, 0, 2, 4, 8, 0, 4, 13, 16, 19, 29, 10, 31, 0, 27, 15, 28, 23, 30, None, None, None, None, None, None, None, None, None, None]
n=5: 49471.0s, 90059259904 attempts, 40266378676 affine nodes, 11755 candidates; branch position 22, decisions 17, defined 22; template [0, 0, 0, 1, 0, 2, 4, 8, 0, 4, 13, 16, 21, 7, 27, 22, 0, 8, 19, 15, 18, 28, None, None, None, None, None, None, None, None, None, None]
n=5: 49491.0s, 90094813184 attempts, 40284897394 affine nodes, 11755 candidates; branch position 21, decisions 16, defined 21; template [0, 0, 0, 1, 0, 2, 4, 8, 0, 4, 13, 16, 21, 14, 19, 6, 0, 22, 17, 5, 27, None, None, None, None, None, None, None, None, None, None, None]
n=5: 49511.0s, 90130382848 attempts, 40302011831 affine nodes, 11755 candidates; branch position 24, decisions 19, defined 24; template [0, 0, 0, 1, 0, 2, 4, 8, 0, 4, 13, 16, 21, 27, 22, 9, 0, 7, 16, 31, 10, 15, 12, 30, None, None, None, None, None, None, None, None]
n=5: 49531.0s, 90166231040 attempts, 40319229726 affine nodes, 11755 candidates; branch position 22, decisions 17, defined 22; template [0, 0, 0, 1, 0, 2, 4, 8, 0, 4, 13, 16, 21, 29, 10, 3, 0, 11, 7, 18, 6, 20, None, None, None, None, None, None, None, None, None, None]
n=5: 49551.0s, 90201882624 attempts, 40336588685 affine nodes, 11755 candidates; branch position 22, decisions 17, defined 22; template [0, 0, 0, 1, 0, 2, 4, 8, 0, 4, 13, 16, 21, 29, 30, 17, 0, 24, 15, 5, 18, 3, None, None, None, None, None, None, None, None, None, None]
n=5: 49571.0s, 90237452288 attempts, 40354063238 affine nodes, 11755 candidates; branch position 21, decisions 16, defined 21; template [0, 0, 0, 1, 0, 2, 4, 8, 0, 4, 13, 16, 21, 31, 27, 9, 0, 19, 25, 15, 8, None, None, None, None, None, None, None, None, None, None, None]
n=5: 49591.0s, 90271465472 attempts, 40370566626 affine nodes, 11755 candidates; branch position 23, decisions 18, defined 23; template [0, 0, 0, 1, 0, 2, 4, 8, 0, 4, 13, 16, 22, 14, 11, 17, 0, 15, 25, 30, 27, 16, 20, None, None, None, None, None, None, None, None, None]
n=5: 49611.0s, 90306658304 attempts, 40386722731 affine nodes, 11755 candidates; branch position 21, decisions 16, defined 21; template [0, 0, 0, 1, 0, 2, 4, 8, 0, 4, 13, 16, 22, 17, 30, 10, 0, 26, 3, 13, 10, None, None, None, None, None, None, None, None, None, None, None]
n=5: 49631.0s, 90342211584 attempts, 40403529094 affine nodes, 11755 candidates; branch position 22, decisions 17, defined 22; template [0, 0, 0, 1, 0, 2, 4, 8, 0, 4, 13, 16, 22, 29, 7, 10, 0, 20, 27, 17, 8, 15, None, None, None, None, None, None, None, None, None, None]
n=5: 49651.0s, 90377764864 attempts, 40420759120 affine nodes, 11755 candidates; branch position 20, decisions 15, defined 20; template [0, 0, 0, 1, 0, 2, 4, 8, 0, 4, 13, 16, 22, 30, 7, 27, 0, 18, 23, 28, None, None, None, None, None, None, None, None, None, None, None, None]
n=5: 49671.0s, 90411581440 attempts, 40436791442 affine nodes, 11755 candidates; branch position 22, decisions 17, defined 22; template [0, 0, 0, 1, 0, 2, 4, 8, 0, 4, 13, 16, 22, 31, 14, 24, 0, 16, 21, 31, 28, 14, None, None, None, None, None, None, None, None, None, None]
n=5: 49691.0s, 90445824000 attempts, 40452836871 affine nodes, 11755 candidates; branch position 22, decisions 17, defined 22; template [0, 0, 0, 1, 0, 2, 4, 8, 0, 4, 13, 16, 23, 7, 28, 21, 0, 13, 24, 3, 14, 6, None, None, None, None, None, None, None, None, None, None]
n=5: 49711.0s, 90480787456 attempts, 40469251229 affine nodes, 11755 candidates; branch position 21, decisions 16, defined 21; template [0, 0, 0, 1, 0, 2, 4, 8, 0, 4, 13, 16, 23, 14, 11, 6, 0, 11, 22, 7, 28, None, None, None, None, None, None, None, None, None, None, None]
n=5: 49731.0s, 90516389888 attempts, 40486068594 affine nodes, 11756 candidates; branch position 23, decisions 18, defined 23; template [0, 0, 0, 1, 0, 2, 4, 8, 0, 4, 13, 16, 23, 18, 14, 3, 0, 24, 22, 7, 8, 1, 11, None, None, None, None, None, None, None, None, None]
n=5: 49751.0s, 90550960128 attempts, 40502011966 affine nodes, 11757 candidates; branch position 23, decisions 18, defined 23; template [0, 0, 0, 1, 0, 2, 4, 8, 0, 4, 13, 16, 23, 25, 11, 14, 0, 8, 11, 23, 7, 16, 30, None, None, None, None, None, None, None, None, None]
n=5: 49771.0s, 90586365952 attempts, 40518723872 affine nodes, 11757 candidates; branch position 21, decisions 16, defined 21; template [0, 0, 0, 1, 0, 2, 4, 8, 0, 4, 13, 16, 23, 28, 25, 10, 0, 27, 24, 23, 3, None, None, None, None, None, None, None, None, None, None, None]
n=5: 49791.0s, 90621640704 attempts, 40535200741 affine nodes, 11757 candidates; branch position 23, decisions 18, defined 23; template [0, 0, 0, 1, 0, 2, 4, 8, 0, 4, 13, 16, 23, 29, 25, 11, 0, 11, 18, 21, 7, 10, 1, None, None, None, None, None, None, None, None, None]
n=5: 49811.0s, 90656931840 attempts, 40551349298 affine nodes, 11757 candidates; branch position 22, decisions 17, defined 22; template [0, 0, 0, 1, 0, 2, 4, 8, 0, 4, 13, 16, 23, 31, 17, 3, 0, 19, 14, 17, 5, 3, None, None, None, None, None, None, None, None, None, None]
n=5: 49831.0s, 90692583424 attempts, 40567806337 affine nodes, 11759 candidates; branch position 22, decisions 17, defined 22; template [0, 0, 0, 1, 0, 2, 4, 8, 0, 4, 13, 16, 25, 11, 30, 29, 0, 17, 14, 23, 7, 25, None, None, None, None, None, None, None, None, None, None]
n=5: 49851.0s, 90728267776 attempts, 40584269331 affine nodes, 11759 candidates; branch position 23, decisions 18, defined 23; template [0, 0, 0, 1, 0, 2, 4, 8, 0, 4, 13, 16, 25, 28, 23, 11, 0, 21, 6, 15, 20, 19, 11, None, None, None, None, None, None, None, None, None]
n=5: 49871.0s, 90763968512 attempts, 40601375274 affine nodes, 11759 candidates; branch position 22, decisions 17, defined 22; template [0, 0, 0, 1, 0, 2, 4, 8, 0, 4, 13, 16, 26, 11, 31, 23, 0, 31, 3, 25, 6, 3, None, None, None, None, None, None, None, None, None, None]
n=5: 49891.0s, 90799620096 attempts, 40619632377 affine nodes, 11759 candidates; branch position 22, decisions 17, defined 22; template [0, 0, 0, 1, 0, 2, 4, 8, 0, 4, 13, 16, 26, 17, 7, 14, 0, 27, 16, 30, 11, 21, None, None, None, None, None, None, None, None, None, None]
n=5: 49911.1s, 90834288640 attempts, 40635707957 affine nodes, 11759 candidates; branch position 22, decisions 17, defined 22; template [0, 0, 0, 1, 0, 2, 4, 8, 0, 4, 13, 16, 26, 18, 17, 3, 0, 23, 24, 14, 8, 22, None, None, None, None, None, None, None, None, None, None]
n=5: 49931.1s, 90869717732 attempts, 40652505088 affine nodes, 11759 candidates; branch position 18, decisions 13, defined 19; template [0, 0, 0, 1, 0, 2, 4, 8, 0, 4, 13, 16, 26, 29, 25, 17, 0, 21, 26, None, None, None, None, None, None, None, None, None, None, None, None, None]
n=5: 49951.1s, 90904117248 attempts, 40668289642 affine nodes, 11759 candidates; branch position 22, decisions 17, defined 22; template [0, 0, 0, 1, 0, 2, 4, 8, 0, 4, 13, 16, 27, 11, 7, 28, 0, 23, 6, 25, 3, 6, None, None, None, None, None, None, None, None, None, None]
n=5: 49971.1s, 90939817984 attempts, 40685462333 affine nodes, 11759 candidates; branch position 21, decisions 16, defined 21; template [0, 0, 0, 1, 0, 2, 4, 8, 0, 4, 13, 16, 27, 14, 28, 21, 0, 26, 22, 25, 15, None, None, None, None, None, None, None, None, None, None, None]
n=5: 49991.1s, 90975420416 attempts, 40702134243 affine nodes, 11759 candidates; branch position 23, decisions 18, defined 23; template [0, 0, 0, 1, 0, 2, 4, 8, 0, 4, 13, 16, 27, 17, 30, 14, 0, 20, 15, 12, 31, 25, 5, None, None, None, None, None, None, None, None, None]
n=5: 50011.1s, 91011121152 attempts, 40719039152 affine nodes, 11759 candidates; branch position 23, decisions 18, defined 23; template [0, 0, 0, 1, 0, 2, 4, 8, 0, 4, 13, 16, 27, 28, 11, 30, 0, 10, 28, 18, 1, 7, 31, None, None, None, None, None, None, None, None, None]
n=5: 50031.1s, 91046821888 attempts, 40735734803 affine nodes, 11759 candidates; branch position 20, decisions 15, defined 20; template [0, 0, 0, 1, 0, 2, 4, 8, 0, 4, 13, 16, 27, 30, 19, 3, 0, 23, 25, 2, None, None, None, None, None, None, None, None, None, None, None, None]
n=5: 50051.1s, 91082276864 attempts, 40752234679 affine nodes, 11759 candidates; branch position 22, decisions 17, defined 22; template [0, 0, 0, 1, 0, 2, 4, 8, 0, 4, 13, 16, 30, 14, 11, 19, 0, 20, 14, 23, 8, 25, None, None, None, None, None, None, None, None, None, None]
n=5: 50071.1s, 91117895680 attempts, 40769064818 affine nodes, 11759 candidates; branch position 22, decisions 17, defined 22; template [0, 0, 0, 1, 0, 2, 4, 8, 0, 4, 13, 16, 30, 21, 27, 3, 0, 19, 15, 24, 13, 10, None, None, None, None, None, None, None, None, None, None]
n=5: 50091.1s, 91153498112 attempts, 40785836485 affine nodes, 11759 candidates; branch position 22, decisions 17, defined 22; template [0, 0, 0, 1, 0, 2, 4, 8, 0, 4, 13, 16, 30, 25, 11, 21, 0, 28, 30, 5, 12, 3, None, None, None, None, None, None, None, None, None, None]
n=5: 50111.1s, 91189035008 attempts, 40802494930 affine nodes, 11760 candidates; branch position 23, decisions 18, defined 23; template [0, 0, 0, 1, 0, 2, 4, 8, 0, 4, 13, 16, 30, 27, 22, 29, 0, 15, 28, 26, 26, 19, 5, None, None, None, None, None, None, None, None, None]
n=5: 50131.1s, 91223293952 attempts, 40819025572 affine nodes, 11760 candidates; branch position 21, decisions 16, defined 21; template [0, 0, 0, 1, 0, 2, 4, 8, 0, 4, 13, 16, 31, 11, 26, 29, 0, 16, 23, 25, 1, None, None, None, None, None, None, None, None, None, None, None]
n=5: 50151.1s, 91257946112 attempts, 40838087105 affine nodes, 11760 candidates; branch position 21, decisions 16, defined 21; template [0, 0, 0, 1, 0, 2, 4, 8, 0, 4, 13, 16, 31, 17, 7, 24, 0, 10, 29, 13, 24, None, None, None, None, None, None, None, None, None, None, None]
n=5: 50171.1s, 91292401664 attempts, 40854437479 affine nodes, 11760 candidates; branch position 22, decisions 17, defined 22; template [0, 0, 0, 1, 0, 2, 4, 8, 0, 4, 13, 16, 31, 21, 14, 26, 0, 23, 2, 30, 15, 17, None, None, None, None, None, None, None, None, None, None]
n=5: 50191.1s, 91327578112 attempts, 40871265786 affine nodes, 11760 candidates; branch position 22, decisions 17, defined 22; template [0, 0, 0, 1, 0, 2, 4, 8, 0, 4, 13, 16, 31, 23, 20, 14, 0, 19, 7, 14, 11, 20, None, None, None, None, None, None, None, None, None, None]
n=5: 50211.1s, 91362213888 attempts, 40887990561 affine nodes, 11760 candidates; branch position 23, decisions 18, defined 23; template [0, 0, 0, 1, 0, 2, 4, 8, 0, 4, 13, 16, 31, 26, 20, 6, 0, 10, 30, 24, 6, 23, 27, None, None, None, None, None, None, None, None, None]
n=5: 50231.1s, 91396636672 attempts, 40905483342 affine nodes, 11760 candidates; branch position 23, decisions 18, defined 23; template [0, 0, 0, 1, 0, 2, 4, 8, 0, 4, 14, 16, 19, 9, 27, 24, 0, 31, 7, 13, 6, 26, 22, None, None, None, None, None, None, None, None, None]
n=5: 50251.1s, 91431714816 attempts, 40922098572 affine nodes, 11760 candidates; branch position 23, decisions 18, defined 23; template [0, 0, 0, 1, 0, 2, 4, 8, 0, 4, 14, 16, 19, 22, 13, 29, 0, 21, 18, 28, 12, 11, 14, None, None, None, None, None, None, None, None, None]
n=5: 50271.1s, 91467235328 attempts, 40941147098 affine nodes, 11760 candidates; branch position 22, decisions 17, defined 22; template [0, 0, 0, 1, 0, 2, 4, 8, 0, 4, 14, 16, 19, 26, 22, 24, 0, 15, 6, 22, 11, 12, None, None, None, None, None, None, None, None, None, None]
n=5: 50291.1s, 91501887488 attempts, 40957761938 affine nodes, 11761 candidates; branch position 22, decisions 17, defined 22; template [0, 0, 0, 1, 0, 2, 4, 8, 0, 4, 14, 16, 19, 28, 13, 31, 0, 23, 16, 27, 7, 1, None, None, None, None, None, None, None, None, None, None]
n=5: 50311.1s, 91537604608 attempts, 40973990897 affine nodes, 11761 candidates; branch position 22, decisions 17, defined 22; template [0, 0, 0, 1, 0, 2, 4, 8, 0, 4, 14, 16, 21, 18, 9, 3, 0, 14, 13, 17, 8, 28, None, None, None, None, None, None, None, None, None, None]
n=5: 50331.1s, 91572748288 attempts, 40990423354 affine nodes, 11761 candidates; branch position 21, decisions 16, defined 21; template [0, 0, 0, 1, 0, 2, 4, 8, 0, 4, 14, 16, 21, 26, 22, 17, 0, 13, 25, 17, 22, None, None, None, None, None, None, None, None, None, None, None]
n=5: 50351.2s, 91607056384 attempts, 41006553763 affine nodes, 11761 candidates; branch position 22, decisions 17, defined 22; template [0, 0, 0, 1, 0, 2, 4, 8, 0, 4, 14, 16, 21, 30, 29, 9, 0, 25, 16, 21, 1, 26, None, None, None, None, None, None, None, None, None, None]
n=5: 50371.2s, 91641757696 attempts, 41022872609 affine nodes, 11761 candidates; branch position 21, decisions 16, defined 21; template [0, 0, 0, 1, 0, 2, 4, 8, 0, 4, 14, 16, 22, 11, 9, 27, 0, 16, 6, 3, 26, None, None, None, None, None, None, None, None, None, None, None]
n=5: 50391.2s, 91677016064 attempts, 41039293442 affine nodes, 11761 candidates; branch position 22, decisions 17, defined 22; template [0, 0, 0, 1, 0, 2, 4, 8, 0, 4, 14, 16, 22, 25, 13, 17, 0, 16, 30, 5, 27, 14, None, None, None, None, None, None, None, None, None, None]
n=5: 50411.2s, 91711881216 attempts, 41054863594 affine nodes, 11761 candidates; branch position 23, decisions 18, defined 23; template [0, 0, 0, 1, 0, 2, 4, 8, 0, 4, 14, 16, 22, 29, 17, 5, 0, 22, 19, 26, 10, 16, 15, None, None, None, None, None, None, None, None, None]
n=5: 50431.2s, 91747680256 attempts, 41071477767 affine nodes, 11761 candidates; branch position 22, decisions 17, defined 22; template [0, 0, 0, 1, 0, 2, 4, 8, 0, 4, 14, 16, 22, 30, 27, 29, 0, 13, 26, 29, 24, 22, None, None, None, None, None, None, None, None, None, None]
n=5: 50451.2s, 91783413760 attempts, 41088048095 affine nodes, 11761 candidates; branch position 21, decisions 16, defined 21; template [0, 0, 0, 1, 0, 2, 4, 8, 0, 4, 14, 16, 23, 11, 9, 19, 0, 19, 29, 12, 16, None, None, None, None, None, None, None, None, None, None, None]
n=5: 50471.2s, 91818459136 attempts, 41104230666 affine nodes, 11761 candidates; branch position 21, decisions 16, defined 21; template [0, 0, 0, 1, 0, 2, 4, 8, 0, 4, 14, 16, 23, 26, 31, 5, 0, 9, 19, 14, 13, None, None, None, None, None, None, None, None, None, None, None]
n=5: 50491.2s, 91853275136 attempts, 41120687966 affine nodes, 11761 candidates; branch position 22, decisions 17, defined 22; template [0, 0, 0, 1, 0, 2, 4, 8, 0, 4, 14, 16, 23, 30, 26, 15, 0, 16, 2, 31, 28, 14, None, None, None, None, None, None, None, None, None, None]
n=5: 50511.2s, 91887927296 attempts, 41136381106 affine nodes, 11761 candidates; branch position 22, decisions 17, defined 22; template [0, 0, 0, 1, 0, 2, 4, 8, 0, 4, 14, 16, 23, 31, 28, 9, 0, 25, 21, 5, 19, 9, None, None, None, None, None, None, None, None, None, None]
n=5: 50531.2s, 91923038208 attempts, 41152699565 affine nodes, 11761 candidates; branch position 22, decisions 17, defined 22; template [0, 0, 0, 1, 0, 2, 4, 8, 0, 4, 14, 16, 25, 11, 20, 13, 0, 16, 31, 28, 5, 14, None, None, None, None, None, None, None, None, None, None]
n=5: 50551.2s, 91958280192 attempts, 41169122723 affine nodes, 11761 candidates; branch position 21, decisions 16, defined 21; template [0, 0, 0, 1, 0, 2, 4, 8, 0, 4, 14, 16, 25, 18, 9, 21, 0, 13, 27, 30, 6, None, None, None, None, None, None, None, None, None, None, None]
n=5: 50571.2s, 91993718784 attempts, 41185505117 affine nodes, 11761 candidates; branch position 23, decisions 18, defined 23; template [0, 0, 0, 1, 0, 2, 4, 8, 0, 4, 14, 16, 25, 30, 9, 21, 0, 21, 8, 28, 28, 4, 16, None, None, None, None, None, None, None, None, None]
n=5: 50591.2s, 92029517824 attempts, 41202570689 affine nodes, 11761 candidates; branch position 20, decisions 15, defined 20; template [0, 0, 0, 1, 0, 2, 4, 8, 0, 4, 14, 16, 27, 9, 28, 10, 0, 19, 16, 22, None, None, None, None, None, None, None, None, None, None, None, None]
n=5: 50611.2s, 92065284096 attempts, 41219618371 affine nodes, 11761 candidates; branch position 24, decisions 18, defined 24; template [0, 0, 0, 1, 0, 2, 4, 8, 0, 4, 14, 16, 27, 18, 28, 10, 0, 17, 22, 30, 8, 6, 10, 29, None, None, None, None, None, None, None, None]
n=5: 50631.2s, 92101099520 attempts, 41235900585 affine nodes, 11761 candidates; branch position 20, decisions 15, defined 20; template [0, 0, 0, 1, 0, 2, 4, 8, 0, 4, 14, 16, 28, 9, 13, 27, 0, 9, 16, 12, None, None, None, None, None, None, None, None, None, None, None, None]
n=5: 50651.2s, 92136538112 attempts, 41252219510 affine nodes, 11761 candidates; branch position 21, decisions 16, defined 21; template [0, 0, 0, 1, 0, 2, 4, 8, 0, 4, 14, 16, 28, 11, 17, 24, 0, 10, 22, 19, 26, None, None, None, None, None, None, None, None, None, None, None]
n=5: 50671.2s, 92171960320 attempts, 41269081375 affine nodes, 11761 candidates; branch position 23, decisions 18, defined 23; template [0, 0, 0, 1, 0, 2, 4, 8, 0, 4, 14, 16, 28, 21, 23, 15, 0, 19, 22, 30, 10, 16, 2, None, None, None, None, None, None, None, None, None]
n=5: 50691.2s, 92207808512 attempts, 41286891290 affine nodes, 11761 candidates; branch position 21, decisions 16, defined 21; template [0, 0, 0, 1, 0, 2, 4, 8, 0, 4, 14, 16, 28, 27, 9, 30, 0, 9, 28, 17, 22, None, None, None, None, None, None, None, None, None, None, None]
n=5: 50711.2s, 92243689472 attempts, 41303632160 affine nodes, 11761 candidates; branch position 22, decisions 17, defined 22; template [0, 0, 0, 1, 0, 2, 4, 8, 0, 4, 14, 16, 29, 9, 26, 15, 0, 13, 8, 15, 23, 24, None, None, None, None, None, None, None, None, None, None]
n=5: 50731.2s, 92279439360 attempts, 41319849702 affine nodes, 11761 candidates; branch position 23, decisions 18, defined 23; template [0, 0, 0, 1, 0, 2, 4, 8, 0, 4, 14, 16, 29, 21, 26, 19, 0, 10, 31, 9, 30, 17, 21, None, None, None, None, None, None, None, None, None]
n=5: 50751.2s, 92315303936 attempts, 41336322423 affine nodes, 11761 candidates; branch position 22, decisions 17, defined 22; template [0, 0, 0, 1, 0, 2, 4, 8, 0, 4, 14, 16, 29, 26, 22, 24, 0, 18, 8, 20, 10, 19, None, None, None, None, None, None, None, None, None, None]
n=5: 50771.3s, 92351168512 attempts, 41353989006 affine nodes, 11761 candidates; branch position 22, decisions 17, defined 23; template [0, 0, 0, 1, 0, 2, 4, 8, 0, 4, 15, 16, 19, 29, 26, 6, 0, 22, 21, 15, 26, 16, None, None, None, 6, None, None, None, None, None, None]
n=5: 50791.3s, 92386885632 attempts, 41370499440 affine nodes, 11761 candidates; branch position 23, decisions 18, defined 23; template [0, 0, 0, 1, 0, 2, 4, 8, 0, 4, 15, 16, 22, 30, 7, 9, 0, 9, 3, 5, 28, 22, 20, None, None, None, None, None, None, None, None, None]
n=5: 50811.3s, 92422635520 attempts, 41387244593 affine nodes, 11761 candidates; branch position 22, decisions 17, defined 22; template [0, 0, 0, 1, 0, 2, 4, 8, 0, 4, 15, 16, 23, 25, 20, 5, 0, 26, 25, 20, 7, 18, None, None, None, None, None, None, None, None, None, None]
n=5: 50831.3s, 92457730048 attempts, 41404930459 affine nodes, 11761 candidates; branch position 22, decisions 17, defined 22; template [0, 0, 0, 1, 0, 2, 4, 8, 0, 4, 15, 16, 23, 31, 27, 29, 0, 14, 25, 19, 31, 22, None, None, None, None, None, None, None, None, None, None]
n=5: 50851.3s, 92492873728 attempts, 41421451688 affine nodes, 11761 candidates; branch position 22, decisions 17, defined 22; template [0, 0, 0, 1, 0, 2, 4, 8, 0, 4, 15, 16, 25, 23, 30, 5, 0, 21, 17, 15, 3, 30, None, None, None, None, None, None, None, None, None, None]
n=5: 50871.3s, 92528345088 attempts, 41437536656 affine nodes, 11761 candidates; branch position 22, decisions 17, defined 22; template [0, 0, 0, 1, 0, 2, 4, 8, 0, 4, 15, 16, 26, 18, 22, 31, 0, 20, 30, 7, 31, 21, None, None, None, None, None, None, None, None, None, None]
n=5: 50891.3s, 92563750912 attempts, 41455363044 affine nodes, 11761 candidates; branch position 20, decisions 15, defined 20; template [0, 0, 0, 1, 0, 2, 4, 8, 0, 4, 15, 16, 28, 22, 27, 14, 0, 25, 13, 10, None, None, None, None, None, None, None, None, None, None, None, None]
n=5: 50911.3s, 92598845440 attempts, 41471385168 affine nodes, 11761 candidates; branch position 22, decisions 17, defined 22; template [0, 0, 0, 1, 0, 2, 4, 8, 0, 4, 15, 16, 29, 23, 26, 17, 0, 23, 3, 5, 12, 9, None, None, None, None, None, None, None, None, None, None]
n=5: 50931.3s, 92634071040 attempts, 41487943676 affine nodes, 11761 candidates; branch position 21, decisions 16, defined 21; template [0, 0, 0, 1, 0, 2, 4, 8, 0, 4, 16, 10, 23, 12, 11, 25, 0, 28, 30, 11, 14, None, None, None, None, None, None, None, None, None, None, None]
n=5: 50951.3s, 92669722624 attempts, 41505781470 affine nodes, 11761 candidates; branch position 22, decisions 17, defined 22; template [0, 0, 0, 1, 0, 2, 4, 8, 0, 4, 16, 10, 23, 15, 31, 6, 0, 8, 12, 15, 24, 6, None, None, None, None, None, None, None, None, None, None]
n=5: 50971.3s, 92703686656 attempts, 41521613882 affine nodes, 11761 candidates; branch position 22, decisions 17, defined 22; template [0, 0, 0, 1, 0, 2, 4, 8, 0, 4, 16, 10, 23, 26, 30, 13, 0, 8, 27, 17, 3, 13, None, None, None, None, None, None, None, None, None, None]
n=5: 50991.3s, 92737568768 attempts, 41538008194 affine nodes, 11761 candidates; branch position 22, decisions 17, defined 22; template [0, 0, 0, 1, 0, 2, 4, 8, 0, 4, 16, 10, 23, 28, 27, 5, 0, 19, 9, 27, 20, 18, None, None, None, None, None, None, None, None, None, None]
n=5: 51011.3s, 92772810752 attempts, 41554464072 affine nodes, 11762 candidates; branch position 22, decisions 17, defined 22; template [0, 0, 0, 1, 0, 2, 4, 8, 0, 4, 16, 10, 23, 30, 11, 6, 0, 15, 8, 29, 1, 4, None, None, None, None, None, None, None, None, None, None]
n=5: 51031.3s, 92807249920 attempts, 41572311958 affine nodes, 11762 candidates; branch position 22, decisions 17, defined 22; template [0, 0, 0, 1, 0, 2, 4, 8, 0, 4, 16, 10, 25, 19, 30, 5, 0, 21, 6, 16, 28, 11, None, None, None, None, None, None, None, None, None, None]
n=5: 51051.3s, 92842541056 attempts, 41588822755 affine nodes, 11762 candidates; branch position 21, decisions 16, defined 21; template [0, 0, 0, 1, 0, 2, 4, 8, 0, 4, 16, 10, 28, 15, 11, 27, 0, 22, 29, 12, 31, None, None, None, None, None, None, None, None, None, None, None]
n=5: 51071.3s, 92878192640 attempts, 41605979578 affine nodes, 11762 candidates; branch position 20, decisions 15, defined 20; template [0, 0, 0, 1, 0, 2, 4, 8, 0, 4, 16, 10, 28, 21, 27, 19, 0, 16, 2, 27, None, None, None, None, None, None, None, None, None, None, None, None]
n=5: 51091.3s, 92913287168 attempts, 41623387963 affine nodes, 11762 candidates; branch position 23, decisions 18, defined 23; template [0, 0, 0, 1, 0, 2, 4, 8, 0, 4, 16, 10, 29, 23, 14, 6, 0, 30, 15, 4, 10, 29, 7, None, None, None, None, None, None, None, None, None]
n=5: 51111.3s, 92948250624 attempts, 41638879188 affine nodes, 11763 candidates; branch position 22, decisions 17, defined 22; template [0, 0, 0, 1, 0, 2, 4, 8, 0, 4, 16, 11, 23, 26, 31, 20, 0, 7, 3, 28, 26, 15, None, None, None, None, None, None, None, None, None, None]
n=5: 51131.3s, 92984049664 attempts, 41655747168 affine nodes, 11763 candidates; branch position 22, decisions 17, defined 22; template [0, 0, 0, 1, 0, 2, 4, 8, 0, 4, 16, 11, 25, 12, 23, 29, 0, 19, 22, 31, 11, 3, None, None, None, None, None, None, None, None, None, None]
n=5: 51151.4s, 93019734016 attempts, 41673067698 affine nodes, 11763 candidates; branch position 22, decisions 17, defined 22; template [0, 0, 0, 1, 0, 2, 4, 8, 0, 4, 16, 11, 28, 21, 15, 25, 0, 8, 11, 17, 24, 11, None, None, None, None, None, None, None, None, None, None]
n=5: 51171.4s, 93055434752 attempts, 41689829139 affine nodes, 11763 candidates; branch position 22, decisions 17, defined 23; template [0, 0, 0, 1, 0, 2, 4, 8, 0, 4, 16, 11, 29, 19, 26, 13, 0, 25, 2, 17, 14, 30, None, None, None, None, 23, None, None, None, None, None]
n=5: 51191.4s, 93090054144 attempts, 41706650754 affine nodes, 11764 candidates; branch position 22, decisions 17, defined 22; template [0, 0, 0, 1, 0, 2, 4, 8, 0, 4, 16, 12, 27, 21, 24, 9, 0, 29, 23, 31, 12, 3, None, None, None, None, None, None, None, None, None, None]
n=5: 51211.4s, 93123903488 attempts, 41724728707 affine nodes, 11764 candidates; branch position 22, decisions 17, defined 22; template [0, 0, 0, 1, 0, 2, 4, 8, 0, 5, 6, 11, 12, 16, 23, 25, 0, 26, 30, 22, 28, 23, None, None, None, None, None, None, None, None, None, None]
n=5: 51231.4s, 93158342656 attempts, 41745171744 affine nodes, 11764 candidates; branch position 21, decisions 16, defined 21; template [0, 0, 0, 1, 0, 2, 4, 8, 0, 5, 6, 11, 16, 9, 27, 0, 0, 15, 23, 7, 14, None, None, None, None, None, None, None, None, None, None, None]
n=5: 51251.4s, 93192372224 attempts, 41766615958 affine nodes, 11764 candidates; branch position 23, decisions 18, defined 23; template [0, 0, 0, 1, 0, 2, 4, 8, 0, 5, 6, 11, 16, 13, 24, 0, 0, 30, 23, 4, 26, 16, 10, None, None, None, None, None, None, None, None, None]
n=5: 51271.4s, 93227040768 attempts, 41786195803 affine nodes, 11764 candidates; branch position 21, decisions 16, defined 21; template [0, 0, 0, 1, 0, 2, 4, 8, 0, 5, 6, 11, 16, 19, 29, 10, 0, 24, 18, 13, 28, None, None, None, None, None, None, None, None, None, None, None]
n=5: 51291.4s, 93261873152 attempts, 41806372489 affine nodes, 11764 candidates; branch position 22, decisions 17, defined 22; template [0, 0, 0, 1, 0, 2, 4, 8, 0, 5, 6, 11, 16, 22, 25, 10, 0, 30, 12, 19, 5, 11, None, None, None, None, None, None, None, None, None, None]
n=5: 51311.4s, 93297016832 attempts, 41827540306 affine nodes, 11764 candidates; branch position 22, decisions 17, defined 22; template [0, 0, 0, 1, 0, 2, 4, 8, 0, 5, 6, 11, 16, 25, 10, 28, 0, 29, 3, 4, 15, 23, None, None, None, None, None, None, None, None, None, None]
n=5: 51331.4s, 93331849216 attempts, 41848975334 affine nodes, 11764 candidates; branch position 22, decisions 17, defined 22; template [0, 0, 0, 1, 0, 2, 4, 8, 0, 5, 6, 11, 16, 26, 29, 18, 0, 31, 12, 20, 13, 17, None, None, None, None, None, None, None, None, None, None]
n=5: 51351.4s, 93366894592 attempts, 41868995658 affine nodes, 11764 candidates; branch position 23, decisions 18, defined 23; template [0, 0, 0, 1, 0, 2, 4, 8, 0, 5, 6, 11, 16, 30, 23, 29, 0, 20, 9, 24, 12, 31, 27, None, None, None, None, None, None, None, None, None]
n=5: 51371.4s, 93402202112 attempts, 41889848738 affine nodes, 11764 candidates; branch position 23, decisions 18, defined 23; template [0, 0, 0, 1, 0, 2, 4, 8, 0, 5, 6, 12, 10, 16, 18, 28, 0, 20, 17, 26, 26, 28, 13, None, None, None, None, None, None, None, None, None]
n=5: 51391.4s, 93437788160 attempts, 41910320208 affine nodes, 11764 candidates; branch position 22, decisions 17, defined 22; template [0, 0, 0, 1, 0, 2, 4, 8, 0, 5, 6, 12, 11, 13, 16, 23, 0, 27, 17, 2, 24, 12, None, None, None, None, None, None, None, None, None, None]
n=5: 51411.4s, 93471965184 attempts, 41930245419 affine nodes, 11764 candidates; branch position 22, decisions 17, defined 22; template [0, 0, 0, 1, 0, 2, 4, 8, 0, 5, 6, 12, 15, 11, 16, 27, 0, 18, 13, 25, 28, 19, None, None, None, None, None, None, None, None, None, None]
n=5: 51431.4s, 93507600384 attempts, 41952744510 affine nodes, 11764 candidates; branch position 22, decisions 17, defined 22; template [0, 0, 0, 1, 0, 2, 4, 8, 0, 5, 6, 12, 16, 3, 21, 29, 0, 25, 27, 4, 10, 20, None, None, None, None, None, None, None, None, None, None]
n=5: 51451.4s, 93540712448 attempts, 41972771132 affine nodes, 11764 candidates; branch position 21, decisions 16, defined 21; template [0, 0, 0, 1, 0, 2, 4, 8, 0, 5, 6, 12, 16, 11, 21, 26, 0, 21, 23, 7, 25, None, None, None, None, None, None, None, None, None, None, None]
n=5: 51471.4s, 93576118272 attempts, 41994869886 affine nodes, 11764 candidates; branch position 21, decisions 16, defined 21; template [0, 0, 0, 1, 0, 2, 4, 8, 0, 5, 6, 12, 16, 13, 23, 20, 0, 27, 15, 7, 26, None, None, None, None, None, None, None, None, None, None, None]
n=5: 51491.4s, 93611622400 attempts, 42015376348 affine nodes, 11764 candidates; branch position 23, decisions 18, defined 23; template [0, 0, 0, 1, 0, 2, 4, 8, 0, 5, 6, 12, 16, 19, 29, 15, 0, 26, 31, 10, 7, 22, 11, None, None, None, None, None, None, None, None, None]
n=5: 51511.4s, 93646848000 attempts, 42037642542 affine nodes, 11764 candidates; branch position 21, decisions 16, defined 21; template [0, 0, 0, 1, 0, 2, 4, 8, 0, 5, 6, 12, 16, 22, 24, 15, 0, 15, 18, 26, 14, None, None, None, None, None, None, None, None, None, None, None]
n=5: 51531.4s, 93681827840 attempts, 42063138529 affine nodes, 11764 candidates; branch position 22, decisions 17, defined 22; template [0, 0, 0, 1, 0, 2, 4, 8, 0, 5, 6, 12, 16, 24, 29, 20, 0, 17, 28, 31, 18, 13, None, None, None, None, None, None, None, None, None, None]
n=5: 51551.4s, 93716971520 attempts, 42086772802 affine nodes, 11764 candidates; branch position 22, decisions 17, defined 22; template [0, 0, 0, 1, 0, 2, 4, 8, 0, 5, 6, 12, 16, 27, 30, 11, 0, 29, 22, 4, 3, 14, None, None, None, None, None, None, None, None, None, None]
n=5: 51571.4s, 93752213504 attempts, 42107539614 affine nodes, 11764 candidates; branch position 22, decisions 17, defined 22; template [0, 0, 0, 1, 0, 2, 4, 8, 0, 5, 6, 12, 16, 30, 28, 7, 0, 22, 31, 10, 12, 4, None, None, None, None, None, None, None, None, None, None]
n=5: 51591.5s, 93787766784 attempts, 42128397903 affine nodes, 11764 candidates; branch position 22, decisions 17, defined 22; template [0, 0, 0, 1, 0, 2, 4, 8, 0, 5, 6, 13, 10, 16, 25, 23, 0, 17, 9, 28, 3, 10, None, None, None, None, None, None, None, None, None, None]
n=5: 51611.5s, 93823565824 attempts, 42150575414 affine nodes, 11764 candidates; branch position 23, decisions 18, defined 23; template [0, 0, 0, 1, 0, 2, 4, 8, 0, 5, 6, 13, 11, 16, 20, 29, 0, 21, 30, 12, 20, 19, 7, None, None, None, None, None, None, None, None, None]
n=5: 51631.5s, 93859266560 attempts, 42172182854 affine nodes, 11764 candidates; branch position 22, decisions 17, defined 22; template [0, 0, 0, 1, 0, 2, 4, 8, 0, 5, 6, 13, 16, 3, 27, 12, 0, 25, 28, 10, 30, 23, None, None, None, None, None, None, None, None, None, None]
n=5: 51651.5s, 93893885952 attempts, 42195141951 affine nodes, 11764 candidates; branch position 21, decisions 16, defined 21; template [0, 0, 0, 1, 0, 2, 4, 8, 0, 5, 6, 13, 16, 11, 28, 27, 0, 17, 22, 24, 6, None, None, None, None, None, None, None, None, None, None, None]
n=5: 51671.5s, 93928685568 attempts, 42217116920 affine nodes, 11764 candidates; branch position 21, decisions 16, defined 21; template [0, 0, 0, 1, 0, 2, 4, 8, 0, 5, 6, 13, 16, 19, 10, 0, 0, 9, 31, 23, 18, None, None, None, None, None, None, None, None, None, None, None]
n=5: 51691.5s, 93964369920 attempts, 42239195393 affine nodes, 11764 candidates; branch position 22, decisions 17, defined 22; template [0, 0, 0, 1, 0, 2, 4, 8, 0, 5, 6, 13, 16, 20, 19, 12, 0, 23, 15, 26, 26, 28, None, None, None, None, None, None, None, None, None, None]
n=5: 51711.5s, 93999595520 attempts, 42262169254 affine nodes, 11764 candidates; branch position 22, decisions 17, defined 22; template [0, 0, 0, 1, 0, 2, 4, 8, 0, 5, 6, 13, 16, 22, 29, 26, 0, 14, 18, 17, 29, 1, None, None, None, None, None, None, None, None, None, None]
n=5: 51731.5s, 94034945789 attempts, 42287497216 affine nodes, 11764 candidates; branch position 18, decisions 13, defined 19; template [0, 0, 0, 1, 0, 2, 4, 8, 0, 5, 6, 13, 16, 25, 19, 27, 0, 24, 12, None, None, None, None, None, None, None, None, None, None, None, None, None]
n=5: 51751.5s, 94070554624 attempts, 42309635497 affine nodes, 11764 candidates; branch position 21, decisions 16, defined 21; template [0, 0, 0, 1, 0, 2, 4, 8, 0, 5, 6, 13, 16, 26, 30, 25, 0, 15, 29, 16, 14, None, None, None, None, None, None, None, None, None, None, None]
n=5: 51771.5s, 94105878528 attempts, 42331327957 affine nodes, 11764 candidates; branch position 21, decisions 16, defined 21; template [0, 0, 0, 1, 0, 2, 4, 8, 0, 5, 6, 13, 16, 30, 23, 10, 0, 25, 19, 27, 18, None, None, None, None, None, None, None, None, None, None, None]
n=5: 51791.5s, 94141628416 attempts, 42351585038 affine nodes, 11764 candidates; branch position 23, decisions 18, defined 23; template [0, 0, 0, 1, 0, 2, 4, 8, 0, 5, 6, 14, 11, 16, 20, 19, 0, 9, 24, 11, 17, 18, 6, None, None, None, None, None, None, None, None, None]
n=5: 51811.5s, 94177525760 attempts, 42371058013 affine nodes, 11764 candidates; branch position 21, decisions 16, defined 21; template [0, 0, 0, 1, 0, 2, 4, 8, 0, 5, 6, 14, 16, 3, 10, 29, 0, 9, 13, 22, 31, None, None, None, None, None, None, None, None, None, None, None]
n=5: 51831.5s, 94213275648 attempts, 42390390252 affine nodes, 11764 candidates; branch position 23, decisions 18, defined 23; template [0, 0, 0, 1, 0, 2, 4, 8, 0, 5, 6, 14, 16, 9, 19, 23, 0, 24, 12, 17, 27, 15, 10, None, None, None, None, None, None, None, None, None]
n=5: 51851.5s, 94249107456 attempts, 42408992513 affine nodes, 11764 candidates; branch position 23, decisions 18, defined 23; template [0, 0, 0, 1, 0, 2, 4, 8, 0, 5, 6, 14, 16, 15, 19, 29, 0, 17, 26, 15, 15, 6, 23, None, None, None, None, None, None, None, None, None]
n=5: 51871.5s, 94284808192 attempts, 42427148797 affine nodes, 11764 candidates; branch position 22, decisions 17, defined 22; template [0, 0, 0, 1, 0, 2, 4, 8, 0, 5, 6, 14, 16, 19, 24, 11, 0, 28, 9, 13, 14, 7, None, None, None, None, None, None, None, None, None, None]
n=5: 51891.5s, 94320263168 attempts, 42446217665 affine nodes, 11764 candidates; branch position 21, decisions 16, defined 21; template [0, 0, 0, 1, 0, 2, 4, 8, 0, 5, 6, 14, 16, 20, 31, 15, 0, 25, 22, 4, 24, None, None, None, None, None, None, None, None, None, None, None]
n=5: 51911.5s, 94355996672 attempts, 42464910691 affine nodes, 11764 candidates; branch position 22, decisions 17, defined 22; template [0, 0, 0, 1, 0, 2, 4, 8, 0, 5, 6, 14, 16, 25, 30, 15, 0, 11, 9, 20, 6, 26, None, None, None, None, None, None, None, None, None, None]
n=5: 51931.5s, 94391877632 attempts, 42483193845 affine nodes, 11764 candidates; branch position 22, decisions 17, defined 22; template [0, 0, 0, 1, 0, 2, 4, 8, 0, 5, 6, 14, 16, 27, 10, 28, 0, 29, 18, 10, 15, 30, None, None, None, None, None, None, None, None, None, None]
n=5: 51951.5s, 94427332608 attempts, 42502143355 affine nodes, 11764 candidates; branch position 22, decisions 17, defined 22; template [0, 0, 0, 1, 0, 2, 4, 8, 0, 5, 6, 14, 16, 30, 9, 15, 0, 27, 28, 13, 3, 17, None, None, None, None, None, None, None, None, None, None]
n=5: 51971.5s, 94462853120 attempts, 42520217226 affine nodes, 11764 candidates; branch position 21, decisions 16, defined 21; template [0, 0, 0, 1, 0, 2, 4, 8, 0, 5, 6, 14, 16, 31, 24, 15, 0, 9, 19, 30, 14, None, None, None, None, None, None, None, None, None, None, None]
n=5: 51991.5s, 94498275328 attempts, 42540187641 affine nodes, 11764 candidates; branch position 22, decisions 17, defined 22; template [0, 0, 0, 1, 0, 2, 4, 8, 0, 5, 6, 16, 10, 9, 19, 29, 0, 15, 30, 10, 17, 24, None, None, None, None, None, None, None, None, None, None]
n=5: 52011.5s, 94533795840 attempts, 42560690048 affine nodes, 11764 candidates; branch position 23, decisions 18, defined 23; template [0, 0, 0, 1, 0, 2, 4, 8, 0, 5, 6, 16, 10, 17, 26, 19, 0, 30, 28, 22, 7, 4, 14, None, None, None, None, None, None, None, None, None]
n=5: 52031.5s, 94569201664 attempts, 42580945825 affine nodes, 11764 candidates; branch position 22, decisions 17, defined 22; template [0, 0, 0, 1, 0, 2, 4, 8, 0, 5, 6, 16, 10, 22, 9, 29, 0, 21, 12, 4, 7, 30, None, None, None, None, None, None, None, None, None, None]
n=5: 52051.6s, 94604427264 attempts, 42601388722 affine nodes, 11764 candidates; branch position 21, decisions 16, defined 21; template [0, 0, 0, 1, 0, 2, 4, 8, 0, 5, 6, 16, 10, 23, 27, 7, 0, 30, 3, 10, 5, None, None, None, None, None, None, None, None, None, None, None]
n=5: 52071.6s, 94639489024 attempts, 42620828726 affine nodes, 11764 candidates; branch position 22, decisions 17, defined 22; template [0, 0, 0, 1, 0, 2, 4, 8, 0, 5, 6, 16, 10, 26, 19, 7, 0, 21, 23, 10, 6, 24, None, None, None, None, None, None, None, None, None, None]
n=5: 52091.6s, 94674829312 attempts, 42639806847 affine nodes, 11764 candidates; branch position 21, decisions 16, defined 21; template [0, 0, 0, 1, 0, 2, 4, 8, 0, 5, 6, 16, 10, 27, 30, 22, 0, 15, 17, 24, 8, None, None, None, None, None, None, None, None, None, None, None]
n=5: 52111.6s, 94710153216 attempts, 42660645399 affine nodes, 11764 candidates; branch position 22, decisions 17, defined 22; template [0, 0, 0, 1, 0, 2, 4, 8, 0, 5, 6, 16, 10, 30, 25, 7, 0, 14, 17, 11, 5, 23, None, None, None, None, None, None, None, None, None, None]
n=5: 52131.6s, 94745542656 attempts, 42681878519 affine nodes, 11764 candidates; branch position 21, decisions 16, defined 21; template [0, 0, 0, 1, 0, 2, 4, 8, 0, 5, 6, 16, 11, 3, 20, 15, 0, 21, 25, 30, 24, None, None, None, None, None, None, None, None, None, None, None]
n=5: 52151.6s, 94781030400 attempts, 42702917798 affine nodes, 11764 candidates; branch position 23, decisions 18, defined 23; template [0, 0, 0, 1, 0, 2, 4, 8, 0, 5, 6, 16, 11, 13, 20, 31, 0, 15, 24, 31, 17, 24, 22, None, None, None, None, None, None, None, None, None]
n=5: 52171.6s, 94816763904 attempts, 42722135848 affine nodes, 11764 candidates; branch position 22, decisions 17, defined 22; template [0, 0, 0, 1, 0, 2, 4, 8, 0, 5, 6, 16, 11, 15, 25, 19, 0, 31, 24, 12, 15, 7, None, None, None, None, None, None, None, None, None, None]
n=5: 52191.6s, 94852481024 attempts, 42743311532 affine nodes, 11764 candidates; branch position 22, decisions 17, defined 22; template [0, 0, 0, 1, 0, 2, 4, 8, 0, 5, 6, 16, 11, 17, 28, 22, 0, 24, 9, 7, 31, 25, None, None, None, None, None, None, None, None, None, None]
n=5: 52211.6s, 94888099840 attempts, 42763725991 affine nodes, 11764 candidates; branch position 22, decisions 17, defined 22; template [0, 0, 0, 1, 0, 2, 4, 8, 0, 5, 6, 16, 11, 22, 20, 12, 0, 27, 22, 24, 12, 15, None, None, None, None, None, None, None, None, None, None]
n=5: 52231.6s, 94923751424 attempts, 42783435464 affine nodes, 11764 candidates; branch position 23, decisions 18, defined 23; template [0, 0, 0, 1, 0, 2, 4, 8, 0, 5, 6, 16, 11, 23, 27, 12, 0, 24, 28, 15, 12, 22, 29, None, None, None, None, None, None, None, None, None]
n=5: 52251.6s, 94959206400 attempts, 42803594361 affine nodes, 11764 candidates; branch position 22, decisions 17, defined 22; template [0, 0, 0, 1, 0, 2, 4, 8, 0, 5, 6, 16, 11, 26, 19, 23, 0, 25, 12, 30, 13, 10, None, None, None, None, None, None, None, None, None, None]
n=5: 52271.6s, 94994825216 attempts, 42822914057 affine nodes, 11764 candidates; branch position 21, decisions 16, defined 21; template [0, 0, 0, 1, 0, 2, 4, 8, 0, 5, 6, 16, 11, 27, 28, 19, 0, 20, 22, 29, 16, None, None, None, None, None, None, None, None, None, None, None]
n=5: 52291.6s, 95030427648 attempts, 42843049958 affine nodes, 11764 candidates; branch position 21, decisions 16, defined 21; template [0, 0, 0, 1, 0, 2, 4, 8, 0, 5, 6, 16, 11, 30, 25, 7, 0, 29, 22, 9, 12, None, None, None, None, None, None, None, None, None, None, None]
n=5: 52311.6s, 95066062848 attempts, 42862909156 affine nodes, 11764 candidates; branch position 21, decisions 16, defined 21; template [0, 0, 0, 1, 0, 2, 4, 8, 0, 5, 6, 16, 12, 3, 17, 11, 0, 19, 22, 29, 29, None, None, None, None, None, None, None, None, None, None, None]
n=5: 52331.6s, 95101665280 attempts, 42882651936 affine nodes, 11764 candidates; branch position 22, decisions 17, defined 22; template [0, 0, 0, 1, 0, 2, 4, 8, 0, 5, 6, 16, 12, 15, 19, 7, 0, 13, 18, 27, 27, 6, None, None, None, None, None, None, None, None, None, None]
n=5: 52351.6s, 95137284096 attempts, 42902628139 affine nodes, 11764 candidates; branch position 23, decisions 18, defined 23; template [0, 0, 0, 1, 0, 2, 4, 8, 0, 5, 6, 16, 12, 17, 26, 11, 0, 24, 11, 23, 13, 30, 20, None, None, None, None, None, None, None, None, None]
n=5: 52371.6s, 95172886528 attempts, 42922715985 affine nodes, 11764 candidates; branch position 23, decisions 18, defined 23; template [0, 0, 0, 1, 0, 2, 4, 8, 0, 5, 6, 16, 12, 18, 31, 11, 0, 24, 23, 12, 28, 27, 6, None, None, None, None, None, None, None, None, None]
n=5: 52391.6s, 95208210432 attempts, 42944439012 affine nodes, 11764 candidates; branch position 21, decisions 16, defined 21; template [0, 0, 0, 1, 0, 2, 4, 8, 0, 5, 6, 16, 12, 23, 11, 27, 0, 10, 3, 20, 14, None, None, None, None, None, None, None, None, None, None, None]
n=5: 52411.6s, 95243796480 attempts, 42965587744 affine nodes, 11764 candidates; branch position 23, decisions 18, defined 23; template [0, 0, 0, 1, 0, 2, 4, 8, 0, 5, 6, 16, 12, 25, 28, 26, 0, 28, 17, 21, 3, 26, 1, None, None, None, None, None, None, None, None, None]
n=5: 52431.6s, 95279316992 attempts, 42985441335 affine nodes, 11764 candidates; branch position 21, decisions 16, defined 21; template [0, 0, 0, 1, 0, 2, 4, 8, 0, 5, 6, 16, 12, 28, 19, 30, 0, 11, 24, 22, 1, None, None, None, None, None, None, None, None, None, None, None]
n=5: 52451.7s, 95314804736 attempts, 43005258369 affine nodes, 11764 candidates; branch position 21, decisions 16, defined 21; template [0, 0, 0, 1, 0, 2, 4, 8, 0, 5, 6, 16, 12, 30, 9, 21, 0, 23, 13, 30, 8, None, None, None, None, None, None, None, None, None, None, None]
n=5: 52471.7s, 95350177792 attempts, 43024507729 affine nodes, 11764 candidates; branch position 23, decisions 17, defined 23; template [0, 0, 0, 1, 0, 2, 4, 8, 0, 5, 6, 16, 12, 31, 20, 23, 0, 27, 3, 13, 14, 22, 11, None, None, None, None, None, None, None, None, None]
n=5: 52491.7s, 95385681920 attempts, 43044385272 affine nodes, 11764 candidates; branch position 22, decisions 17, defined 22; template [0, 0, 0, 1, 0, 2, 4, 8, 0, 5, 6, 16, 15, 9, 30, 26, 0, 31, 11, 22, 1, 11, None, None, None, None, None, None, None, None, None, None]
n=5: 52511.7s, 95421300736 attempts, 43063433403 affine nodes, 11764 candidates; branch position 21, decisions 16, defined 21; template [0, 0, 0, 1, 0, 2, 4, 8, 0, 5, 6, 16, 15, 17, 19, 28, 0, 10, 30, 29, 5, None, None, None, None, None, None, None, None, None, None, None]
n=5: 52531.7s, 95456968704 attempts, 43083455251 affine nodes, 11764 candidates; branch position 21, decisions 16, defined 21; template [0, 0, 0, 1, 0, 2, 4, 8, 0, 5, 6, 16, 15, 18, 31, 23, 0, 24, 18, 22, 19, None, None, None, None, None, None, None, None, None, None, None]
n=5: 52551.7s, 95492538368 attempts, 43103963233 affine nodes, 11764 candidates; branch position 22, decisions 17, defined 22; template [0, 0, 0, 1, 0, 2, 4, 8, 0, 5, 6, 16, 15, 23, 19, 26, 0, 18, 9, 23, 25, 9, None, None, None, None, None, None, None, None, None, None]
n=5: 52571.7s, 95527944192 attempts, 43125024988 affine nodes, 11764 candidates; branch position 22, decisions 17, defined 22; template [0, 0, 0, 1, 0, 2, 4, 8, 0, 5, 6, 16, 15, 27, 10, 21, 0, 30, 13, 28, 26, 7, None, None, None, None, None, None, None, None, None, None]
n=5: 52591.7s, 95563333632 attempts, 43145669618 affine nodes, 11764 candidates; branch position 20, decisions 15, defined 20; template [0, 0, 0, 1, 0, 2, 4, 8, 0, 5, 6, 16, 15, 28, 30, 11, 0, 24, 12, 7, None, None, None, None, None, None, None, None, None, None, None, None]
n=5: 52611.7s, 95598804992 attempts, 43165718223 affine nodes, 11765 candidates; branch position 21, decisions 16, defined 21; template [0, 0, 0, 1, 0, 2, 4, 8, 0, 5, 6, 16, 15, 30, 23, 17, 0, 21, 27, 5, 14, None, None, None, None, None, None, None, None, None, None, None]
n=5: 52631.7s, 95634374656 attempts, 43185002055 affine nodes, 11765 candidates; branch position 23, decisions 18, defined 23; template [0, 0, 0, 1, 0, 2, 4, 8, 0, 5, 6, 16, 19, 9, 20, 12, 0, 25, 28, 13, 23, 17, 6, None, None, None, None, None, None, None, None, None]
n=5: 52651.7s, 95669616640 attempts, 43208881486 affine nodes, 11765 candidates; branch position 21, decisions 16, defined 21; template [0, 0, 0, 1, 0, 2, 4, 8, 0, 5, 6, 16, 19, 11, 28, 12, 0, 29, 23, 12, 7, None, None, None, None, None, None, None, None, None, None, None]
n=5: 52671.7s, 95705268224 attempts, 43229444087 affine nodes, 11765 candidates; branch position 21, decisions 16, defined 21; template [0, 0, 0, 1, 0, 2, 4, 8, 0, 5, 6, 16, 19, 13, 28, 31, 0, 26, 9, 29, 17, None, None, None, None, None, None, None, None, None, None, None]
n=5: 52691.7s, 95740919808 attempts, 43249488164 affine nodes, 11765 candidates; branch position 22, decisions 17, defined 22; template [0, 0, 0, 1, 0, 2, 4, 8, 0, 5, 6, 16, 19, 23, 10, 24, 0, 17, 9, 7, 27, 28, None, None, None, None, None, None, None, None, None, None]
n=5: 52711.7s, 95776669696 attempts, 43268052228 affine nodes, 11765 candidates; branch position 23, decisions 18, defined 23; template [0, 0, 0, 1, 0, 2, 4, 8, 0, 5, 6, 16, 19, 25, 20, 26, 0, 20, 24, 5, 11, 18, 6, None, None, None, None, None, None, None, None, None]
n=5: 52731.7s, 95812288512 attempts, 43288472101 affine nodes, 11765 candidates; branch position 23, decisions 18, defined 23; template [0, 0, 0, 1, 0, 2, 4, 8, 0, 5, 6, 16, 19, 27, 9, 7, 0, 17, 14, 26, 26, 7, 13, None, None, None, None, None, None, None, None, None]
n=5: 52751.7s, 95847972864 attempts, 43310177793 affine nodes, 11765 candidates; branch position 22, decisions 17, defined 22; template [0, 0, 0, 1, 0, 2, 4, 8, 0, 5, 6, 16, 19, 28, 14, 10, 0, 9, 24, 21, 10, 31, None, None, None, None, None, None, None, None, None, None]
n=5: 52771.7s, 95883657216 attempts, 43330062304 affine nodes, 11765 candidates; branch position 20, decisions 15, defined 20; template [0, 0, 0, 1, 0, 2, 4, 8, 0, 5, 6, 16, 19, 30, 9, 29, 0, 9, 14, 5, None, None, None, None, None, None, None, None, None, None, None, None]
n=5: 52791.7s, 95919212199 attempts, 43349966848 affine nodes, 11765 candidates; branch position 18, decisions 13, defined 19; template [0, 0, 0, 1, 0, 2, 4, 8, 0, 5, 6, 16, 21, 9, 29, 10, 0, 11, 16, None, None, None, None, None, None, None, None, None, None, None, None, None]
n=5: 52811.7s, 95954501632 attempts, 43369326749 affine nodes, 11765 candidates; branch position 22, decisions 17, defined 22; template [0, 0, 0, 1, 0, 2, 4, 8, 0, 5, 6, 16, 21, 13, 25, 23, 0, 30, 9, 21, 25, 10, None, None, None, None, None, None, None, None, None, None]
n=5: 52831.7s, 95990136832 attempts, 43389080968 affine nodes, 11765 candidates; branch position 21, decisions 16, defined 21; template [0, 0, 0, 1, 0, 2, 4, 8, 0, 5, 6, 16, 21, 17, 10, 31, 0, 20, 25, 23, 16, None, None, None, None, None, None, None, None, None, None, None]
n=5: 52851.7s, 96025821184 attempts, 43407459768 affine nodes, 11765 candidates; branch position 23, decisions 18, defined 23; template [0, 0, 0, 1, 0, 2, 4, 8, 0, 5, 6, 16, 21, 26, 30, 10, 0, 17, 3, 25, 18, 27, 12, None, None, None, None, None, None, None, None, None]
n=5: 52871.8s, 96061440000 attempts, 43426671882 affine nodes, 11765 candidates; branch position 23, decisions 18, defined 23; template [0, 0, 0, 1, 0, 2, 4, 8, 0, 5, 6, 16, 21, 28, 30, 15, 0, 26, 23, 25, 14, 1, 11, None, None, None, None, None, None, None, None, None]
n=5: 52891.8s, 96097058816 attempts, 43446742883 affine nodes, 11765 candidates; branch position 23, decisions 18, defined 23; template [0, 0, 0, 1, 0, 2, 4, 8, 0, 5, 6, 16, 21, 31, 9, 24, 0, 9, 24, 2, 13, 18, 25, None, None, None, None, None, None, None, None, None]
n=5: 52911.8s, 96132677632 attempts, 43466350692 affine nodes, 11765 candidates; branch position 22, decisions 17, defined 22; template [0, 0, 0, 1, 0, 2, 4, 8, 0, 5, 6, 16, 22, 11, 9, 24, 0, 26, 30, 12, 28, 3, None, None, None, None, None, None, None, None, None, None]
n=5: 52931.8s, 96168427520 attempts, 43485618371 affine nodes, 11765 candidates; branch position 23, decisions 18, defined 23; template [0, 0, 0, 1, 0, 2, 4, 8, 0, 5, 6, 16, 22, 13, 25, 29, 0, 31, 9, 23, 14, 4, 17, None, None, None, None, None, None, None, None, None]
n=5: 52951.8s, 96204210176 attempts, 43504887845 affine nodes, 11765 candidates; branch position 23, decisions 18, defined 23; template [0, 0, 0, 1, 0, 2, 4, 8, 0, 5, 6, 16, 22, 18, 9, 26, 0, 26, 3, 19, 29, 20, 11, None, None, None, None, None, None, None, None, None]
n=5: 52971.8s, 96239828992 attempts, 43523660836 affine nodes, 11765 candidates; branch position 22, decisions 17, defined 22; template [0, 0, 0, 1, 0, 2, 4, 8, 0, 5, 6, 16, 22, 25, 27, 11, 0, 28, 14, 27, 1, 9, None, None, None, None, None, None, None, None, None, None]
n=5: 52991.8s, 96275546112 attempts, 43542622533 affine nodes, 11765 candidates; branch position 22, decisions 17, defined 22; template [0, 0, 0, 1, 0, 2, 4, 8, 0, 5, 6, 16, 22, 28, 11, 31, 0, 13, 23, 31, 12, 3, None, None, None, None, None, None, None, None, None, None]
n=5: 53011.8s, 96311328768 attempts, 43561917716 affine nodes, 11765 candidates; branch position 22, decisions 17, defined 22; template [0, 0, 0, 1, 0, 2, 4, 8, 0, 5, 6, 16, 22, 29, 26, 19, 0, 28, 24, 30, 10, 20, None, None, None, None, None, None, None, None, None, None]
n=5: 53031.8s, 96347078656 attempts, 43581817128 affine nodes, 11765 candidates; branch position 23, decisions 18, defined 23; template [0, 0, 0, 1, 0, 2, 4, 8, 0, 5, 6, 16, 22, 31, 26, 7, 0, 27, 23, 24, 10, 4, 27, None, None, None, None, None, None, None, None, None]
n=5: 53051.8s, 96382599168 attempts, 43602339298 affine nodes, 11765 candidates; branch position 20, decisions 15, defined 20; template [0, 0, 0, 1, 0, 2, 4, 8, 0, 5, 6, 16, 23, 3, 30, 24, 0, 15, 19, 27, None, None, None, None, None, None, None, None, None, None, None, None]
n=5: 53071.8s, 96418021376 attempts, 43622356825 affine nodes, 11765 candidates; branch position 21, decisions 16, defined 21; template [0, 0, 0, 1, 0, 2, 4, 8, 0, 5, 6, 16, 23, 11, 20, 19, 0, 9, 12, 27, 30, None, None, None, None, None, None, None, None, None, None, None]
n=5: 53091.8s, 96453394432 attempts, 43643878380 affine nodes, 11765 candidates; branch position 23, decisions 18, defined 23; template [0, 0, 0, 1, 0, 2, 4, 8, 0, 5, 6, 16, 23, 13, 30, 26, 0, 9, 31, 17, 30, 19, 12, None, None, None, None, None, None, None, None, None]
n=5: 53111.8s, 96488751104 attempts, 43663877550 affine nodes, 11765 candidates; branch position 21, decisions 16, defined 21; template [0, 0, 0, 1, 0, 2, 4, 8, 0, 5, 6, 16, 23, 17, 11, 28, 0, 20, 12, 17, 10, None, None, None, None, None, None, None, None, None, None, None]
n=5: 53131.8s, 96524058624 attempts, 43683223882 affine nodes, 11765 candidates; branch position 22, decisions 17, defined 22; template [0, 0, 0, 1, 0, 2, 4, 8, 0, 5, 6, 16, 23, 25, 27, 28, 0, 10, 19, 27, 20, 9, None, None, None, None, None, None, None, None, None, None]
n=5: 53151.8s, 96559448064 attempts, 43702443703 affine nodes, 11765 candidates; branch position 22, decisions 17, defined 22; template [0, 0, 0, 1, 0, 2, 4, 8, 0, 5, 6, 16, 23, 28, 27, 10, 0, 30, 26, 23, 7, 1, None, None, None, None, None, None, None, None, None, None]
n=5: 53171.8s, 96594870272 attempts, 43722314615 affine nodes, 11765 candidates; branch position 22, decisions 17, defined 22; template [0, 0, 0, 1, 0, 2, 4, 8, 0, 5, 6, 16, 23, 30, 25, 9, 0, 10, 22, 9, 12, 22, None, None, None, None, None, None, None, None, None, None]
n=5: 53191.9s, 96630243328 attempts, 43743836163 affine nodes, 11765 candidates; branch position 21, decisions 16, defined 21; template [0, 0, 0, 1, 0, 2, 4, 8, 0, 5, 6, 16, 25, 3, 14, 28, 0, 21, 26, 14, 13, None, None, None, None, None, None, None, None, None, None, None]
n=5: 53211.9s, 96665747456 attempts, 43764864712 affine nodes, 11765 candidates; branch position 22, decisions 17, defined 22; template [0, 0, 0, 1, 0, 2, 4, 8, 0, 5, 6, 16, 25, 9, 28, 19, 0, 26, 13, 19, 7, 14, None, None, None, None, None, None, None, None, None, None]
n=5: 53231.9s, 96701235200 attempts, 43785094654 affine nodes, 11765 candidates; branch position 21, decisions 16, defined 21; template [0, 0, 0, 1, 0, 2, 4, 8, 0, 5, 6, 16, 25, 13, 10, 19, 0, 31, 9, 19, 16, None, None, None, None, None, None, None, None, None, None, None]
n=5: 53251.9s, 96736968704 attempts, 43804640419 affine nodes, 11765 candidates; branch position 22, decisions 17, defined 22; template [0, 0, 0, 1, 0, 2, 4, 8, 0, 5, 6, 16, 25, 17, 26, 19, 0, 31, 19, 14, 11, 30, None, None, None, None, None, None, None, None, None, None]
n=5: 53271.9s, 96772571136 attempts, 43823930713 affine nodes, 11765 candidates; branch position 21, decisions 16, defined 21; template [0, 0, 0, 1, 0, 2, 4, 8, 0, 5, 6, 16, 25, 22, 17, 15, 0, 24, 11, 2, 7, None, None, None, None, None, None, None, None, None, None, None]
n=5: 53291.9s, 96807419904 attempts, 43841864873 affine nodes, 11765 candidates; branch position 21, decisions 16, defined 21; template [0, 0, 0, 1, 0, 2, 4, 8, 0, 5, 6, 16, 25, 26, 9, 29, 0, 17, 28, 11, 6, None, None, None, None, None, None, None, None, None, None, None]
n=5: 53311.9s, 96842088448 attempts, 43859567566 affine nodes, 11765 candidates; branch position 23, decisions 18, defined 23; template [0, 0, 0, 1, 0, 2, 4, 8, 0, 5, 6, 16, 25, 29, 20, 7, 0, 30, 19, 28, 10, 16, 9, None, None, None, None, None, None, None, None, None]
n=5: 53331.9s, 96876806144 attempts, 43878860652 affine nodes, 11765 candidates; branch position 21, decisions 16, defined 21; template [0, 0, 0, 1, 0, 2, 4, 8, 0, 5, 6, 16, 26, 3, 14, 30, 0, 23, 11, 24, 7, None, None, None, None, None, None, None, None, None, None, None]
n=5: 53351.9s, 96912113664 attempts, 43899752557 affine nodes, 11765 candidates; branch position 22, decisions 17, defined 22; template [0, 0, 0, 1, 0, 2, 4, 8, 0, 5, 6, 16, 26, 9, 31, 23, 0, 14, 27, 9, 29, 30, None, None, None, None, None, None, None, None, None, None]
n=5: 53371.9s, 96947109888 attempts, 43919954803 affine nodes, 11765 candidates; branch position 21, decisions 16, defined 22; template [0, 0, 0, 1, 0, 2, 4, 8, 0, 5, 6, 16, 26, 13, 17, 23, 0, 27, 25, 23, 24, None, None, None, None, 3, None, None, None, None, None, None]
n=5: 53391.9s, 96982614016 attempts, 43939579568 affine nodes, 11765 candidates; branch position 21, decisions 16, defined 21; template [0, 0, 0, 1, 0, 2, 4, 8, 0, 5, 6, 16, 26, 17, 10, 22, 0, 10, 19, 7, 30, None, None, None, None, None, None, None, None, None, None, None]
n=5: 53411.9s, 97018200064 attempts, 43961295062 affine nodes, 11765 candidates; branch position 23, decisions 18, defined 23; template [0, 0, 0, 1, 0, 2, 4, 8, 0, 5, 6, 16, 26, 18, 29, 15, 0, 24, 3, 22, 19, 4, 13, None, None, None, None, None, None, None, None, None]
n=5: 53431.9s, 97053868032 attempts, 43980952621 affine nodes, 11765 candidates; branch position 22, decisions 17, defined 22; template [0, 0, 0, 1, 0, 2, 4, 8, 0, 5, 6, 16, 26, 25, 19, 7, 0, 9, 23, 11, 18, 20, None, None, None, None, None, None, None, None, None, None]
n=5: 53451.9s, 97089437696 attempts, 44000451932 affine nodes, 11765 candidates; branch position 21, decisions 16, defined 21; template [0, 0, 0, 1, 0, 2, 4, 8, 0, 5, 6, 16, 26, 30, 9, 22, 0, 14, 18, 25, 8, None, None, None, None, None, None, None, None, None, None, None]
n=5: 53471.9s, 97125023744 attempts, 44020327752 affine nodes, 11765 candidates; branch position 22, decisions 17, defined 22; template [0, 0, 0, 1, 0, 2, 4, 8, 0, 5, 6, 16, 27, 3, 23, 28, 0, 21, 14, 4, 30, 1, None, None, None, None, None, None, None, None, None, None]
n=5: 53491.9s, 97160577024 attempts, 44040107303 affine nodes, 11765 candidates; branch position 22, decisions 17, defined 22; template [0, 0, 0, 1, 0, 2, 4, 8, 0, 5, 6, 16, 27, 11, 28, 23, 0, 30, 13, 4, 3, 14, None, None, None, None, None, None, None, None, None, None]
n=5: 53511.9s, 97196343296 attempts, 44059550802 affine nodes, 11765 candidates; branch position 22, decisions 17, defined 22; template [0, 0, 0, 1, 0, 2, 4, 8, 0, 5, 6, 16, 27, 18, 23, 15, 0, 30, 3, 22, 16, 13, None, None, None, None, None, None, None, None, None, None]
n=5: 53531.9s, 97231945728 attempts, 44078771890 affine nodes, 11765 candidates; branch position 22, decisions 17, defined 22; template [0, 0, 0, 1, 0, 2, 4, 8, 0, 5, 6, 16, 27, 29, 23, 7, 0, 11, 31, 21, 1, 6, None, None, None, None, None, None, None, None, None, None]
n=5: 53551.9s, 97267318784 attempts, 44097945044 affine nodes, 11765 candidates; branch position 23, decisions 18, defined 23; template [0, 0, 0, 1, 0, 2, 4, 8, 0, 5, 6, 16, 28, 9, 11, 24, 0, 20, 9, 27, 11, 18, 6, None, None, None, None, None, None, None, None, None]
n=5: 53571.9s, 97302659072 attempts, 44118556215 affine nodes, 11765 candidates; branch position 21, decisions 16, defined 21; template [0, 0, 0, 1, 0, 2, 4, 8, 0, 5, 6, 16, 28, 11, 31, 23, 0, 21, 26, 10, 22, None, None, None, None, None, None, None, None, None, None, None]
n=5: 53591.9s, 97337950208 attempts, 44136918374 affine nodes, 11765 candidates; branch position 22, decisions 17, defined 22; template [0, 0, 0, 1, 0, 2, 4, 8, 0, 5, 6, 16, 28, 15, 20, 19, 0, 27, 13, 25, 6, 23, None, None, None, None, None, None, None, None, None, None]
n=5: 53611.9s, 97373159424 attempts, 44155793711 affine nodes, 11765 candidates; branch position 22, decisions 17, defined 22; template [0, 0, 0, 1, 0, 2, 4, 8, 0, 5, 6, 16, 28, 18, 23, 15, 0, 25, 30, 10, 13, 24, None, None, None, None, None, None, None, None, None, None]
n=5: 53631.9s, 97408319488 attempts, 44174814083 affine nodes, 11765 candidates; branch position 22, decisions 17, defined 22; template [0, 0, 0, 1, 0, 2, 4, 8, 0, 5, 6, 16, 28, 23, 10, 30, 0, 30, 23, 19, 24, 15, None, None, None, None, None, None, None, None, None, None]
n=5: 53652.0s, 97443217408 attempts, 44193302321 affine nodes, 11765 candidates; branch position 22, decisions 17, defined 22; template [0, 0, 0, 1, 0, 2, 4, 8, 0, 5, 6, 16, 28, 31, 10, 7, 0, 21, 13, 26, 19, 27, None, None, None, None, None, None, None, None, None, None]
n=5: 53672.0s, 97478557696 attempts, 44211027036 affine nodes, 11765 candidates; branch position 23, decisions 18, defined 23; template [0, 0, 0, 1, 0, 2, 4, 8, 0, 5, 6, 16, 29, 3, 17, 12, 0, 9, 3, 4, 13, 18, 15, None, None, None, None, None, None, None, None, None]
n=5: 53692.0s, 97513865216 attempts, 44230181251 affine nodes, 11766 candidates; branch position 21, decisions 16, defined 21; template [0, 0, 0, 1, 0, 2, 4, 8, 0, 5, 6, 16, 29, 13, 17, 31, 0, 18, 25, 14, 7, None, None, None, None, None, None, None, None, None, None, None]
n=5: 53712.0s, 97549271040 attempts, 44248317020 affine nodes, 11766 candidates; branch position 19, decisions 14, defined 19; template [0, 0, 0, 1, 0, 2, 4, 8, 0, 5, 6, 16, 29, 18, 9, 17, 0, 10, 15, None, None, None, None, None, None, None, None, None, None, None, None, None]
n=5: 53732.0s, 97584845987 attempts, 44266684416 affine nodes, 11766 candidates; branch position 18, decisions 13, defined 19; template [0, 0, 0, 1, 0, 2, 4, 8, 0, 5, 6, 16, 29, 23, 11, 31, 0, 13, 9, None, None, None, None, None, None, None, None, None, None, None, None, None]
n=5: 53752.0s, 97620361216 attempts, 44285032890 affine nodes, 11766 candidates; branch position 22, decisions 17, defined 22; template [0, 0, 0, 1, 0, 2, 4, 8, 0, 5, 6, 16, 29, 27, 9, 22, 0, 14, 11, 17, 1, 28, None, None, None, None, None, None, None, None, None, None]
n=5: 53772.0s, 97655914496 attempts, 44303311386 affine nodes, 11766 candidates; branch position 22, decisions 17, defined 22; template [0, 0, 0, 1, 0, 2, 4, 8, 0, 5, 6, 16, 29, 30, 20, 19, 0, 13, 17, 21, 26, 7, None, None, None, None, None, None, None, None, None, None]
n=5: 53792.0s, 97691435008 attempts, 44323173405 affine nodes, 11766 candidates; branch position 22, decisions 17, defined 22; template [0, 0, 0, 1, 0, 2, 4, 8, 0, 5, 6, 16, 30, 9, 27, 17, 0, 21, 3, 10, 6, 26, None, None, None, None, None, None, None, None, None, None]
n=5: 53812.0s, 97726922752 attempts, 44343041144 affine nodes, 11766 candidates; branch position 22, decisions 17, defined 22; template [0, 0, 0, 1, 0, 2, 4, 8, 0, 5, 6, 16, 30, 13, 25, 17, 0, 26, 13, 2, 15, 11, None, None, None, None, None, None, None, None, None, None]
n=5: 53832.0s, 97762459648 attempts, 44362034766 affine nodes, 11766 candidates; branch position 23, decisions 18, defined 23; template [0, 0, 0, 1, 0, 2, 4, 8, 0, 5, 6, 16, 30, 17, 29, 12, 0, 28, 24, 5, 15, 23, 25, None, None, None, None, None, None, None, None, None]
n=5: 53852.0s, 97797947392 attempts, 44382478231 affine nodes, 11766 candidates; branch position 21, decisions 16, defined 21; template [0, 0, 0, 1, 0, 2, 4, 8, 0, 5, 6, 16, 30, 23, 27, 7, 0, 24, 11, 26, 1, None, None, None, None, None, None, None, None, None, None, None]
n=5: 53872.0s, 97833418752 attempts, 44401413139 affine nodes, 11766 candidates; branch position 22, decisions 17, defined 22; template [0, 0, 0, 1, 0, 2, 4, 8, 0, 5, 6, 16, 30, 29, 14, 19, 0, 17, 11, 15, 22, 13, None, None, None, None, None, None, None, None, None, None]
n=5: 53892.0s, 97868726272 attempts, 44421095487 affine nodes, 11766 candidates; branch position 23, decisions 18, defined 23; template [0, 0, 0, 1, 0, 2, 4, 8, 0, 5, 6, 16, 31, 11, 9, 17, 0, 27, 20, 10, 18, 1, 30, None, None, None, None, None, None, None, None, None]
n=5: 53912.0s, 97903951872 attempts, 44441059886 affine nodes, 11766 candidates; branch position 21, decisions 16, defined 21; template [0, 0, 0, 1, 0, 2, 4, 8, 0, 5, 6, 16, 31, 13, 26, 10, 0, 28, 13, 20, 7, None, None, None, None, None, None, None, None, None, None, None]
n=5: 53932.0s, 97939374080 attempts, 44459498404 affine nodes, 11766 candidates; branch position 22, decisions 17, defined 22; template [0, 0, 0, 1, 0, 2, 4, 8, 0, 5, 6, 16, 31, 17, 28, 7, 0, 21, 30, 10, 10, 24, None, None, None, None, None, None, None, None, None, None]
n=5: 53952.0s, 97974665216 attempts, 44479264386 affine nodes, 11766 candidates; branch position 22, decisions 17, defined 22; template [0, 0, 0, 1, 0, 2, 4, 8, 0, 5, 6, 16, 31, 22, 28, 17, 0, 17, 9, 20, 23, 9, None, None, None, None, None, None, None, None, None, None]
n=5: 53972.0s, 98010054656 attempts, 44499304163 affine nodes, 11766 candidates; branch position 23, decisions 18, defined 23; template [0, 0, 0, 1, 0, 2, 4, 8, 0, 5, 6, 16, 31, 27, 9, 22, 0, 23, 28, 12, 29, 3, 18, None, None, None, None, None, None, None, None, None]
n=5: 53992.0s, 98045476864 attempts, 44517131059 affine nodes, 11766 candidates; branch position 23, decisions 18, defined 23; template [0, 0, 0, 1, 0, 2, 4, 8, 0, 5, 9, 3, 14, 16, 18, 31, 0, 31, 20, 7, 8, 24, 11, None, None, None, None, None, None, None, None, None]
n=5: 54012.0s, 98080604160 attempts, 44540239829 affine nodes, 11766 candidates; branch position 20, decisions 15, defined 20; template [0, 0, 0, 1, 0, 2, 4, 8, 0, 5, 9, 7, 11, 16, 18, 29, 0, 22, 19, 10, None, None, None, None, None, None, None, None, None, None, None, None]
n=5: 54032.0s, 98116157440 attempts, 44558711778 affine nodes, 11766 candidates; branch position 21, decisions 16, defined 21; template [0, 0, 0, 1, 0, 2, 4, 8, 0, 5, 9, 7, 14, 16, 20, 19, 0, 29, 12, 24, 6, None, None, None, None, None, None, None, None, None, None, None]
n=5: 54052.0s, 98151481344 attempts, 44578049970 affine nodes, 11766 candidates; branch position 21, decisions 16, defined 21; template [0, 0, 0, 1, 0, 2, 4, 8, 0, 5, 9, 7, 16, 14, 27, 18, 0, 19, 24, 4, 20, None, None, None, None, None, None, None, None, None, None, None]
n=5: 54072.1s, 98186788864 attempts, 44596011781 affine nodes, 11766 candidates; branch position 23, decisions 18, defined 23; template [0, 0, 0, 1, 0, 2, 4, 8, 0, 5, 9, 7, 16, 20, 31, 18, 0, 11, 28, 26, 6, 19, 11, None, None, None, None, None, None, None, None, None]
n=5: 54092.1s, 98221850624 attempts, 44615678161 affine nodes, 11766 candidates; branch position 21, decisions 16, defined 21; template [0, 0, 0, 1, 0, 2, 4, 8, 0, 5, 9, 7, 16, 25, 10, 18, 0, 26, 3, 11, 30, None, None, None, None, None, None, None, None, None, None, None]
n=5: 54112.1s, 98256977920 attempts, 44634448914 affine nodes, 11767 candidates; branch position 22, decisions 17, defined 22; template [0, 0, 0, 1, 0, 2, 4, 8, 0, 5, 9, 7, 16, 29, 10, 18, 0, 21, 3, 29, 22, 18, None, None, None, None, None, None, None, None, None, None]
n=5: 54132.1s, 98292236288 attempts, 44653816299 affine nodes, 11767 candidates; branch position 23, decisions 18, defined 23; template [0, 0, 0, 1, 0, 2, 4, 8, 0, 5, 9, 14, 11, 3, 16, 27, 0, 15, 26, 10, 27, 12, 29, None, None, None, None, None, None, None, None, None]
n=5: 54152.1s, 98327805952 attempts, 44672418503 affine nodes, 11767 candidates; branch position 21, decisions 16, defined 21; template [0, 0, 0, 1, 0, 2, 4, 8, 0, 5, 9, 14, 11, 16, 31, 23, 0, 28, 12, 2, 17, None, None, None, None, None, None, None, None, None, None, None]
n=5: 54172.1s, 98362998784 attempts, 44691330973 affine nodes, 11767 candidates; branch position 21, decisions 16, defined 21; template [0, 0, 0, 1, 0, 2, 4, 8, 0, 5, 9, 14, 16, 19, 23, 31, 0, 13, 6, 19, 10, None, None, None, None, None, None, None, None, None, None, None]
n=5: 54192.1s, 98398273536 attempts, 44710932362 affine nodes, 11767 candidates; branch position 21, decisions 16, defined 21; template [0, 0, 0, 1, 0, 2, 4, 8, 0, 5, 9, 14, 16, 25, 19, 15, 0, 30, 7, 3, 17, None, None, None, None, None, None, None, None, None, None, None]
n=5: 54212.1s, 98433515520 attempts, 44732209734 affine nodes, 11767 candidates; branch position 23, decisions 18, defined 23; template [0, 0, 0, 1, 0, 2, 4, 8, 0, 5, 9, 16, 11, 3, 28, 17, 0, 27, 22, 5, 26, 11, 24, None, None, None, None, None, None, None, None, None]
n=5: 54232.1s, 98469117952 attempts, 44751788409 affine nodes, 11767 candidates; branch position 22, decisions 17, defined 22; template [0, 0, 0, 1, 0, 2, 4, 8, 0, 5, 9, 16, 11, 15, 19, 21, 0, 18, 27, 15, 6, 9, None, None, None, None, None, None, None, None, None, None]
n=5: 54252.1s, 98504638464 attempts, 44771696818 affine nodes, 11767 candidates; branch position 22, decisions 17, defined 22; template [0, 0, 0, 1, 0, 2, 4, 8, 0, 5, 9, 16, 11, 17, 31, 28, 0, 29, 22, 13, 13, 24, None, None, None, None, None, None, None, None, None, None]
n=5: 54272.1s, 98540060672 attempts, 44791384505 affine nodes, 11767 candidates; branch position 22, decisions 17, defined 22; template [0, 0, 0, 1, 0, 2, 4, 8, 0, 5, 9, 16, 11, 25, 26, 28, 0, 17, 28, 31, 26, 15, None, None, None, None, None, None, None, None, None, None]
n=5: 54292.1s, 98575646720 attempts, 44809548542 affine nodes, 11767 candidates; branch position 23, decisions 18, defined 23; template [0, 0, 0, 1, 0, 2, 4, 8, 0, 5, 9, 16, 11, 29, 19, 26, 0, 27, 14, 20, 1, 9, 16, None, None, None, None, None, None, None, None, None]
n=5: 54312.1s, 98611281920 attempts, 44829553942 affine nodes, 11767 candidates; branch position 22, decisions 17, defined 22; template [0, 0, 0, 1, 0, 2, 4, 8, 0, 5, 9, 16, 11, 31, 28, 26, 0, 23, 18, 15, 5, 20, None, None, None, None, None, None, None, None, None, None]
n=5: 54332.1s, 98646523904 attempts, 44848257497 affine nodes, 11767 candidates; branch position 22, decisions 17, defined 22; template [0, 0, 0, 1, 0, 2, 4, 8, 0, 5, 9, 16, 14, 17, 30, 23, 0, 15, 11, 30, 18, 20, None, None, None, None, None, None, None, None, None, None]
n=5: 54352.1s, 98681470976 attempts, 44869853759 affine nodes, 11767 candidates; branch position 21, decisions 16, defined 21; template [0, 0, 0, 1, 0, 2, 4, 8, 0, 5, 9, 16, 14, 25, 26, 28, 0, 24, 15, 2, 25, None, None, None, None, None, None, None, None, None, None, None]
n=5: 54372.1s, 98716483584 attempts, 44891138490 affine nodes, 11767 candidates; branch position 21, decisions 16, defined 21; template [0, 0, 0, 1, 0, 2, 4, 8, 0, 5, 9, 16, 14, 28, 30, 10, 0, 29, 12, 22, 17, None, None, None, None, None, None, None, None, None, None, None]
n=5: 54392.1s, 98751528960 attempts, 44913426409 affine nodes, 11767 candidates; branch position 21, decisions 16, defined 21; template [0, 0, 0, 1, 0, 2, 4, 8, 0, 5, 9, 16, 14, 30, 29, 21, 0, 18, 6, 15, 3, None, None, None, None, None, None, None, None, None, None, None]
n=5: 54412.1s, 98786951168 attempts, 44932960484 affine nodes, 11767 candidates; branch position 23, decisions 18, defined 23; template [0, 0, 0, 1, 0, 2, 4, 8, 0, 5, 9, 16, 15, 17, 27, 19, 0, 24, 28, 27, 11, 22, 12, None, None, None, None, None, None, None, None, None]
n=5: 54432.1s, 98822406144 attempts, 44951917050 affine nodes, 11767 candidates; branch position 22, decisions 17, defined 22; template [0, 0, 0, 1, 0, 2, 4, 8, 0, 5, 9, 16, 15, 25, 27, 28, 0, 23, 25, 20, 20, 4, None, None, None, None, None, None, None, None, None, None]
n=5: 54452.1s, 98857779200 attempts, 44972674085 affine nodes, 11767 candidates; branch position 22, decisions 17, defined 22; template [0, 0, 0, 1, 0, 2, 4, 8, 0, 5, 9, 16, 15, 28, 30, 17, 0, 31, 18, 28, 28, 21, None, None, None, None, None, None, None, None, None, None]
n=5: 54472.2s, 98893217792 attempts, 44993215601 affine nodes, 11767 candidates; branch position 22, decisions 17, defined 22; template [0, 0, 0, 1, 0, 2, 4, 8, 0, 5, 9, 16, 15, 30, 27, 29, 0, 14, 24, 2, 20, 19, None, None, None, None, None, None, None, None, None, None]
n=5: 54492.2s, 98928607232 attempts, 45013105540 affine nodes, 11767 candidates; branch position 22, decisions 17, defined 22; template [0, 0, 0, 1, 0, 2, 4, 8, 0, 5, 9, 16, 19, 23, 10, 24, 0, 11, 18, 17, 10, 7, None, None, None, None, None, None, None, None, None, None]
n=5: 54512.2s, 98964160512 attempts, 45031758732 affine nodes, 11767 candidates; branch position 21, decisions 16, defined 21; template [0, 0, 0, 1, 0, 2, 4, 8, 0, 5, 9, 16, 19, 28, 22, 10, 0, 21, 3, 24, 5, None, None, None, None, None, None, None, None, None, None, None]
n=5: 54532.2s, 98999631872 attempts, 45051407641 affine nodes, 11767 candidates; branch position 22, decisions 17, defined 22; template [0, 0, 0, 1, 0, 2, 4, 8, 0, 5, 9, 16, 21, 3, 14, 27, 0, 28, 6, 17, 23, 6, None, None, None, None, None, None, None, None, None, None]
n=5: 54552.2s, 99035152384 attempts, 45071901382 affine nodes, 11767 candidates; branch position 22, decisions 17, defined 22; template [0, 0, 0, 1, 0, 2, 4, 8, 0, 5, 9, 16, 21, 15, 27, 22, 0, 30, 26, 28, 3, 19, None, None, None, None, None, None, None, None, None, None]
n=5: 54572.2s, 99070672896 attempts, 45091258389 affine nodes, 11767 candidates; branch position 21, decisions 16, defined 21; template [0, 0, 0, 1, 0, 2, 4, 8, 0, 5, 9, 16, 21, 26, 6, 14, 0, 30, 3, 17, 23, None, None, None, None, None, None, None, None, None, None, None]
n=5: 54592.2s, 99106258944 attempts, 45111360811 affine nodes, 11767 candidates; branch position 21, decisions 16, defined 21; template [0, 0, 0, 1, 0, 2, 4, 8, 0, 5, 9, 16, 21, 29, 22, 31, 0, 26, 14, 22, 16, None, None, None, None, None, None, None, None, None, None, None]
n=5: 54612.2s, 99141582848 attempts, 45130727640 affine nodes, 11767 candidates; branch position 22, decisions 17, defined 22; template [0, 0, 0, 1, 0, 2, 4, 8, 0, 5, 9, 16, 22, 3, 26, 29, 0, 30, 19, 9, 26, 16, None, None, None, None, None, None, None, None, None, None]
n=5: 54632.2s, 99176742912 attempts, 45149580601 affine nodes, 11767 candidates; branch position 22, decisions 17, defined 22; template [0, 0, 0, 1, 0, 2, 4, 8, 0, 5, 9, 16, 22, 27, 30, 21, 0, 15, 6, 27, 16, 22, None, None, None, None, None, None, None, None, None, None]
n=5: 54652.2s, 99211640832 attempts, 45167972967 affine nodes, 11767 candidates; branch position 21, decisions 16, defined 21; template [0, 0, 0, 1, 0, 2, 4, 8, 0, 5, 9, 16, 23, 3, 6, 14, 0, 17, 14, 10, 21, None, None, None, None, None, None, None, None, None, None, None]
n=5: 54672.2s, 99247046656 attempts, 45187282843 affine nodes, 11767 candidates; branch position 19, decisions 14, defined 19; template [0, 0, 0, 1, 0, 2, 4, 8, 0, 5, 9, 16, 23, 26, 14, 28, 0, 22, 18, None, None, None, None, None, None, None, None, None, None, None, None, None]
n=5: 54692.2s, 99282436096 attempts, 45207704596 affine nodes, 11767 candidates; branch position 21, decisions 16, defined 21; template [0, 0, 0, 1, 0, 2, 4, 8, 0, 5, 9, 16, 25, 3, 6, 14, 0, 18, 17, 15, 22, None, None, None, None, None, None, None, None, None, None, None]
n=5: 54712.2s, 99318005760 attempts, 45227949252 affine nodes, 11767 candidates; branch position 23, decisions 18, defined 23; template [0, 0, 0, 1, 0, 2, 4, 8, 0, 5, 9, 16, 25, 17, 22, 14, 0, 23, 30, 3, 3, 10, 20, None, None, None, None, None, None, None, None, None]
n=5: 54732.2s, 99353477120 attempts, 45246573444 affine nodes, 11767 candidates; branch position 21, decisions 16, defined 21; template [0, 0, 0, 1, 0, 2, 4, 8, 0, 5, 9, 16, 25, 26, 30, 14, 0, 13, 6, 17, 11, None, None, None, None, None, None, None, None, None, None, None]
n=5: 54752.2s, 99388932096 attempts, 45265653720 affine nodes, 11767 candidates; branch position 20, decisions 15, defined 20; template [0, 0, 0, 1, 0, 2, 4, 8, 0, 5, 9, 16, 26, 17, 14, 30, 0, 10, 19, 20, None, None, None, None, None, None, None, None, None, None, None, None]
n=5: 54772.2s, 99424305152 attempts, 45285085298 affine nodes, 11767 candidates; branch position 22, decisions 17, defined 22; template [0, 0, 0, 1, 0, 2, 4, 8, 0, 5, 9, 16, 27, 17, 15, 30, 0, 23, 14, 26, 25, 9, None, None, None, None, None, None, None, None, None, None]
n=5: 54792.2s, 99459629056 attempts, 45305838460 affine nodes, 11767 candidates; branch position 22, decisions 17, defined 22; template [0, 0, 0, 1, 0, 2, 4, 8, 0, 5, 9, 16, 28, 15, 30, 23, 0, 6, 17, 28, 22, 18, None, None, None, None, None, None, None, None, None, None]
n=5: 54812.2s, 99495034880 attempts, 45326273977 affine nodes, 11767 candidates; branch position 23, decisions 18, defined 23; template [0, 0, 0, 1, 0, 2, 4, 8, 0, 5, 9, 16, 28, 26, 31, 10, 0, 31, 24, 19, 3, 30, 1, None, None, None, None, None, None, None, None, None]
n=5: 54832.2s, 99530358784 attempts, 45347259468 affine nodes, 11767 candidates; branch position 23, decisions 18, defined 23; template [0, 0, 0, 1, 0, 2, 4, 8, 0, 5, 11, 12, 16, 6, 19, 26, 0, 21, 17, 11, 1, 10, 28, None, None, None, None, None, None, None, None, None]
n=5: 54852.2s, 99566010368 attempts, 45365572027 affine nodes, 11767 candidates; branch position 21, decisions 16, defined 21; template [0, 0, 0, 1, 0, 2, 4, 8, 0, 5, 11, 12, 16, 14, 23, 20, 0, 13, 19, 27, 10, None, None, None, None, None, None, None, None, None, None, None]
n=5: 54872.2s, 99601563648 attempts, 45383920851 affine nodes, 11767 candidates; branch position 22, decisions 17, defined 22; template [0, 0, 0, 1, 0, 2, 4, 8, 0, 5, 11, 12, 16, 20, 29, 19, 0, 28, 23, 13, 29, 18, None, None, None, None, None, None, None, None, None, None]
n=5: 54892.2s, 99637018624 attempts, 45402890009 affine nodes, 11767 candidates; branch position 21, decisions 16, defined 21; template [0, 0, 0, 1, 0, 2, 4, 8, 0, 5, 11, 12, 16, 25, 6, 31, 0, 24, 3, 23, 14, None, None, None, None, None, None, None, None, None, None, None]
n=5: 54912.3s, 99672670208 attempts, 45420987887 affine nodes, 11767 candidates; branch position 23, decisions 18, defined 23; template [0, 0, 0, 1, 0, 2, 4, 8, 0, 5, 11, 12, 16, 27, 22, 7, 0, 24, 23, 9, 28, 3, 17, None, None, None, None, None, None, None, None, None]
n=5: 54932.3s, 99708174336 attempts, 45438360954 affine nodes, 11767 candidates; branch position 20, decisions 15, defined 20; template [0, 0, 0, 1, 0, 2, 4, 8, 0, 5, 11, 12, 16, 30, 28, 7, 0, 18, 13, 7, None, None, None, None, None, None, None, None, None, None, None, None]
n=5: 54952.3s, 99743711232 attempts, 45455643590 affine nodes, 11767 candidates; branch position 22, decisions 17, defined 22; template [0, 0, 0, 1, 0, 2, 4, 8, 0, 5, 11, 13, 16, 19, 23, 7, 0, 31, 24, 16, 21, 4, None, None, None, None, None, None, None, None, None, None]
n=5: 54972.3s, 99779313664 attempts, 45473424448 affine nodes, 11767 candidates; branch position 23, decisions 18, defined 23; template [0, 0, 0, 1, 0, 2, 4, 8, 0, 5, 11, 13, 16, 24, 19, 20, 0, 21, 22, 12, 20, 26, 5, None, None, None, None, None, None, None, None, None]
n=5: 54992.3s, 99815047168 attempts, 45491593621 affine nodes, 11767 candidates; branch position 21, decisions 16, defined 21; template [0, 0, 0, 1, 0, 2, 4, 8, 0, 5, 11, 13, 16, 26, 21, 12, 0, 24, 29, 22, 3, None, None, None, None, None, None, None, None, None, None, None]
n=5: 55012.3s, 99850665984 attempts, 45509207499 affine nodes, 11767 candidates; branch position 21, decisions 16, defined 21; template [0, 0, 0, 1, 0, 2, 4, 8, 0, 5, 11, 13, 16, 29, 18, 7, 0, 28, 31, 27, 14, None, None, None, None, None, None, None, None, None, None, None]
n=5: 55032.3s, 99886333952 attempts, 45525954965 affine nodes, 11767 candidates; branch position 23, decisions 18, defined 23; template [0, 0, 0, 1, 0, 2, 4, 8, 0, 5, 11, 13, 16, 31, 14, 7, 0, 28, 7, 30, 1, 9, 17, None, None, None, None, None, None, None, None, None]
n=5: 55052.3s, 99921920000 attempts, 45544035030 affine nodes, 11767 candidates; branch position 22, decisions 17, defined 22; template [0, 0, 0, 1, 0, 2, 4, 8, 0, 5, 11, 16, 12, 17, 30, 29, 0, 10, 7, 29, 24, 19, None, None, None, None, None, None, None, None, None, None]
n=5: 55072.3s, 99957391360 attempts, 45563511349 affine nodes, 11767 candidates; branch position 23, decisions 18, defined 23; template [0, 0, 0, 1, 0, 2, 4, 8, 0, 5, 11, 16, 12, 25, 20, 27, 0, 13, 22, 31, 7, 19, 11, None, None, None, None, None, None, None, None, None]
n=5: 55092.3s, 99992993792 attempts, 45582105915 affine nodes, 11767 candidates; branch position 21, decisions 16, defined 21; template [0, 0, 0, 1, 0, 2, 4, 8, 0, 5, 11, 16, 12, 28, 17, 31, 0, 30, 28, 24, 17, None, None, None, None, None, None, None, None, None, None, None]
n=5: 55112.3s, 100028628992 attempts, 45600501991 affine nodes, 11767 candidates; branch position 22, decisions 17, defined 22; template [0, 0, 0, 1, 0, 2, 4, 8, 0, 5, 11, 16, 12, 30, 19, 23, 0, 29, 25, 9, 18, 4, None, None, None, None, None, None, None, None, None, None]
n=5: 55132.3s, 100064067584 attempts, 45618404203 affine nodes, 11767 candidates; branch position 22, decisions 17, defined 22; template [0, 0, 0, 1, 0, 2, 4, 8, 0, 5, 11, 16, 19, 6, 31, 24, 0, 29, 20, 27, 5, 1, None, None, None, None, None, None, None, None, None, None]
n=5: 55152.3s, 100099489792 attempts, 45636517592 affine nodes, 11767 candidates; branch position 22, decisions 17, defined 22; template [0, 0, 0, 1, 0, 2, 4, 8, 0, 5, 11, 16, 19, 14, 31, 22, 0, 13, 14, 30, 21, 31, None, None, None, None, None, None, None, None, None, None]
n=5: 55172.3s, 100134748160 attempts, 45655734044 affine nodes, 11767 candidates; branch position 21, decisions 16, defined 21; template [0, 0, 0, 1, 0, 2, 4, 8, 0, 5, 11, 16, 19, 25, 30, 0, 0, 26, 7, 21, 27, None, None, None, None, None, None, None, None, None, None, None]
n=5: 55192.3s, 100170006528 attempts, 45674023435 affine nodes, 11767 candidates; branch position 22, decisions 17, defined 22; template [0, 0, 0, 1, 0, 2, 4, 8, 0, 5, 11, 16, 19, 28, 17, 26, 0, 14, 9, 25, 8, 15, None, None, None, None, None, None, None, None, None, None]
n=5: 55212.3s, 100204445696 attempts, 45693030280 affine nodes, 11767 candidates; branch position 23, decisions 18, defined 23; template [0, 0, 0, 1, 0, 2, 4, 8, 0, 5, 11, 16, 19, 30, 17, 22, 0, 14, 29, 30, 18, 24, 9, None, None, None, None, None, None, None, None, None]
n=5: 55232.3s, 100239835136 attempts, 45711559789 affine nodes, 11767 candidates; branch position 22, decisions 17, defined 22; template [0, 0, 0, 1, 0, 2, 4, 8, 0, 5, 11, 16, 21, 13, 23, 26, 0, 30, 26, 29, 3, 19, None, None, None, None, None, None, None, None, None, None]
n=5: 55252.3s, 100275273728 attempts, 45730569655 affine nodes, 11767 candidates; branch position 24, decisions 19, defined 24; template [0, 0, 0, 1, 0, 2, 4, 8, 0, 5, 11, 16, 21, 26, 19, 10, 0, 13, 17, 21, 6, 14, 26, 12, None, None, None, None, None, None, None, None]
n=5: 55272.3s, 100310384640 attempts, 45748172576 affine nodes, 11767 candidates; branch position 21, decisions 16, defined 21; template [0, 0, 0, 1, 0, 2, 4, 8, 0, 5, 11, 16, 21, 31, 6, 23, 0, 6, 26, 30, 17, None, None, None, None, None, None, None, None, None, None, None]
n=5: 55292.3s, 100345806848 attempts, 45766450258 affine nodes, 11767 candidates; branch position 22, decisions 17, defined 22; template [0, 0, 0, 1, 0, 2, 4, 8, 0, 5, 11, 16, 22, 18, 14, 31, 0, 28, 7, 18, 12, 7, None, None, None, None, None, None, None, None, None, None]
n=5: 55312.3s, 100381229056 attempts, 45784171420 affine nodes, 11767 candidates; branch position 23, decisions 18, defined 23; template [0, 0, 0, 1, 0, 2, 4, 8, 0, 5, 11, 16, 22, 27, 31, 7, 0, 14, 3, 23, 26, 17, 14, None, None, None, None, None, None, None, None, None]
n=5: 55332.3s, 100416700416 attempts, 45802445086 affine nodes, 11767 candidates; branch position 22, decisions 17, defined 22; template [0, 0, 0, 1, 0, 2, 4, 8, 0, 5, 11, 16, 22, 29, 31, 12, 0, 6, 18, 5, 23, 31, None, None, None, None, None, None, None, None, None, None]
n=5: 55352.4s, 100452139008 attempts, 45819830229 affine nodes, 11767 candidates; branch position 22, decisions 17, defined 22; template [0, 0, 0, 1, 0, 2, 4, 8, 0, 5, 11, 16, 23, 6, 31, 27, 0, 9, 20, 10, 24, 27, None, None, None, None, None, None, None, None, None, None]
n=5: 55372.4s, 100486561792 attempts, 45837253043 affine nodes, 11767 candidates; branch position 21, decisions 16, defined 21; template [0, 0, 0, 1, 0, 2, 4, 8, 0, 5, 11, 16, 23, 17, 10, 28, 0, 13, 27, 19, 10, None, None, None, None, None, None, None, None, None, None, None]
n=5: 55392.4s, 100521295872 attempts, 45854788470 affine nodes, 11767 candidates; branch position 21, decisions 16, defined 21; template [0, 0, 0, 1, 0, 2, 4, 8, 0, 5, 11, 16, 23, 26, 30, 12, 0, 22, 29, 25, 14, None, None, None, None, None, None, None, None, None, None, None]
n=5: 55412.4s, 100556226560 attempts, 45872464545 affine nodes, 11767 candidates; branch position 20, decisions 15, defined 20; template [0, 0, 0, 1, 0, 2, 4, 8, 0, 5, 11, 16, 23, 29, 26, 19, 0, 28, 31, 5, None, None, None, None, None, None, None, None, None, None, None, None]
n=5: 55432.4s, 100590960640 attempts, 45890475979 affine nodes, 11767 candidates; branch position 22, decisions 17, defined 22; template [0, 0, 0, 1, 0, 2, 4, 8, 0, 5, 11, 16, 25, 6, 28, 10, 0, 18, 22, 2, 29, 14, None, None, None, None, None, None, None, None, None, None]
n=5: 55452.4s, 100625743872 attempts, 45908635529 affine nodes, 11767 candidates; branch position 22, decisions 17, defined 22; template [0, 0, 0, 1, 0, 2, 4, 8, 0, 5, 11, 16, 25, 14, 20, 12, 0, 28, 30, 11, 21, 10, None, None, None, None, None, None, None, None, None, None]
n=5: 55472.4s, 100660019200 attempts, 45927243877 affine nodes, 11767 candidates; branch position 20, decisions 15, defined 20; template [0, 0, 0, 1, 0, 2, 4, 8, 0, 5, 11, 16, 25, 22, 10, 27, 0, 6, 18, 17, None, None, None, None, None, None, None, None, None, None, None, None]
n=5: 55492.4s, 100695212032 attempts, 45944034869 affine nodes, 11767 candidates; branch position 23, decisions 18, defined 23; template [0, 0, 0, 1, 0, 2, 4, 8, 0, 5, 11, 16, 25, 26, 23, 10, 0, 20, 9, 28, 15, 9, 2, None, None, None, None, None, None, None, None, None]
n=5: 55512.4s, 100730667008 attempts, 45961377553 affine nodes, 11767 candidates; branch position 21, decisions 16, defined 21; template [0, 0, 0, 1, 0, 2, 4, 8, 0, 5, 11, 16, 25, 31, 14, 29, 0, 30, 27, 7, 18, None, None, None, None, None, None, None, None, None, None, None]
n=5: 55532.4s, 100766236672 attempts, 45979611443 affine nodes, 11767 candidates; branch position 23, decisions 18, defined 23; template [0, 0, 0, 1, 0, 2, 4, 8, 0, 5, 11, 16, 26, 13, 25, 22, 0, 14, 12, 30, 25, 18, 11, None, None, None, None, None, None, None, None, None]
n=5: 55552.4s, 100801903021 attempts, 45999194112 affine nodes, 11767 candidates; branch position 17, decisions 12, defined 18; template [0, 0, 0, 1, 0, 2, 4, 8, 0, 5, 11, 16, 26, 17, 28, 22, 0, 30, None, None, None, None, None, None, None, None, None, None, None, None, None, None]
n=5: 55572.4s, 100837376000 attempts, 46017866052 affine nodes, 11767 candidates; branch position 22, decisions 17, defined 22; template [0, 0, 0, 1, 0, 2, 4, 8, 0, 5, 11, 16, 26, 25, 28, 17, 0, 24, 9, 21, 5, 19, None, None, None, None, None, None, None, None, None, None]
n=5: 55592.4s, 100873043968 attempts, 46036293957 affine nodes, 11767 candidates; branch position 22, decisions 17, defined 22; template [0, 0, 0, 1, 0, 2, 4, 8, 0, 5, 11, 16, 27, 6, 19, 15, 0, 26, 3, 22, 1, 9, None, None, None, None, None, None, None, None, None, None]
n=5: 55612.4s, 100908400640 attempts, 46054224352 affine nodes, 11767 candidates; branch position 22, decisions 17, defined 22; template [0, 0, 0, 1, 0, 2, 4, 8, 0, 5, 11, 16, 27, 18, 6, 30, 0, 19, 23, 9, 30, 24, None, None, None, None, None, None, None, None, None, None]
n=5: 55632.4s, 100943953920 attempts, 46072813830 affine nodes, 11767 candidates; branch position 22, decisions 17, defined 22; template [0, 0, 0, 1, 0, 2, 4, 8, 0, 5, 11, 16, 28, 6, 31, 10, 0, 24, 27, 5, 6, 20, None, None, None, None, None, None, None, None, None, None]
n=5: 55652.4s, 100978769920 attempts, 46090916815 affine nodes, 11767 candidates; branch position 22, decisions 17, defined 22; template [0, 0, 0, 1, 0, 2, 4, 8, 0, 5, 11, 16, 28, 17, 6, 30, 0, 25, 29, 21, 24, 15, None, None, None, None, None, None, None, None, None, None]
n=5: 55672.4s, 101013356544 attempts, 46109208396 affine nodes, 11767 candidates; branch position 21, decisions 16, defined 21; template [0, 0, 0, 1, 0, 2, 4, 8, 0, 5, 11, 16, 28, 22, 26, 30, 0, 20, 25, 23, 12, None, None, None, None, None, None, None, None, None, None, None]
n=5: 55692.4s, 101048614912 attempts, 46127604278 affine nodes, 11767 candidates; branch position 22, decisions 17, defined 22; template [0, 0, 0, 1, 0, 2, 4, 8, 0, 5, 11, 16, 28, 31, 14, 23, 0, 26, 6, 12, 15, 16, None, None, None, None, None, None, None, None, None, None]
n=5: 55712.4s, 101084397568 attempts, 46145466669 affine nodes, 11767 candidates; branch position 22, decisions 17, defined 22; template [0, 0, 0, 1, 0, 2, 4, 8, 0, 5, 11, 16, 29, 22, 20, 10, 0, 28, 23, 5, 6, 27, None, None, None, None, None, None, None, None, None, None]
n=5: 55732.4s, 101120196608 attempts, 46163644697 affine nodes, 11767 candidates; branch position 22, decisions 17, defined 22; template [0, 0, 0, 1, 0, 2, 4, 8, 0, 5, 11, 16, 29, 25, 30, 23, 0, 30, 17, 3, 31, 20, None, None, None, None, None, None, None, None, None, None]
n=5: 55752.5s, 101155946496 attempts, 46182076376 affine nodes, 11767 candidates; branch position 22, decisions 17, defined 22; template [0, 0, 0, 1, 0, 2, 4, 8, 0, 5, 11, 16, 30, 13, 23, 17, 0, 21, 24, 2, 26, 14, None, None, None, None, None, None, None, None, None, None]
n=5: 55772.5s, 101191270400 attempts, 46199875751 affine nodes, 11767 candidates; branch position 22, decisions 17, defined 22; template [0, 0, 0, 1, 0, 2, 4, 8, 0, 5, 11, 16, 30, 23, 10, 26, 0, 17, 26, 15, 31, 28, None, None, None, None, None, None, None, None, None, None]
n=5: 55792.5s, 101225152512 attempts, 46216820683 affine nodes, 11767 candidates; branch position 23, decisions 17, defined 23; template [0, 0, 0, 1, 0, 2, 4, 8, 0, 5, 11, 16, 30, 29, 25, 19, 0, 13, 31, 2, 25, 18, 14, None, None, None, None, None, None, None, None, None]
n=5: 55812.5s, 101258280960 attempts, 46233206392 affine nodes, 11767 candidates; branch position 21, decisions 16, defined 21; template [0, 0, 0, 1, 0, 2, 4, 8, 0, 5, 11, 16, 31, 17, 6, 24, 0, 15, 13, 18, 23, None, None, None, None, None, None, None, None, None, None, None]
n=5: 55832.5s, 101293670400 attempts, 46252020026 affine nodes, 11767 candidates; branch position 22, decisions 17, defined 22; template [0, 0, 0, 1, 0, 2, 4, 8, 0, 5, 11, 16, 31, 25, 22, 0, 0, 15, 13, 25, 18, 7, None, None, None, None, None, None, None, None, None, None]
n=5: 55852.5s, 101328994304 attempts, 46270039339 affine nodes, 11767 candidates; branch position 21, decisions 16, defined 21; template [0, 0, 0, 1, 0, 2, 4, 8, 0, 5, 12, 7, 10, 16, 27, 15, 0, 23, 20, 2, 1, None, None, None, None, None, None, None, None, None, None, None]
n=5: 55872.5s, 101362401280 attempts, 46288103610 affine nodes, 11767 candidates; branch position 22, decisions 17, defined 22; template [0, 0, 0, 1, 0, 2, 4, 8, 0, 5, 12, 7, 16, 11, 19, 20, 0, 29, 18, 13, 28, 12, None, None, None, None, None, None, None, None, None, None]
n=5: 55892.5s, 101397528576 attempts, 46306422702 affine nodes, 11767 candidates; branch position 23, decisions 18, defined 23; template [0, 0, 0, 1, 0, 2, 4, 8, 0, 5, 12, 7, 16, 22, 19, 29, 0, 24, 23, 2, 18, 9, 31, None, None, None, None, None, None, None, None, None]
n=5: 55912.5s, 101432786944 attempts, 46324941218 affine nodes, 11767 candidates; branch position 22, decisions 17, defined 22; template [0, 0, 0, 1, 0, 2, 4, 8, 0, 5, 12, 10, 16, 6, 19, 28, 0, 28, 30, 4, 1, 18, None, None, None, None, None, None, None, None, None, None]
n=5: 55932.5s, 101468241920 attempts, 46342782939 affine nodes, 11767 candidates; branch position 22, decisions 17, defined 22; template [0, 0, 0, 1, 0, 2, 4, 8, 0, 5, 12, 10, 16, 19, 29, 21, 0, 23, 20, 30, 25, 4, None, None, None, None, None, None, None, None, None, None]
n=5: 55952.6s, 101502976000 attempts, 46360294903 affine nodes, 11767 candidates; branch position 22, decisions 17, defined 22; template [0, 0, 0, 1, 0, 2, 4, 8, 0, 5, 12, 10, 16, 25, 11, 20, 0, 11, 6, 30, 1, 6, None, None, None, None, None, None, None, None, None, None]
n=5: 55972.6s, 101537398784 attempts, 46377506944 affine nodes, 11767 candidates; branch position 22, decisions 17, defined 22; template [0, 0, 0, 1, 0, 2, 4, 8, 0, 5, 12, 10, 16, 27, 23, 30, 0, 24, 19, 7, 1, 20, None, None, None, None, None, None, None, None, None, None]
n=5: 55992.6s, 101572296704 attempts, 46393809795 affine nodes, 11767 candidates; branch position 21, decisions 16, defined 21; template [0, 0, 0, 1, 0, 2, 4, 8, 0, 5, 12, 10, 16, 30, 27, 15, 0, 23, 26, 25, 13, None, None, None, None, None, None, None, None, None, None, None]
n=5: 56012.6s, 101608030208 attempts, 46411244145 affine nodes, 11767 candidates; branch position 22, decisions 17, defined 22; template [0, 0, 0, 1, 0, 2, 4, 8, 0, 5, 12, 11, 14, 16, 28, 18, 0, 31, 17, 24, 7, 1, None, None, None, None, None, None, None, None, None, None]
n=5: 56032.6s, 101643714560 attempts, 46430723268 affine nodes, 11767 candidates; branch position 22, decisions 17, defined 22; template [0, 0, 0, 1, 0, 2, 4, 8, 0, 5, 12, 11, 16, 19, 10, 20, 0, 14, 27, 29, 26, 16, None, None, None, None, None, None, None, None, None, None]
n=5: 56052.6s, 101679300608 attempts, 46448664741 affine nodes, 11767 candidates; branch position 20, decisions 15, defined 20; template [0, 0, 0, 1, 0, 2, 4, 8, 0, 5, 12, 11, 16, 22, 27, 21, 0, 23, 7, 3, None, None, None, None, None, None, None, None, None, None, None, None]
n=5: 56072.6s, 101715001344 attempts, 46466990716 affine nodes, 11767 candidates; branch position 24, decisions 19, defined 24; template [0, 0, 0, 1, 0, 2, 4, 8, 0, 5, 12, 11, 16, 26, 29, 7, 0, 24, 21, 4, 15, 31, 7, 12, None, None, None, None, None, None, None, None]
n=5: 56092.6s, 101750702080 attempts, 46484514945 affine nodes, 11767 candidates; branch position 21, decisions 16, defined 21; template [0, 0, 0, 1, 0, 2, 4, 8, 0, 5, 12, 11, 16, 30, 19, 10, 0, 23, 25, 16, 30, None, None, None, None, None, None, None, None, None, None, None]
n=5: 56112.6s, 101786222592 attempts, 46502762074 affine nodes, 11767 candidates; branch position 21, decisions 16, defined 21; template [0, 0, 0, 1, 0, 2, 4, 8, 0, 5, 12, 16, 10, 23, 25, 17, 0, 17, 18, 13, 16, None, None, None, None, None, None, None, None, None, None, None]
n=5: 56132.6s, 101821841408 attempts, 46521765373 affine nodes, 11767 candidates; branch position 21, decisions 16, defined 21; template [0, 0, 0, 1, 0, 2, 4, 8, 0, 5, 12, 16, 10, 27, 23, 28, 0, 14, 3, 11, 16, None, None, None, None, None, None, None, None, None, None, None]
n=5: 56152.6s, 101857427456 attempts, 46540392957 affine nodes, 11767 candidates; branch position 23, decisions 18, defined 23; template [0, 0, 0, 1, 0, 2, 4, 8, 0, 5, 12, 16, 10, 30, 19, 24, 0, 25, 14, 27, 23, 4, 26, None, None, None, None, None, None, None, None, None]
n=5: 56172.6s, 101892718592 attempts, 46558773162 affine nodes, 11767 candidates; branch position 23, decisions 18, defined 23; template [0, 0, 0, 1, 0, 2, 4, 8, 0, 5, 12, 16, 11, 15, 25, 17, 0, 23, 27, 3, 20, 18, 28, None, None, None, None, None, None, None, None, None]
n=5: 56192.6s, 101928370176 attempts, 46577235528 affine nodes, 11767 candidates; branch position 22, decisions 17, defined 22; template [0, 0, 0, 1, 0, 2, 4, 8, 0, 5, 12, 16, 11, 22, 19, 29, 0, 9, 30, 24, 17, 10, None, None, None, None, None, None, None, None, None, None]
n=5: 56212.6s, 101964054528 attempts, 46595621362 affine nodes, 11767 candidates; branch position 22, decisions 17, defined 22; template [0, 0, 0, 1, 0, 2, 4, 8, 0, 5, 12, 16, 11, 26, 23, 29, 0, 20, 26, 28, 23, 9, None, None, None, None, None, None, None, None, None, None]
n=5: 56232.6s, 101999738880 attempts, 46613144719 affine nodes, 11767 candidates; branch position 23, decisions 18, defined 23; template [0, 0, 0, 1, 0, 2, 4, 8, 0, 5, 12, 16, 11, 29, 26, 30, 0, 27, 31, 13, 26, 17, 14, None, None, None, None, None, None, None, None, None]
n=5: 56252.6s, 102035275776 attempts, 46631858916 affine nodes, 11767 candidates; branch position 22, decisions 17, defined 22; template [0, 0, 0, 1, 0, 2, 4, 8, 0, 5, 12, 16, 14, 17, 26, 3, 0, 29, 30, 21, 3, 13, None, None, None, None, None, None, None, None, None, None]
n=5: 56272.6s, 102071025664 attempts, 46650270201 affine nodes, 11767 candidates; branch position 22, decisions 17, defined 22; template [0, 0, 0, 1, 0, 2, 4, 8, 0, 5, 12, 16, 14, 26, 17, 3, 0, 25, 6, 28, 13, 9, None, None, None, None, None, None, None, None, None, None]
n=5: 56292.6s, 102106578944 attempts, 46668599195 affine nodes, 11767 candidates; branch position 22, decisions 17, defined 22; template [0, 0, 0, 1, 0, 2, 4, 8, 0, 5, 12, 16, 14, 28, 22, 11, 0, 21, 25, 15, 20, 31, None, None, None, None, None, None, None, None, None, None]
n=5: 56312.6s, 102142230528 attempts, 46687393542 affine nodes, 11767 candidates; branch position 22, decisions 17, defined 23; template [0, 0, 0, 1, 0, 2, 4, 8, 0, 5, 12, 16, 14, 31, 19, 26, 0, 18, 11, 29, 30, 7, None, None, None, None, None, None, None, None, None, 10]
n=5: 56332.6s, 102177931264 attempts, 46706098824 affine nodes, 11767 candidates; branch position 21, decisions 16, defined 21; template [0, 0, 0, 1, 0, 2, 4, 8, 0, 5, 12, 16, 19, 9, 30, 7, 0, 11, 20, 28, 21, None, None, None, None, None, None, None, None, None, None, None]
n=5: 56352.6s, 102213566464 attempts, 46724623987 affine nodes, 11767 candidates; branch position 22, decisions 17, defined 22; template [0, 0, 0, 1, 0, 2, 4, 8, 0, 5, 12, 16, 19, 25, 30, 11, 0, 22, 25, 11, 21, 1, None, None, None, None, None, None, None, None, None, None]
n=5: 56372.6s, 102249349120 attempts, 46741986906 affine nodes, 11767 candidates; branch position 21, decisions 16, defined 21; template [0, 0, 0, 1, 0, 2, 4, 8, 0, 5, 12, 16, 19, 29, 15, 30, 0, 20, 27, 2, 25, None, None, None, None, None, None, None, None, None, None, None]
n=5: 56392.6s, 102284918784 attempts, 46760291667 affine nodes, 11767 candidates; branch position 24, decisions 19, defined 24; template [0, 0, 0, 1, 0, 2, 4, 8, 0, 5, 12, 16, 21, 3, 26, 23, 0, 14, 28, 20, 23, 17, 7, 26, None, None, None, None, None, None, None, None]
n=5: 56412.6s, 102320586752 attempts, 46778581328 affine nodes, 11767 candidates; branch position 21, decisions 16, defined 21; template [0, 0, 0, 1, 0, 2, 4, 8, 0, 5, 12, 16, 21, 17, 15, 31, 0, 15, 23, 29, 1, None, None, None, None, None, None, None, None, None, None, None]
n=5: 56432.7s, 102355795968 attempts, 46796679277 affine nodes, 11767 candidates; branch position 22, decisions 17, defined 22; template [0, 0, 0, 1, 0, 2, 4, 8, 0, 5, 12, 16, 21, 26, 23, 31, 0, 29, 7, 12, 18, 11, None, None, None, None, None, None, None, None, None, None]
n=5: 56452.7s, 102390759424 attempts, 46814737152 affine nodes, 11767 candidates; branch position 23, decisions 18, defined 23; template [0, 0, 0, 1, 0, 2, 4, 8, 0, 5, 12, 16, 21, 31, 11, 15, 0, 19, 28, 12, 6, 11, 20, None, None, None, None, None, None, None, None, None]
n=5: 56472.7s, 102426247168 attempts, 46834037233 affine nodes, 11767 candidates; branch position 21, decisions 16, defined 21; template [0, 0, 0, 1, 0, 2, 4, 8, 0, 5, 12, 16, 22, 6, 29, 21, 0, 10, 7, 18, 13, None, None, None, None, None, None, None, None, None, None, None]
n=5: 56492.7s, 102461980672 attempts, 46852796571 affine nodes, 11767 candidates; branch position 22, decisions 17, defined 22; template [0, 0, 0, 1, 0, 2, 4, 8, 0, 5, 12, 16, 22, 15, 27, 10, 0, 9, 7, 31, 13, 22, None, None, None, None, None, None, None, None, None, None]
n=5: 56512.7s, 102497222656 attempts, 46869935382 affine nodes, 11767 candidates; branch position 21, decisions 16, defined 21; template [0, 0, 0, 1, 0, 2, 4, 8, 0, 5, 12, 16, 22, 25, 29, 11, 0, 30, 25, 14, 20, None, None, None, None, None, None, None, None, None, None, None]
n=5: 56532.7s, 102532775936 attempts, 46888337788 affine nodes, 11767 candidates; branch position 22, decisions 17, defined 22; template [0, 0, 0, 1, 0, 2, 4, 8, 0, 5, 12, 16, 22, 29, 31, 24, 0, 25, 26, 15, 31, 4, None, None, None, None, None, None, None, None, None, None]
n=5: 56552.7s, 102567985152 attempts, 46906709615 affine nodes, 11767 candidates; branch position 22, decisions 17, defined 22; template [0, 0, 0, 1, 0, 2, 4, 8, 0, 5, 12, 16, 23, 3, 25, 29, 0, 24, 3, 4, 28, 6, None, None, None, None, None, None, None, None, None, None]
n=5: 56572.7s, 102603014144 attempts, 46924233875 affine nodes, 11767 candidates; branch position 22, decisions 17, defined 22; template [0, 0, 0, 1, 0, 2, 4, 8, 0, 5, 12, 16, 23, 17, 15, 28, 0, 24, 26, 3, 28, 9, None, None, None, None, None, None, None, None, None, None]
n=5: 56592.7s, 102638501888 attempts, 46941280535 affine nodes, 11767 candidates; branch position 22, decisions 17, defined 22; template [0, 0, 0, 1, 0, 2, 4, 8, 0, 5, 12, 16, 23, 28, 15, 11, 0, 10, 31, 4, 18, 13, None, None, None, None, None, None, None, None, None, None]
n=5: 56612.7s, 102673727488 attempts, 46958985259 affine nodes, 11767 candidates; branch position 23, decisions 18, defined 23; template [0, 0, 0, 1, 0, 2, 4, 8, 0, 5, 12, 16, 23, 30, 25, 19, 0, 22, 26, 17, 29, 19, 12, None, None, None, None, None, None, None, None, None]
n=5: 56632.7s, 102709035008 attempts, 46977527642 affine nodes, 11767 candidates; branch position 22, decisions 17, defined 22; template [0, 0, 0, 1, 0, 2, 4, 8, 0, 5, 12, 16, 25, 11, 31, 27, 0, 6, 11, 3, 23, 20, None, None, None, None, None, None, None, None, None, None]
n=5: 56652.7s, 102744637440 attempts, 46996288711 affine nodes, 11767 candidates; branch position 21, decisions 16, defined 21; template [0, 0, 0, 1, 0, 2, 4, 8, 0, 5, 12, 16, 25, 18, 30, 10, 0, 6, 11, 5, 16, None, None, None, None, None, None, None, None, None, None, None]
n=5: 56672.7s, 102780272640 attempts, 47013812614 affine nodes, 11767 candidates; branch position 21, decisions 16, defined 21; template [0, 0, 0, 1, 0, 2, 4, 8, 0, 5, 12, 16, 25, 26, 30, 10, 0, 18, 17, 10, 10, None, None, None, None, None, None, None, None, None, None, None]
n=5: 56692.7s, 102815318016 attempts, 47031745866 affine nodes, 11767 candidates; branch position 21, decisions 16, defined 21; template [0, 0, 0, 1, 0, 2, 4, 8, 0, 5, 12, 16, 26, 11, 23, 24, 0, 25, 22, 4, 29, None, None, None, None, None, None, None, None, None, None, None]
n=5: 56712.7s, 102850838528 attempts, 47050044442 affine nodes, 11767 candidates; branch position 22, decisions 17, defined 22; template [0, 0, 0, 1, 0, 2, 4, 8, 0, 5, 12, 16, 26, 23, 11, 31, 0, 15, 3, 24, 31, 17, None, None, None, None, None, None, None, None, None, None]
n=5: 56732.7s, 102886277120 attempts, 47067942965 affine nodes, 11767 candidates; branch position 22, decisions 17, defined 22; template [0, 0, 0, 1, 0, 2, 4, 8, 0, 5, 12, 16, 26, 28, 23, 30, 0, 23, 6, 20, 12, 6, None, None, None, None, None, None, None, None, None, None]
n=5: 56752.7s, 102921404416 attempts, 47086425102 affine nodes, 11767 candidates; branch position 22, decisions 17, defined 22; template [0, 0, 0, 1, 0, 2, 4, 8, 0, 5, 12, 16, 27, 15, 22, 21, 0, 13, 15, 4, 3, 16, None, None, None, None, None, None, None, None, None, None]
n=5: 56772.7s, 102956908544 attempts, 47104441939 affine nodes, 11767 candidates; branch position 22, decisions 17, defined 22; template [0, 0, 0, 1, 0, 2, 4, 8, 0, 5, 12, 16, 27, 22, 10, 31, 0, 25, 23, 7, 26, 12, None, None, None, None, None, None, None, None, None, None]
n=5: 56792.8s, 102992281600 attempts, 47122569392 affine nodes, 11767 candidates; branch position 22, decisions 17, defined 22; template [0, 0, 0, 1, 0, 2, 4, 8, 0, 5, 12, 16, 28, 6, 19, 11, 0, 22, 18, 29, 24, 12, None, None, None, None, None, None, None, None, None, None]
n=5: 56812.8s, 103027113984 attempts, 47140798515 affine nodes, 11767 candidates; branch position 23, decisions 18, defined 23; template [0, 0, 0, 1, 0, 2, 4, 8, 0, 5, 12, 16, 28, 17, 11, 22, 0, 26, 15, 11, 25, 12, 2, None, None, None, None, None, None, None, None, None]
n=5: 56832.8s, 103061979136 attempts, 47159388495 affine nodes, 11767 candidates; branch position 22, decisions 17, defined 22; template [0, 0, 0, 1, 0, 2, 4, 8, 0, 5, 12, 16, 28, 22, 19, 7, 0, 21, 27, 3, 6, 15, None, None, None, None, None, None, None, None, None, None]
n=5: 56852.8s, 103097139200 attempts, 47177036922 affine nodes, 11767 candidates; branch position 22, decisions 17, defined 22; template [0, 0, 0, 1, 0, 2, 4, 8, 0, 5, 12, 16, 29, 3, 22, 30, 0, 6, 23, 29, 17, 10, None, None, None, None, None, None, None, None, None, None]
n=5: 56872.8s, 103132708864 attempts, 47196901441 affine nodes, 11767 candidates; branch position 22, decisions 17, defined 22; template [0, 0, 0, 1, 0, 2, 4, 8, 0, 5, 12, 16, 29, 11, 26, 19, 0, 23, 3, 28, 1, 27, None, None, None, None, None, None, None, None, None, None]
n=5: 56892.8s, 103168180224 attempts, 47214993590 affine nodes, 11767 candidates; branch position 22, decisions 17, defined 22; template [0, 0, 0, 1, 0, 2, 4, 8, 0, 5, 12, 16, 29, 22, 26, 15, 0, 23, 18, 13, 27, 6, None, None, None, None, None, None, None, None, None, None]
n=5: 56912.8s, 103203635200 attempts, 47233448874 affine nodes, 11767 candidates; branch position 21, decisions 16, defined 21; template [0, 0, 0, 1, 0, 2, 4, 8, 0, 5, 12, 16, 29, 27, 22, 24, 0, 9, 6, 29, 24, None, None, None, None, None, None, None, None, None, None, None]
n=5: 56932.8s, 103237517312 attempts, 47250978246 affine nodes, 11767 candidates; branch position 22, decisions 17, defined 22; template [0, 0, 0, 1, 0, 2, 4, 8, 0, 5, 12, 16, 30, 6, 29, 21, 0, 13, 15, 17, 26, 10, None, None, None, None, None, None, None, None, None, None]
n=5: 56952.8s, 103272497152 attempts, 47268666939 affine nodes, 11767 candidates; branch position 22, decisions 17, defined 22; template [0, 0, 0, 1, 0, 2, 4, 8, 0, 5, 12, 16, 30, 22, 15, 29, 0, 17, 14, 30, 24, 11, None, None, None, None, None, None, None, None, None, None]
n=5: 56972.8s, 103307608064 attempts, 47286469149 affine nodes, 11767 candidates; branch position 21, decisions 16, defined 21; template [0, 0, 0, 1, 0, 2, 4, 8, 0, 5, 12, 16, 30, 29, 23, 7, 0, 13, 6, 31, 18, None, None, None, None, None, None, None, None, None, None, None]
n=5: 56992.8s, 103338491904 attempts, 47302745029 affine nodes, 11767 candidates; branch position 21, decisions 16, defined 21; template [0, 0, 0, 1, 0, 2, 4, 8, 0, 5, 12, 16, 31, 15, 22, 24, 0, 21, 30, 12, 17, None, None, None, None, None, None, None, None, None, None, None]
n=5: 57012.8s, 103373307904 attempts, 47320240719 affine nodes, 11767 candidates; branch position 22, decisions 17, defined 22; template [0, 0, 0, 1, 0, 2, 4, 8, 0, 5, 12, 16, 31, 23, 25, 26, 0, 25, 20, 7, 30, 17, None, None, None, None, None, None, None, None, None, None]
n=5: 57032.8s, 103408254976 attempts, 47338579716 affine nodes, 11767 candidates; branch position 22, decisions 17, defined 22; template [0, 0, 0, 1, 0, 2, 4, 8, 0, 5, 14, 16, 19, 11, 17, 7, 0, 20, 29, 25, 7, 23, None, None, None, None, None, None, None, None, None, None]
n=5: 57052.8s, 103443513344 attempts, 47357074335 affine nodes, 11767 candidates; branch position 22, decisions 17, defined 22; template [0, 0, 0, 1, 0, 2, 4, 8, 0, 5, 14, 16, 19, 25, 26, 28, 0, 9, 13, 20, 6, 27, None, None, None, None, None, None, None, None, None, None]
n=5: 57072.8s, 103478837248 attempts, 47375154753 affine nodes, 11767 candidates; branch position 22, decisions 17, defined 22; template [0, 0, 0, 1, 0, 2, 4, 8, 0, 5, 14, 16, 19, 29, 26, 7, 0, 20, 3, 4, 16, 19, None, None, None, None, None, None, None, None, None, None]
n=5: 57092.8s, 103514095616 attempts, 47392955065 affine nodes, 11767 candidates; branch position 23, decisions 18, defined 23; template [0, 0, 0, 1, 0, 2, 4, 8, 0, 5, 14, 16, 21, 26, 22, 28, 0, 22, 7, 26, 26, 23, 21, None, None, None, None, None, None, None, None, None]
n=5: 57112.8s, 103549796352 attempts, 47411551630 affine nodes, 11767 candidates; branch position 22, decisions 17, defined 22; template [0, 0, 0, 1, 0, 2, 4, 8, 0, 5, 14, 16, 22, 9, 20, 19, 0, 10, 27, 18, 5, 21, None, None, None, None, None, None, None, None, None, None]
n=5: 57132.8s, 103585464320 attempts, 47431535502 affine nodes, 11767 candidates; branch position 21, decisions 16, defined 21; template [0, 0, 0, 1, 0, 2, 4, 8, 0, 5, 14, 16, 22, 13, 25, 19, 0, 11, 20, 7, 18, None, None, None, None, None, None, None, None, None, None, None]
n=5: 57152.8s, 103621148672 attempts, 47450705232 affine nodes, 11767 candidates; branch position 21, decisions 16, defined 21; template [0, 0, 0, 1, 0, 2, 4, 8, 0, 5, 14, 16, 22, 25, 27, 28, 0, 26, 29, 4, 27, None, None, None, None, None, None, None, None, None, None, None]
n=5: 57172.8s, 103656980480 attempts, 47469265543 affine nodes, 11767 candidates; branch position 22, decisions 17, defined 22; template [0, 0, 0, 1, 0, 2, 4, 8, 0, 5, 14, 16, 22, 29, 9, 21, 0, 10, 19, 23, 1, 24, None, None, None, None, None, None, None, None, None, None]
n=5: 57192.8s, 103692746752 attempts, 47488808065 affine nodes, 11767 candidates; branch position 22, decisions 17, defined 23; template [0, 0, 0, 1, 0, 2, 4, 8, 0, 5, 14, 16, 22, 31, 27, 24, 0, 27, 6, 13, 20, 26, None, None, None, 25, None, None, None, None, None, None]
n=5: 57212.8s, 103728316416 attempts, 47506613778 affine nodes, 11767 candidates; branch position 22, decisions 17, defined 22; template [0, 0, 0, 1, 0, 2, 4, 8, 0, 5, 14, 16, 23, 26, 11, 24, 0, 27, 6, 30, 7, 13, None, None, None, None, None, None, None, None, None, None]
n=5: 57232.8s, 103763935232 attempts, 47525163843 affine nodes, 11767 candidates; branch position 23, decisions 18, defined 23; template [0, 0, 0, 1, 0, 2, 4, 8, 0, 5, 14, 16, 23, 31, 11, 24, 0, 13, 19, 2, 1, 21, 13, None, None, None, None, None, None, None, None, None]
n=5: 57252.8s, 103799668736 attempts, 47544023973 affine nodes, 11767 candidates; branch position 23, decisions 18, defined 23; template [0, 0, 0, 1, 0, 2, 4, 8, 0, 5, 14, 16, 25, 13, 22, 29, 0, 23, 30, 5, 20, 9, 17, None, None, None, None, None, None, None, None, None]
n=5: 57272.8s, 103835418624 attempts, 47562901631 affine nodes, 11767 candidates; branch position 22, decisions 17, defined 22; template [0, 0, 0, 1, 0, 2, 4, 8, 0, 5, 14, 16, 25, 22, 27, 21, 0, 6, 26, 15, 27, 17, None, None, None, None, None, None, None, None, None, None]
n=5: 57292.9s, 103871135744 attempts, 47580870444 affine nodes, 11767 candidates; branch position 22, decisions 17, defined 22; template [0, 0, 0, 1, 0, 2, 4, 8, 0, 5, 14, 16, 25, 31, 11, 22, 0, 10, 27, 22, 28, 4, None, None, None, None, None, None, None, None, None, None]
n=5: 57312.9s, 103906852864 attempts, 47599232382 affine nodes, 11767 candidates; branch position 22, decisions 17, defined 22; template [0, 0, 0, 1, 0, 2, 4, 8, 0, 5, 14, 16, 26, 11, 23, 31, 0, 27, 9, 30, 7, 14, None, None, None, None, None, None, None, None, None, None]
n=5: 57332.9s, 103942635520 attempts, 47617582089 affine nodes, 11767 candidates; branch position 22, decisions 17, defined 22; template [0, 0, 0, 1, 0, 2, 4, 8, 0, 5, 14, 16, 26, 23, 9, 31, 0, 11, 20, 23, 30, 10, None, None, None, None, None, None, None, None, None, None]
n=5: 57352.9s, 103978270720 attempts, 47636174528 affine nodes, 11767 candidates; branch position 22, decisions 17, defined 22; template [0, 0, 0, 1, 0, 2, 4, 8, 0, 5, 14, 16, 26, 30, 9, 21, 0, 18, 12, 21, 1, 7, None, None, None, None, None, None, None, None, None, None]
n=5: 57372.9s, 104013955072 attempts, 47654954982 affine nodes, 11767 candidates; branch position 22, decisions 17, defined 22; template [0, 0, 0, 1, 0, 2, 4, 8, 0, 5, 14, 16, 27, 13, 25, 30, 0, 17, 6, 14, 26, 3, None, None, None, None, None, None, None, None, None, None]
n=5: 57392.9s, 104049606656 attempts, 47672548452 affine nodes, 11767 candidates; branch position 21, decisions 16, defined 21; template [0, 0, 0, 1, 0, 2, 4, 8, 0, 5, 14, 16, 27, 29, 23, 15, 0, 28, 31, 17, 12, None, None, None, None, None, None, None, None, None, None, None]
n=5: 57412.9s, 104085127168 attempts, 47690661478 affine nodes, 11767 candidates; branch position 21, decisions 16, defined 21; template [0, 0, 0, 1, 0, 2, 4, 8, 0, 5, 14, 16, 28, 13, 25, 10, 0, 22, 3, 4, 13, None, None, None, None, None, None, None, None, None, None, None]
n=5: 57432.9s, 104120729600 attempts, 47709008551 affine nodes, 11767 candidates; branch position 22, decisions 17, defined 22; template [0, 0, 0, 1, 0, 2, 4, 8, 0, 5, 14, 16, 28, 22, 31, 10, 0, 20, 12, 4, 31, 9, None, None, None, None, None, None, None, None, None, None]
n=5: 57452.9s, 104156299264 attempts, 47727230957 affine nodes, 11767 candidates; branch position 22, decisions 17, defined 22; template [0, 0, 0, 1, 0, 2, 4, 8, 0, 5, 14, 16, 28, 31, 19, 9, 0, 25, 13, 9, 15, 20, None, None, None, None, None, None, None, None, None, None]
n=5: 57472.9s, 104191672320 attempts, 47745209294 affine nodes, 11767 candidates; branch position 23, decisions 18, defined 23; template [0, 0, 0, 1, 0, 2, 4, 8, 0, 5, 14, 16, 29, 18, 11, 31, 0, 6, 23, 14, 24, 7, 17, None, None, None, None, None, None, None, None, None]
n=5: 57492.9s, 104227373056 attempts, 47763415005 affine nodes, 11767 candidates; branch position 22, decisions 17, defined 22; template [0, 0, 0, 1, 0, 2, 4, 8, 0, 5, 14, 16, 29, 23, 26, 3, 0, 27, 24, 22, 5, 3, None, None, None, None, None, None, None, None, None, None]
n=5: 57512.9s, 104262980633 attempts, 47781249024 affine nodes, 11767 candidates; branch position 18, decisions 13, defined 19; template [0, 0, 0, 1, 0, 2, 4, 8, 0, 5, 14, 16, 29, 30, 26, 7, 0, 17, 12, None, None, None, None, None, None, None, None, None, None, None, None, None]
n=5: 57532.9s, 104298479616 attempts, 47799142218 affine nodes, 11767 candidates; branch position 22, decisions 17, defined 22; template [0, 0, 0, 1, 0, 2, 4, 8, 0, 5, 14, 16, 30, 17, 22, 3, 0, 20, 12, 5, 16, 23, None, None, None, None, None, None, None, None, None, None]
n=5: 57552.9s, 104333819904 attempts, 47817280198 affine nodes, 11767 candidates; branch position 22, decisions 17, defined 22; template [0, 0, 0, 1, 0, 2, 4, 8, 0, 5, 14, 16, 30, 29, 25, 17, 0, 21, 31, 24, 19, 25, None, None, None, None, None, None, None, None, None, None]
n=5: 57572.9s, 104369176576 attempts, 47836049913 affine nodes, 11767 candidates; branch position 22, decisions 17, defined 22; template [0, 0, 0, 1, 0, 2, 4, 8, 0, 5, 14, 16, 31, 25, 19, 3, 0, 18, 11, 12, 6, 17, None, None, None, None, None, None, None, None, None, None]
n=5: 57592.9s, 104404434944 attempts, 47854371651 affine nodes, 11767 candidates; branch position 22, decisions 17, defined 22; template [0, 0, 0, 1, 0, 2, 4, 8, 0, 5, 14, 16, 31, 28, 25, 3, 0, 9, 11, 18, 20, 1, None, None, None, None, None, None, None, None, None, None]
n=5: 57612.9s, 104439742464 attempts, 47873214397 affine nodes, 11767 candidates; branch position 22, decisions 17, defined 22; template [0, 0, 0, 1, 0, 2, 4, 8, 0, 5, 15, 16, 19, 25, 26, 28, 0, 14, 12, 31, 26, 11, None, None, None, None, None, None, None, None, None, None]
n=5: 57632.9s, 104475131904 attempts, 47892226724 affine nodes, 11767 candidates; branch position 22, decisions 17, defined 22; template [0, 0, 0, 1, 0, 2, 4, 8, 0, 5, 15, 16, 19, 30, 29, 12, 0, 6, 27, 14, 26, 1, None, None, None, None, None, None, None, None, None, None]
n=5: 57652.9s, 104510504960 attempts, 47912013784 affine nodes, 11767 candidates; branch position 22, decisions 17, defined 22; template [0, 0, 0, 1, 0, 2, 4, 8, 0, 5, 15, 16, 21, 22, 27, 9, 0, 19, 29, 27, 11, 12, None, None, None, None, None, None, None, None, None, None]
n=5: 57672.9s, 104545861632 attempts, 47930134370 affine nodes, 11767 candidates; branch position 23, decisions 18, defined 23; template [0, 0, 0, 1, 0, 2, 4, 8, 0, 5, 15, 16, 22, 25, 26, 11, 0, 30, 17, 9, 29, 22, 2, None, None, None, None, None, None, None, None, None]
n=5: 57692.9s, 104581300224 attempts, 47949442572 affine nodes, 11767 candidates; branch position 21, decisions 16, defined 21; template [0, 0, 0, 1, 0, 2, 4, 8, 0, 5, 15, 16, 23, 6, 9, 27, 0, 14, 22, 21, 16, None, None, None, None, None, None, None, None, None, None, None]
n=5: 57713.0s, 104616411136 attempts, 47967645113 affine nodes, 11767 candidates; branch position 23, decisions 18, defined 23; template [0, 0, 0, 1, 0, 2, 4, 8, 0, 5, 15, 16, 23, 25, 30, 11, 0, 13, 24, 18, 18, 11, 21, None, None, None, None, None, None, None, None, None]
n=5: 57733.0s, 104651980800 attempts, 47986645931 affine nodes, 11767 candidates; branch position 22, decisions 17, defined 22; template [0, 0, 0, 1, 0, 2, 4, 8, 0, 5, 15, 16, 23, 29, 30, 11, 0, 19, 26, 29, 3, 7, None, None, None, None, None, None, None, None, None, None]
n=5: 57753.0s, 104687632384 attempts, 48004989396 affine nodes, 11767 candidates; branch position 23, decisions 18, defined 23; template [0, 0, 0, 1, 0, 2, 4, 8, 0, 5, 15, 16, 25, 26, 9, 29, 0, 24, 29, 11, 12, 4, 30, None, None, None, None, None, None, None, None, None]
n=5: 57773.0s, 104723054592 attempts, 48024722649 affine nodes, 11767 candidates; branch position 23, decisions 18, defined 23; template [0, 0, 0, 1, 0, 2, 4, 8, 0, 5, 15, 16, 26, 9, 22, 14, 0, 14, 28, 22, 13, 27, 18, None, None, None, None, None, None, None, None, None]
n=5: 57793.0s, 104758673408 attempts, 48044433539 affine nodes, 11767 candidates; branch position 21, decisions 16, defined 21; template [0, 0, 0, 1, 0, 2, 4, 8, 0, 5, 15, 16, 26, 25, 23, 9, 0, 18, 29, 4, 1, None, None, None, None, None, None, None, None, None, None, None]
n=5: 57813.0s, 104794144768 attempts, 48063179307 affine nodes, 11767 candidates; branch position 22, decisions 17, defined 22; template [0, 0, 0, 1, 0, 2, 4, 8, 0, 5, 15, 16, 27, 9, 30, 23, 0, 23, 19, 13, 28, 10, None, None, None, None, None, None, None, None, None, None]
n=5: 57833.0s, 104829665280 attempts, 48081669793 affine nodes, 11767 candidates; branch position 21, decisions 16, defined 21; template [0, 0, 0, 1, 0, 2, 4, 8, 0, 5, 15, 16, 28, 17, 10, 19, 0, 20, 13, 5, 11, None, None, None, None, None, None, None, None, None, None, None]
n=5: 57853.0s, 104865202176 attempts, 48100538689 affine nodes, 11767 candidates; branch position 23, decisions 18, defined 23; template [0, 0, 0, 1, 0, 2, 4, 8, 0, 5, 15, 16, 29, 6, 19, 3, 0, 20, 6, 31, 26, 17, 11, None, None, None, None, None, None, None, None, None]
n=5: 57873.0s, 104900771840 attempts, 48119093575 affine nodes, 11767 candidates; branch position 22, decisions 17, defined 22; template [0, 0, 0, 1, 0, 2, 4, 8, 0, 5, 15, 16, 29, 23, 19, 9, 0, 25, 27, 31, 10, 9, None, None, None, None, None, None, None, None, None, None]
n=5: 57893.0s, 104936472576 attempts, 48137321153 affine nodes, 11767 candidates; branch position 24, decisions 19, defined 24; template [0, 0, 0, 1, 0, 2, 4, 8, 0, 5, 15, 16, 30, 6, 25, 26, 0, 20, 31, 2, 25, 12, 20, 7, None, None, None, None, None, None, None, None]
n=5: 57913.0s, 104972058624 attempts, 48155875288 affine nodes, 11767 candidates; branch position 22, decisions 17, defined 22; template [0, 0, 0, 1, 0, 2, 4, 8, 0, 5, 15, 16, 31, 6, 23, 11, 0, 19, 26, 4, 28, 22, None, None, None, None, None, None, None, None, None, None]
n=5: 57933.0s, 105007611904 attempts, 48174791092 affine nodes, 11767 candidates; branch position 21, decisions 16, defined 21; template [0, 0, 0, 1, 0, 2, 4, 8, 0, 5, 15, 16, 31, 25, 23, 11, 0, 23, 13, 7, 22, None, None, None, None, None, None, None, None, None, None, None]
n=5: 57953.0s, 105042542592 attempts, 48193505121 affine nodes, 11767 candidates; branch position 21, decisions 16, defined 21; template [0, 0, 0, 1, 0, 2, 4, 8, 0, 5, 16, 10, 12, 30, 27, 7, 0, 24, 14, 9, 31, None, None, None, None, None, None, None, None, None, None, None]
n=5: 57973.0s, 105077784576 attempts, 48211674208 affine nodes, 11767 candidates; branch position 21, decisions 16, defined 21; template [0, 0, 0, 1, 0, 2, 4, 8, 0, 5, 16, 10, 22, 21, 27, 19, 0, 24, 3, 7, 18, None, None, None, None, None, None, None, None, None, None, None]
n=5: 57993.0s, 105113059328 attempts, 48229430210 affine nodes, 11767 candidates; branch position 22, decisions 17, defined 22; template [0, 0, 0, 1, 0, 2, 4, 8, 0, 5, 16, 10, 23, 19, 30, 12, 0, 21, 6, 29, 12, 16, None, None, None, None, None, None, None, None, None, None]
n=5: 58013.0s, 105148579840 attempts, 48247842935 affine nodes, 11767 candidates; branch position 23, decisions 18, defined 23; template [0, 0, 0, 1, 0, 2, 4, 8, 0, 5, 16, 10, 23, 30, 27, 9, 0, 25, 11, 3, 6, 12, 31, None, None, None, None, None, None, None, None, None]
n=5: 58033.0s, 105184002048 attempts, 48266327671 affine nodes, 11767 candidates; branch position 23, decisions 18, defined 23; template [0, 0, 0, 1, 0, 2, 4, 8, 0, 5, 16, 10, 26, 25, 23, 11, 0, 31, 7, 12, 11, 13, 2, None, None, None, None, None, None, None, None, None]
n=5: 58053.0s, 105218932736 attempts, 48284796690 affine nodes, 11767 candidates; branch position 21, decisions 16, defined 21; template [0, 0, 0, 1, 0, 2, 4, 8, 0, 5, 16, 10, 29, 22, 6, 20, 0, 9, 11, 5, 24, None, None, None, None, None, None, None, None, None, None, None]
n=5: 58073.0s, 105251979264 attempts, 48302517364 affine nodes, 11767 candidates; branch position 22, decisions 17, defined 22; template [0, 0, 0, 1, 0, 2, 4, 8, 0, 5, 16, 10, 30, 19, 28, 15, 0, 29, 26, 4, 19, 6, None, None, None, None, None, None, None, None, None, None]
n=5: 58093.0s, 105285140480 attempts, 48319285531 affine nodes, 11767 candidates; branch position 22, decisions 17, defined 22; template [0, 0, 0, 1, 0, 2, 4, 8, 0, 5, 16, 11, 12, 25, 23, 3, 0, 6, 15, 30, 10, 3, None, None, None, None, None, None, None, None, None, None]
n=5: 58113.0s, 105319956480 attempts, 48338152280 affine nodes, 11767 candidates; branch position 21, decisions 16, defined 21; template [0, 0, 0, 1, 0, 2, 4, 8, 0, 5, 16, 11, 12, 31, 21, 29, 0, 22, 9, 3, 23, None, None, None, None, None, None, None, None, None, None, None]
n=5: 58133.0s, 105355673600 attempts, 48357121365 affine nodes, 11767 candidates; branch position 22, decisions 17, defined 22; template [0, 0, 0, 1, 0, 2, 4, 8, 0, 5, 16, 11, 18, 28, 30, 23, 0, 13, 31, 25, 19, 12, None, None, None, None, None, None, None, None, None, None]
n=5: 58153.0s, 105390702592 attempts, 48375740777 affine nodes, 11767 candidates; branch position 23, decisions 18, defined 23; template [0, 0, 0, 1, 0, 2, 4, 8, 0, 5, 16, 11, 22, 31, 21, 19, 0, 17, 6, 30, 7, 13, 14, None, None, None, None, None, None, None, None, None]
n=5: 58173.0s, 105426239488 attempts, 48395473122 affine nodes, 11767 candidates; branch position 22, decisions 17, defined 22; template [0, 0, 0, 1, 0, 2, 4, 8, 0, 5, 16, 11, 23, 26, 30, 14, 0, 25, 21, 10, 26, 15, None, None, None, None, None, None, None, None, None, None]
n=5: 58193.0s, 105461743616 attempts, 48415136429 affine nodes, 11767 candidates; branch position 22, decisions 17, defined 22; template [0, 0, 0, 1, 0, 2, 4, 8, 0, 5, 16, 11, 25, 13, 30, 26, 0, 10, 6, 17, 23, 6, None, None, None, None, None, None, None, None, None, None]
n=5: 58213.0s, 105496985600 attempts, 48434389830 affine nodes, 11767 candidates; branch position 22, decisions 17, defined 22; template [0, 0, 0, 1, 0, 2, 4, 8, 0, 5, 16, 11, 25, 23, 30, 3, 0, 9, 22, 17, 20, 3, None, None, None, None, None, None, None, None, None, None]
n=5: 58233.1s, 105532227584 attempts, 48452933394 affine nodes, 11768 candidates; branch position 23, decisions 18, defined 23; template [0, 0, 0, 1, 0, 2, 4, 8, 0, 5, 16, 11, 26, 13, 19, 30, 0, 24, 31, 2, 5, 15, 30, None, None, None, None, None, None, None, None, None]
n=5: 58253.1s, 105567594722 attempts, 48471736320 affine nodes, 11768 candidates; branch position 18, decisions 13, defined 19; template [0, 0, 0, 1, 0, 2, 4, 8, 0, 5, 16, 11, 26, 28, 22, 7, 0, 22, 18, None, None, None, None, None, None, None, None, None, None, None, None, None]
n=5: 58273.1s, 105603055616 attempts, 48491161727 affine nodes, 11768 candidates; branch position 22, decisions 17, defined 22; template [0, 0, 0, 1, 0, 2, 4, 8, 0, 5, 16, 11, 28, 22, 26, 7, 0, 30, 7, 4, 21, 9, None, None, None, None, None, None, None, None, None, None]
n=5: 58293.1s, 105638707200 attempts, 48510099853 affine nodes, 11768 candidates; branch position 22, decisions 17, defined 22; template [0, 0, 0, 1, 0, 2, 4, 8, 0, 5, 16, 11, 29, 22, 15, 7, 0, 6, 12, 15, 22, 31, None, None, None, None, None, None, None, None, None, None]
n=5: 58313.1s, 105674489856 attempts, 48529498681 affine nodes, 11768 candidates; branch position 22, decisions 17, defined 22; template [0, 0, 0, 1, 0, 2, 4, 8, 0, 5, 16, 11, 30, 19, 23, 28, 0, 25, 6, 12, 3, 31, None, None, None, None, None, None, None, None, None, None]
n=5: 58333.1s, 105710190592 attempts, 48547856134 affine nodes, 11768 candidates; branch position 21, decisions 16, defined 21; template [0, 0, 0, 1, 0, 2, 4, 8, 0, 5, 16, 11, 31, 13, 22, 28, 0, 25, 28, 17, 15, None, None, None, None, None, None, None, None, None, None, None]
n=5: 58353.1s, 105745809408 attempts, 48565997272 affine nodes, 11768 candidates; branch position 22, decisions 17, defined 22; template [0, 0, 0, 1, 0, 2, 4, 8, 0, 5, 16, 11, 31, 28, 22, 3, 0, 15, 24, 4, 17, 21, None, None, None, None, None, None, None, None, None, None]
n=5: 58373.1s, 105781313536 attempts, 48584478294 affine nodes, 11768 candidates; branch position 22, decisions 17, defined 22; template [0, 0, 0, 1, 0, 2, 4, 8, 0, 5, 16, 12, 15, 21, 22, 25, 0, 13, 28, 27, 14, 6, None, None, None, None, None, None, None, None, None, None]
n=5: 58393.1s, 105817030656 attempts, 48603268297 affine nodes, 11768 candidates; branch position 22, decisions 17, defined 22; template [0, 0, 0, 1, 0, 2, 4, 8, 0, 5, 16, 12, 15, 29, 30, 17, 0, 21, 31, 9, 30, 3, None, None, None, None, None, None, None, None, None, None]
n=5: 58413.1s, 105852567552 attempts, 48623609621 affine nodes, 11768 candidates; branch position 22, decisions 17, defined 22; template [0, 0, 0, 1, 0, 2, 4, 8, 0, 5, 16, 12, 22, 30, 21, 10, 0, 9, 6, 18, 21, 6, None, None, None, None, None, None, None, None, None, None]
n=5: 58433.1s, 105888055296 attempts, 48645361287 affine nodes, 11768 candidates; branch position 21, decisions 16, defined 21; template [0, 0, 0, 1, 0, 2, 4, 8, 0, 5, 16, 12, 27, 22, 29, 3, 0, 10, 14, 5, 16, None, None, None, None, None, None, None, None, None, None, None]
n=5: 58453.1s, 105923739648 attempts, 48666573371 affine nodes, 11768 candidates; branch position 22, decisions 17, defined 22; template [0, 0, 0, 1, 0, 2, 4, 8, 0, 5, 16, 14, 11, 29, 23, 19, 0, 26, 3, 12, 6, 22, None, None, None, None, None, None, None, None, None, None]
n=5: 58473.1s, 105959440384 attempts, 48685488466 affine nodes, 11768 candidates; branch position 20, decisions 15, defined 20; template [0, 0, 0, 1, 0, 2, 4, 8, 0, 5, 16, 14, 22, 31, 27, 29, 0, 25, 3, 28, None, None, None, None, None, None, None, None, None, None, None, None]
n=5: 58493.1s, 105995223040 attempts, 48704808745 affine nodes, 11768 candidates; branch position 22, decisions 17, defined 22; template [0, 0, 0, 1, 0, 2, 4, 8, 0, 5, 16, 14, 25, 22, 28, 27, 0, 10, 24, 22, 7, 23, None, None, None, None, None, None, None, None, None, None]
n=5: 58513.1s, 106030989312 attempts, 48722257627 affine nodes, 11768 candidates; branch position 21, decisions 16, defined 21; template [0, 0, 0, 1, 0, 2, 4, 8, 0, 5, 16, 14, 26, 25, 22, 30, 0, 21, 6, 26, 22, None, None, None, None, None, None, None, None, None, None, None]
n=5: 58533.1s, 106066722816 attempts, 48740522758 affine nodes, 11768 candidates; branch position 23, decisions 18, defined 23; template [0, 0, 0, 1, 0, 2, 4, 8, 0, 5, 16, 14, 28, 19, 31, 17, 0, 26, 25, 9, 7, 18, 21, None, None, None, None, None, None, None, None, None]
n=5: 58553.1s, 106102538240 attempts, 48758885619 affine nodes, 11768 candidates; branch position 21, decisions 16, defined 21; template [0, 0, 0, 1, 0, 2, 4, 8, 0, 5, 16, 14, 29, 23, 26, 20, 0, 18, 24, 28, 14, None, None, None, None, None, None, None, None, None, None, None]
n=5: 58573.1s, 106138238976 attempts, 48777546808 affine nodes, 11768 candidates; branch position 22, decisions 17, defined 22; template [0, 0, 0, 1, 0, 2, 4, 8, 0, 5, 16, 26, 11, 15, 19, 7, 0, 9, 27, 2, 17, 30, None, None, None, None, None, None, None, None, None, None]
n=5: 58593.1s, 106173906944 attempts, 48796941522 affine nodes, 11768 candidates; branch position 22, decisions 17, defined 22; template [0, 0, 0, 1, 0, 2, 4, 8, 0, 5, 16, 26, 14, 19, 28, 17, 0, 11, 19, 4, 28, 21, None, None, None, None, None, None, None, None, None, None]
n=5: 58613.1s, 106209640448 attempts, 48815623838 affine nodes, 11768 candidates; branch position 23, decisions 18, defined 23; template [0, 0, 0, 1, 0, 2, 4, 8, 0, 5, 16, 26, 14, 29, 22, 31, 0, 27, 3, 7, 1, 24, 28, None, None, None, None, None, None, None, None, None]
n=5: 58633.1s, 106245357568 attempts, 48834739721 affine nodes, 11768 candidates; branch position 22, decisions 17, defined 22; template [0, 0, 0, 1, 0, 2, 4, 8, 0, 5, 16, 26, 28, 15, 23, 3, 0, 22, 7, 14, 24, 9, None, None, None, None, None, None, None, None, None, None]
n=5: 58653.1s, 106281123840 attempts, 48854131201 affine nodes, 11768 candidates; branch position 21, decisions 16, defined 21; template [0, 0, 0, 1, 0, 2, 4, 8, 0, 5, 16, 27, 14, 23, 29, 26, 0, 31, 28, 17, 15, None, None, None, None, None, None, None, None, None, None, None]
n=5: 58673.1s, 106316742656 attempts, 48873204281 affine nodes, 11768 candidates; branch position 24, decisions 19, defined 24; template [0, 0, 0, 1, 0, 2, 4, 8, 0, 5, 16, 30, 11, 15, 19, 27, 0, 21, 22, 10, 1, 6, 16, 26, None, None, None, None, None, None, None, None]
n=5: 58693.1s, 106352427008 attempts, 48891453757 affine nodes, 11768 candidates; branch position 20, decisions 15, defined 20; template [0, 0, 0, 1, 0, 2, 4, 8, 0, 5, 16, 30, 25, 15, 23, 3, 0, 28, 21, 14, None, None, None, None, None, None, None, None, None, None, None, None]
n=5: 58713.1s, 106387701760 attempts, 48913510338 affine nodes, 11768 candidates; branch position 22, decisions 17, defined 22; template [0, 0, 0, 1, 0, 2, 4, 8, 0, 7, 11, 14, 16, 25, 22, 21, 0, 28, 13, 30, 17, 3, None, None, None, None, None, None, None, None, None, None]
n=5: 58733.2s, 106422222848 attempts, 48942936499 affine nodes, 11768 candidates; branch position 22, decisions 17, defined 22; template [0, 0, 0, 1, 0, 2, 4, 8, 0, 7, 11, 16, 19, 13, 22, 24, 0, 18, 31, 28, 21, 9, None, None, None, None, None, None, None, None, None, None]
n=5: 58753.2s, 106456760320 attempts, 48971506344 affine nodes, 11768 candidates; branch position 21, decisions 16, defined 21; template [0, 0, 0, 1, 0, 2, 4, 8, 0, 7, 11, 16, 22, 25, 26, 10, 0, 29, 25, 15, 15, None, None, None, None, None, None, None, None, None, None, None]
n=5: 58773.2s, 106491150336 attempts, 48999407758 affine nodes, 11768 candidates; branch position 22, decisions 17, defined 22; template [0, 0, 0, 1, 0, 2, 4, 8, 0, 7, 13, 16, 19, 26, 31, 6, 0, 22, 21, 17, 24, 30, None, None, None, None, None, None, None, None, None, None]
n=5: 11768 weak EA candidates; published 11768; search 58792.550s
