Auditing all 48 Boolean classes and the six starting functions
Level 1: 48 distinct classes cover all 2^26 affine cosets; six selected
Level 2 seed 1: 20 orbit extensions, 9 pass capacity (0.42s)
Level 2 seed 2: 111 orbit extensions, 99 pass capacity (0.45s)
Level 2 seed 3: 179 orbit extensions, 175 pass capacity (0.44s)
Level 2 seed 4: 197 orbit extensions, 184 pass capacity (0.44s)
Level 2 seed 5: 2073 orbit extensions, 2047 pass capacity (0.41s)
Level 2 seed 6: 1048 orbit extensions, 1023 pass capacity (0.45s)
Classifying 3537 level-2 maps
Level 2: 1782 CCZ classes
Level 3 parent 1/1782: 4069 candidates, 1149 capacity, 0 extendable (0.40s)
Level 3 parent 2/1782: 4060 candidates, 1348 capacity, 0 extendable (0.38s)
Level 3 parent 3/1782: 4128 candidates, 1316 capacity, 0 extendable (0.32s)
Level 3 parent 4/1782: 4542 candidates, 1044 capacity, 0 extendable (0.42s)
Level 3 parent 5/1782: 3714 candidates, 640 capacity, 0 extendable (0.25s)
Level 3 parent 6/1782: 4912 candidates, 868 capacity, 112 extendable (0.44s)
Level 3 parent 7/1782: 2607 candidates, 431 capacity, 0 extendable (0.23s)
Level 3 parent 8/1782: 2391 candidates, 421 capacity, 0 extendable (0.23s)
Level 3 parent 9/1782: 2483 candidates, 904 capacity, 0 extendable (0.27s)
Level 3 parent 10/1782: 2516 candidates, 466 capacity, 0 extendable (0.29s)
Level 3 parent 11/1782: 2337 candidates, 679 capacity, 0 extendable (0.29s)
Level 3 parent 12/1782: 2472 candidates, 416 capacity, 0 extendable (0.33s)
Level 3 parent 13/1782: 2509 candidates, 870 capacity, 0 extendable (0.33s)
Level 3 parent 14/1782: 643 candidates, 60 capacity, 0 extendable (0.22s)
Level 3 parent 15/1782: 2730 candidates, 685 capacity, 0 extendable (0.34s)
Level 3 parent 16/1782: 2422 candidates, 242 capacity, 0 extendable (0.22s)
Level 3 parent 17/1782: 2940 candidates, 804 capacity, 0 extendable (0.28s)
Level 3 parent 18/1782: 3686 candidates, 1758 capacity, 0 extendable (0.45s)
Level 3 parent 19/1782: 2399 candidates, 310 capacity, 0 extendable (0.21s)
Level 3 parent 20/1782: 2472 candidates, 1370 capacity, 0 extendable (0.47s)
Level 3 parent 21/1782: 2360 candidates, 428 capacity, 0 extendable (0.23s)
Level 3 parent 22/1782: 2435 candidates, 740 capacity, 0 extendable (0.30s)
Level 3 parent 23/1782: 2032 candidates, 352 capacity, 0 extendable (0.23s)
Level 3 parent 24/1782: 2600 candidates, 918 capacity, 0 extendable (0.27s)
Level 3 parent 25/1782: 2348 candidates, 537 capacity, 0 extendable (0.25s)
Level 3 parent 26/1782: 634 candidates, 236 capacity, 0 extendable (0.25s)
Level 3 parent 27/1782: 2535 candidates, 698 capacity, 0 extendable (0.28s)
Level 3 parent 28/1782: 2489 candidates, 928 capacity, 0 extendable (0.27s)
Level 3 parent 29/1782: 2352 candidates, 729 capacity, 0 extendable (0.27s)
Level 3 parent 30/1782: 670 candidates, 186 capacity, 0 extendable (0.22s)
Level 3 parent 31/1782: 2354 candidates, 282 capacity, 0 extendable (0.23s)
Level 3 parent 32/1782: 2423 candidates, 761 capacity, 0 extendable (0.26s)
Level 3 parent 33/1782: 2320 candidates, 692 capacity, 0 extendable (0.30s)
Level 3 parent 34/1782: 988 candidates, 192 capacity, 0 extendable (0.22s)
Level 3 parent 35/1782: 2677 candidates, 188 capacity, 0 extendable (0.22s)
Level 3 parent 36/1782: 686 candidates, 252 capacity, 0 extendable (0.23s)
Level 3 parent 37/1782: 2777 candidates, 1338 capacity, 0 extendable (0.41s)
Level 3 parent 38/1782: 2631 candidates, 823 capacity, 0 extendable (0.28s)
Level 3 parent 39/1782: 2263 candidates, 524 capacity, 0 extendable (0.24s)
Level 3 parent 40/1782: 2838 candidates, 720 capacity, 0 extendable (0.27s)
Level 3 parent 41/1782: 2597 candidates, 269 capacity, 0 extendable (0.25s)
Level 3 parent 42/1782: 2533 candidates, 882 capacity, 0 extendable (0.32s)
Level 3 parent 43/1782: 683 candidates, 146 capacity, 0 extendable (0.22s)
Level 3 parent 44/1782: 2290 candidates, 397 capacity, 0 extendable (0.30s)
Level 3 parent 45/1782: 707 candidates, 179 capacity, 0 extendable (0.25s)
Level 3 parent 46/1782: 2379 candidates, 397 capacity, 0 extendable (0.26s)
Level 3 parent 47/1782: 2612 candidates, 617 capacity, 0 extendable (0.34s)
Level 3 parent 48/1782: 2547 candidates, 220 capacity, 0 extendable (0.23s)
Level 3 parent 49/1782: 2064 candidates, 144 capacity, 0 extendable (0.22s)
Level 3 parent 50/1782: 2367 candidates, 754 capacity, 0 extendable (0.28s)
Level 3 parent 51/1782: 2455 candidates, 435 capacity, 0 extendable (0.27s)
Level 3 parent 52/1782: 2307 candidates, 208 capacity, 0 extendable (0.22s)
Level 3 parent 53/1782: 2256 candidates, 80 capacity, 0 extendable (0.23s)
Level 3 parent 54/1782: 2606 candidates, 358 capacity, 0 extendable (0.23s)
Level 3 parent 55/1782: 2150 candidates, 215 capacity, 0 extendable (0.23s)
Level 3 parent 56/1782: 1951 candidates, 106 capacity, 0 extendable (0.21s)
Level 3 parent 57/1782: 2690 candidates, 672 capacity, 0 extendable (0.25s)
Level 3 parent 58/1782: 615 candidates, 118 capacity, 0 extendable (0.23s)
Level 3 parent 59/1782: 2371 candidates, 448 capacity, 0 extendable (0.24s)
Level 3 parent 60/1782: 634 candidates, 247 capacity, 0 extendable (0.26s)
Level 3 parent 61/1782: 2664 candidates, 591 capacity, 0 extendable (0.33s)
Level 3 parent 62/1782: 2796 candidates, 592 capacity, 0 extendable (0.31s)
Level 3 parent 63/1782: 2460 candidates, 624 capacity, 0 extendable (0.29s)
Level 3 parent 64/1782: 618 candidates, 190 capacity, 0 extendable (0.26s)
Level 3 parent 65/1782: 2545 candidates, 484 capacity, 0 extendable (0.26s)
Level 3 parent 66/1782: 2262 candidates, 600 capacity, 0 extendable (0.31s)
Level 3 parent 67/1782: 2514 candidates, 475 capacity, 0 extendable (0.33s)
Level 3 parent 68/1782: 2504 candidates, 810 capacity, 0 extendable (0.29s)
Level 3 parent 69/1782: 3901 candidates, 436 capacity, 37 extendable (0.24s)
Level 3 parent 70/1782: 2669 candidates, 634 capacity, 0 extendable (0.27s)
Level 3 parent 71/1782: 2911 candidates, 796 capacity, 0 extendable (0.37s)
Level 3 parent 72/1782: 2601 candidates, 914 capacity, 0 extendable (0.27s)
Level 3 parent 73/1782: 2526 candidates, 202 capacity, 0 extendable (0.23s)
Level 3 parent 74/1782: 2364 candidates, 207 capacity, 0 extendable (0.23s)
Level 3 parent 75/1782: 2072 candidates, 210 capacity, 0 extendable (0.24s)
Level 3 parent 76/1782: 4158 candidates, 1358 capacity, 37 extendable (0.36s)
Level 3 parent 77/1782: 2348 candidates, 328 capacity, 0 extendable (0.24s)
Level 3 parent 78/1782: 2554 candidates, 464 capacity, 0 extendable (0.26s)
Level 3 parent 79/1782: 1900 candidates, 346 capacity, 0 extendable (0.22s)
Level 3 parent 80/1782: 2612 candidates, 138 capacity, 0 extendable (0.21s)
Level 3 parent 81/1782: 2892 candidates, 1086 capacity, 0 extendable (0.37s)
Level 3 parent 82/1782: 2588 candidates, 516 capacity, 0 extendable (0.23s)
Level 3 parent 83/1782: 3276 candidates, 816 capacity, 0 extendable (0.29s)
Level 3 parent 84/1782: 2842 candidates, 354 capacity, 0 extendable (0.24s)
Level 3 parent 85/1782: 4008 candidates, 1024 capacity, 74 extendable (0.31s)
Level 3 parent 86/1782: 3304 candidates, 200 capacity, 0 extendable (0.22s)
Level 3 parent 87/1782: 3616 candidates, 1994 capacity, 0 extendable (0.41s)
Level 3 parent 88/1782: 2952 candidates, 568 capacity, 0 extendable (0.27s)
Level 3 parent 89/1782: 3256 candidates, 1706 capacity, 0 extendable (0.31s)
Level 3 parent 90/1782: 3817 candidates, 1238 capacity, 0 extendable (0.25s)
Level 3 parent 91/1782: 2950 candidates, 290 capacity, 0 extendable (0.25s)
Level 3 parent 92/1782: 2544 candidates, 320 capacity, 0 extendable (0.27s)
Level 3 parent 93/1782: 4124 candidates, 240 capacity, 0 extendable (0.24s)
Level 3 parent 94/1782: 2378 candidates, 1484 capacity, 0 extendable (0.29s)
Level 3 parent 95/1782: 2452 candidates, 1216 capacity, 0 extendable (0.33s)
Level 3 parent 96/1782: 3162 candidates, 1142 capacity, 0 extendable (0.27s)
Level 3 parent 97/1782: 2588 candidates, 256 capacity, 0 extendable (0.21s)
Level 3 parent 98/1782: 6544 candidates, 1252 capacity, 0 extendable (0.29s)
Level 3 parent 99/1782: 3860 candidates, 296 capacity, 0 extendable (0.24s)
Level 3 parent 100/1782: 2644 candidates, 1031 capacity, 0 extendable (0.38s)
Level 3 parent 101/1782: 2433 candidates, 632 capacity, 0 extendable (0.25s)
Level 3 parent 102/1782: 2616 candidates, 1018 capacity, 0 extendable (0.30s)
Level 3 parent 103/1782: 2765 candidates, 1155 capacity, 0 extendable (0.38s)
Level 3 parent 104/1782: 2495 candidates, 901 capacity, 0 extendable (0.25s)
Level 3 parent 105/1782: 2498 candidates, 782 capacity, 0 extendable (0.25s)
Level 3 parent 106/1782: 2630 candidates, 1166 capacity, 0 extendable (0.34s)
Level 3 parent 107/1782: 598 candidates, 273 capacity, 0 extendable (0.22s)
Level 3 parent 108/1782: 2596 candidates, 1208 capacity, 0 extendable (0.32s)
Level 3 parent 109/1782: 2379 candidates, 713 capacity, 0 extendable (0.31s)
Level 3 parent 110/1782: 2321 candidates, 632 capacity, 0 extendable (0.28s)
Level 3 parent 111/1782: 2536 candidates, 1091 capacity, 0 extendable (0.30s)
Level 3 parent 112/1782: 2561 candidates, 911 capacity, 0 extendable (0.36s)
Level 3 parent 113/1782: 3168 candidates, 1476 capacity, 0 extendable (0.31s)
Level 3 parent 114/1782: 2765 candidates, 705 capacity, 0 extendable (0.25s)
Level 3 parent 115/1782: 2689 candidates, 863 capacity, 0 extendable (0.26s)
Level 3 parent 116/1782: 2464 candidates, 766 capacity, 0 extendable (0.29s)
Level 3 parent 117/1782: 715 candidates, 271 capacity, 0 extendable (0.23s)
Level 3 parent 118/1782: 2939 candidates, 1406 capacity, 0 extendable (0.29s)
Level 3 parent 119/1782: 2410 candidates, 740 capacity, 0 extendable (0.25s)
Level 3 parent 120/1782: 2696 candidates, 792 capacity, 0 extendable (0.25s)
Level 3 parent 121/1782: 2536 candidates, 998 capacity, 0 extendable (0.32s)
Level 3 parent 122/1782: 2693 candidates, 977 capacity, 0 extendable (0.30s)
Level 3 parent 123/1782: 2510 candidates, 786 capacity, 0 extendable (0.34s)
Level 3 parent 124/1782: 2198 candidates, 792 capacity, 0 extendable (0.24s)
Level 3 parent 125/1782: 2578 candidates, 865 capacity, 0 extendable (0.33s)
Level 3 parent 126/1782: 2686 candidates, 1117 capacity, 0 extendable (0.34s)
Level 3 parent 127/1782: 2755 candidates, 958 capacity, 0 extendable (0.27s)
Level 3 parent 128/1782: 2371 candidates, 851 capacity, 0 extendable (0.33s)
Level 3 parent 129/1782: 2441 candidates, 821 capacity, 0 extendable (0.34s)
Level 3 parent 130/1782: 2412 candidates, 616 capacity, 0 extendable (0.25s)
Level 3 parent 131/1782: 2720 candidates, 806 capacity, 0 extendable (0.33s)
Level 3 parent 132/1782: 2529 candidates, 818 capacity, 0 extendable (0.29s)
Level 3 parent 133/1782: 671 candidates, 335 capacity, 0 extendable (0.25s)
Level 3 parent 134/1782: 2570 candidates, 730 capacity, 7 extendable (0.27s)
Level 3 parent 135/1782: 2463 candidates, 446 capacity, 0 extendable (0.24s)
Level 3 parent 136/1782: 2730 candidates, 815 capacity, 0 extendable (0.28s)
Level 3 parent 137/1782: 2615 candidates, 904 capacity, 0 extendable (0.28s)
Level 3 parent 138/1782: 2425 candidates, 776 capacity, 0 extendable (0.28s)
Level 3 parent 139/1782: 772 candidates, 261 capacity, 0 extendable (0.24s)
Level 3 parent 140/1782: 2620 candidates, 596 capacity, 0 extendable (0.23s)
Level 3 parent 141/1782: 2395 candidates, 724 capacity, 0 extendable (0.28s)
Level 3 parent 142/1782: 2303 candidates, 585 capacity, 0 extendable (0.24s)
Level 3 parent 143/1782: 2503 candidates, 817 capacity, 14 extendable (0.30s)
Level 3 parent 144/1782: 2549 candidates, 604 capacity, 0 extendable (0.29s)
Level 3 parent 145/1782: 2332 candidates, 440 capacity, 0 extendable (0.26s)
Level 3 parent 146/1782: 2463 candidates, 368 capacity, 0 extendable (0.25s)
Level 3 parent 147/1782: 2980 candidates, 1094 capacity, 0 extendable (0.27s)
Level 3 parent 148/1782: 2276 candidates, 590 capacity, 0 extendable (0.23s)
Level 3 parent 149/1782: 2252 candidates, 772 capacity, 0 extendable (0.25s)
Level 3 parent 150/1782: 2473 candidates, 912 capacity, 0 extendable (0.25s)
Level 3 parent 151/1782: 2276 candidates, 670 capacity, 0 extendable (0.25s)
Level 3 parent 152/1782: 2544 candidates, 578 capacity, 0 extendable (0.25s)
Level 3 parent 153/1782: 2692 candidates, 838 capacity, 0 extendable (0.23s)
Level 3 parent 154/1782: 2271 candidates, 567 capacity, 0 extendable (0.26s)
Level 3 parent 155/1782: 2779 candidates, 884 capacity, 0 extendable (0.23s)
Level 3 parent 156/1782: 655 candidates, 328 capacity, 0 extendable (0.22s)
Level 3 parent 157/1782: 3140 candidates, 1476 capacity, 0 extendable (0.28s)
Level 3 parent 158/1782: 2646 candidates, 926 capacity, 0 extendable (0.26s)
Level 3 parent 159/1782: 2639 candidates, 938 capacity, 0 extendable (0.25s)
Level 3 parent 160/1782: 2844 candidates, 758 capacity, 0 extendable (0.28s)
Level 3 parent 161/1782: 2510 candidates, 1047 capacity, 0 extendable (0.32s)
Level 3 parent 162/1782: 2738 candidates, 788 capacity, 0 extendable (0.26s)
Level 3 parent 163/1782: 2282 candidates, 788 capacity, 0 extendable (0.25s)
Level 3 parent 164/1782: 676 candidates, 240 capacity, 0 extendable (0.23s)
Level 3 parent 165/1782: 2521 candidates, 623 capacity, 0 extendable (0.25s)
Level 3 parent 166/1782: 2548 candidates, 1053 capacity, 0 extendable (0.34s)
Level 3 parent 167/1782: 2609 candidates, 910 capacity, 0 extendable (0.27s)
Level 3 parent 168/1782: 2450 candidates, 747 capacity, 0 extendable (0.24s)
Level 3 parent 169/1782: 2307 candidates, 969 capacity, 0 extendable (0.36s)
Level 3 parent 170/1782: 2815 candidates, 944 capacity, 0 extendable (0.28s)
Level 3 parent 171/1782: 2464 candidates, 515 capacity, 0 extendable (0.31s)
Level 3 parent 172/1782: 2415 candidates, 797 capacity, 0 extendable (0.30s)
Level 3 parent 173/1782: 2406 candidates, 723 capacity, 0 extendable (0.23s)
Level 3 parent 174/1782: 2725 candidates, 1336 capacity, 0 extendable (0.33s)
Level 3 parent 175/1782: 2703 candidates, 673 capacity, 0 extendable (0.24s)
Level 3 parent 176/1782: 691 candidates, 202 capacity, 0 extendable (0.25s)
Level 3 parent 177/1782: 2245 candidates, 773 capacity, 0 extendable (0.27s)
Level 3 parent 178/1782: 2399 candidates, 468 capacity, 0 extendable (0.28s)
Level 3 parent 179/1782: 2431 candidates, 618 capacity, 0 extendable (0.24s)
Level 3 parent 180/1782: 641 candidates, 138 capacity, 0 extendable (0.22s)
Level 3 parent 181/1782: 2560 candidates, 563 capacity, 0 extendable (0.30s)
Level 3 parent 182/1782: 705 candidates, 347 capacity, 0 extendable (0.23s)
Level 3 parent 183/1782: 2969 candidates, 885 capacity, 0 extendable (0.27s)
Level 3 parent 184/1782: 2326 candidates, 774 capacity, 0 extendable (0.30s)
Level 3 parent 185/1782: 2597 candidates, 785 capacity, 0 extendable (0.32s)
Level 3 parent 186/1782: 641 candidates, 203 capacity, 0 extendable (0.25s)
Level 3 parent 187/1782: 2392 candidates, 833 capacity, 0 extendable (0.28s)
Level 3 parent 188/1782: 567 candidates, 189 capacity, 0 extendable (0.21s)
Level 3 parent 189/1782: 2456 candidates, 948 capacity, 0 extendable (0.32s)
Level 3 parent 190/1782: 2539 candidates, 958 capacity, 0 extendable (0.30s)
Level 3 parent 191/1782: 2107 candidates, 453 capacity, 0 extendable (0.25s)
Level 3 parent 192/1782: 2306 candidates, 638 capacity, 0 extendable (0.29s)
Level 3 parent 193/1782: 560 candidates, 236 capacity, 0 extendable (0.23s)
Level 3 parent 194/1782: 2203 candidates, 337 capacity, 0 extendable (0.25s)
Level 3 parent 195/1782: 2447 candidates, 506 capacity, 0 extendable (0.23s)
Level 3 parent 196/1782: 2624 candidates, 881 capacity, 0 extendable (0.29s)
Level 3 parent 197/1782: 2604 candidates, 462 capacity, 0 extendable (0.22s)
Level 3 parent 198/1782: 2605 candidates, 718 capacity, 0 extendable (0.30s)
Level 3 parent 199/1782: 2432 candidates, 684 capacity, 0 extendable (0.25s)
Level 3 parent 200/1782: 2657 candidates, 588 capacity, 0 extendable (0.27s)
Level 3 parent 201/1782: 2958 candidates, 1084 capacity, 0 extendable (0.28s)
Level 3 parent 202/1782: 2636 candidates, 696 capacity, 0 extendable (0.24s)
Level 3 parent 203/1782: 2315 candidates, 443 capacity, 0 extendable (0.22s)
Level 3 parent 204/1782: 2801 candidates, 649 capacity, 0 extendable (0.21s)
Level 3 parent 205/1782: 738 candidates, 261 capacity, 0 extendable (0.22s)
Level 3 parent 206/1782: 2316 candidates, 418 capacity, 0 extendable (0.26s)
Level 3 parent 207/1782: 2660 candidates, 368 capacity, 0 extendable (0.24s)
Level 3 parent 208/1782: 674 candidates, 285 capacity, 0 extendable (0.23s)
Level 3 parent 209/1782: 2516 candidates, 1170 capacity, 0 extendable (0.31s)
Level 3 parent 210/1782: 692 candidates, 233 capacity, 0 extendable (0.22s)
Level 3 parent 211/1782: 2214 candidates, 556 capacity, 0 extendable (0.27s)
Level 3 parent 212/1782: 2574 candidates, 720 capacity, 0 extendable (0.26s)
Level 3 parent 213/1782: 2775 candidates, 654 capacity, 0 extendable (0.29s)
Level 3 parent 214/1782: 2088 candidates, 572 capacity, 0 extendable (0.26s)
Level 3 parent 215/1782: 2056 candidates, 344 capacity, 0 extendable (0.26s)
Level 3 parent 216/1782: 648 candidates, 227 capacity, 0 extendable (0.25s)
Level 3 parent 217/1782: 2506 candidates, 684 capacity, 0 extendable (0.26s)
Level 3 parent 218/1782: 2622 candidates, 652 capacity, 0 extendable (0.25s)
Level 3 parent 219/1782: 755 candidates, 294 capacity, 0 extendable (0.23s)
Level 3 parent 220/1782: 2455 candidates, 445 capacity, 0 extendable (0.23s)
Level 3 parent 221/1782: 2387 candidates, 458 capacity, 0 extendable (0.25s)
Level 3 parent 222/1782: 648 candidates, 133 capacity, 0 extendable (0.23s)
Level 3 parent 223/1782: 2846 candidates, 696 capacity, 0 extendable (0.25s)
Level 3 parent 224/1782: 2750 candidates, 936 capacity, 0 extendable (0.26s)
Level 3 parent 225/1782: 2492 candidates, 562 capacity, 0 extendable (0.26s)
Level 3 parent 226/1782: 2339 candidates, 510 capacity, 0 extendable (0.23s)
Level 3 parent 227/1782: 542 candidates, 166 capacity, 0 extendable (0.22s)
Level 3 parent 228/1782: 2632 candidates, 490 capacity, 0 extendable (0.22s)
Level 3 parent 229/1782: 2387 candidates, 554 capacity, 0 extendable (0.23s)
Level 3 parent 230/1782: 2738 candidates, 676 capacity, 0 extendable (0.21s)
Level 3 parent 231/1782: 624 candidates, 248 capacity, 0 extendable (0.22s)
Level 3 parent 232/1782: 2212 candidates, 1136 capacity, 0 extendable (0.31s)
Level 3 parent 233/1782: 1922 candidates, 420 capacity, 0 extendable (0.23s)
Level 3 parent 234/1782: 2668 candidates, 534 capacity, 0 extendable (0.32s)
Level 3 parent 235/1782: 701 candidates, 120 capacity, 0 extendable (0.20s)
Level 3 parent 236/1782: 2279 candidates, 337 capacity, 0 extendable (0.23s)
Level 3 parent 237/1782: 2012 candidates, 516 capacity, 0 extendable (0.26s)
Level 3 parent 238/1782: 777 candidates, 169 capacity, 0 extendable (0.22s)
Level 3 parent 239/1782: 2813 candidates, 530 capacity, 0 extendable (0.22s)
Level 3 parent 240/1782: 2500 candidates, 484 capacity, 0 extendable (0.25s)
Level 3 parent 241/1782: 1954 candidates, 258 capacity, 0 extendable (0.22s)
Level 3 parent 242/1782: 651 candidates, 116 capacity, 0 extendable (0.21s)
Level 3 parent 243/1782: 2060 candidates, 768 capacity, 0 extendable (0.25s)
Level 3 parent 244/1782: 2187 candidates, 214 capacity, 0 extendable (0.22s)
Level 3 parent 245/1782: 2382 candidates, 222 capacity, 0 extendable (0.22s)
Level 3 parent 246/1782: 2608 candidates, 668 capacity, 0 extendable (0.26s)
Level 3 parent 247/1782: 2459 candidates, 464 capacity, 0 extendable (0.23s)
Level 3 parent 248/1782: 2248 candidates, 744 capacity, 0 extendable (0.27s)
Level 3 parent 249/1782: 2232 candidates, 472 capacity, 0 extendable (0.24s)
Level 3 parent 250/1782: 2580 candidates, 844 capacity, 0 extendable (0.33s)
Level 3 parent 251/1782: 1636 candidates, 144 capacity, 0 extendable (0.21s)
Level 3 parent 252/1782: 3340 candidates, 1800 capacity, 0 extendable (0.32s)
Level 3 parent 253/1782: 2532 candidates, 476 capacity, 0 extendable (0.26s)
Level 3 parent 254/1782: 1356 candidates, 144 capacity, 0 extendable (0.21s)
Level 3 parent 255/1782: 3100 candidates, 2140 capacity, 0 extendable (0.39s)
Level 3 parent 256/1782: 2124 candidates, 54 capacity, 0 extendable (0.20s)
Level 3 parent 257/1782: 2649 candidates, 1292 capacity, 0 extendable (0.37s)
Level 3 parent 258/1782: 2198 candidates, 678 capacity, 0 extendable (0.27s)
Level 3 parent 259/1782: 2441 candidates, 920 capacity, 0 extendable (0.36s)
Level 3 parent 260/1782: 2638 candidates, 1310 capacity, 0 extendable (0.33s)
Level 3 parent 261/1782: 2330 candidates, 883 capacity, 0 extendable (0.31s)
Level 3 parent 262/1782: 6401 candidates, 3467 capacity, 0 extendable (0.47s)
Level 3 parent 263/1782: 2554 candidates, 1400 capacity, 0 extendable (0.43s)
Level 3 parent 264/1782: 2602 candidates, 1231 capacity, 0 extendable (0.41s)
Level 3 parent 265/1782: 2460 candidates, 940 capacity, 0 extendable (0.34s)
Level 3 parent 266/1782: 2211 candidates, 545 capacity, 0 extendable (0.28s)
Level 3 parent 267/1782: 2176 candidates, 440 capacity, 0 extendable (0.24s)
Level 3 parent 268/1782: 2680 candidates, 432 capacity, 0 extendable (0.24s)
Level 3 parent 269/1782: 2279 candidates, 1133 capacity, 0 extendable (0.33s)
Level 3 parent 270/1782: 2132 candidates, 802 capacity, 0 extendable (0.34s)
Level 3 parent 271/1782: 2320 candidates, 971 capacity, 0 extendable (0.31s)
Level 3 parent 272/1782: 2346 candidates, 928 capacity, 0 extendable (0.27s)
Level 3 parent 273/1782: 2257 candidates, 524 capacity, 0 extendable (0.32s)
Level 3 parent 274/1782: 2322 candidates, 494 capacity, 0 extendable (0.29s)
Level 3 parent 275/1782: 2282 candidates, 939 capacity, 0 extendable (0.32s)
Level 3 parent 276/1782: 2273 candidates, 960 capacity, 0 extendable (0.36s)
Level 3 parent 277/1782: 6385 candidates, 2594 capacity, 0 extendable (0.52s)
Level 3 parent 278/1782: 2319 candidates, 839 capacity, 0 extendable (0.32s)
Level 3 parent 279/1782: 2169 candidates, 689 capacity, 0 extendable (0.24s)
Level 3 parent 280/1782: 5885 candidates, 2031 capacity, 0 extendable (0.37s)
Level 3 parent 281/1782: 2342 candidates, 468 capacity, 0 extendable (0.27s)
Level 3 parent 282/1782: 6342 candidates, 2365 capacity, 0 extendable (0.55s)
Level 3 parent 283/1782: 2386 candidates, 904 capacity, 0 extendable (0.36s)
Level 3 parent 284/1782: 2362 candidates, 443 capacity, 0 extendable (0.24s)
Level 3 parent 285/1782: 6215 candidates, 2017 capacity, 0 extendable (0.43s)
Level 3 parent 286/1782: 2115 candidates, 866 capacity, 0 extendable (0.36s)
Level 3 parent 287/1782: 2152 candidates, 729 capacity, 0 extendable (0.29s)
Level 3 parent 288/1782: 2523 candidates, 1230 capacity, 0 extendable (0.33s)
Level 3 parent 289/1782: 2352 candidates, 898 capacity, 0 extendable (0.30s)
Level 3 parent 290/1782: 2479 candidates, 938 capacity, 0 extendable (0.25s)
Level 3 parent 291/1782: 2575 candidates, 1079 capacity, 0 extendable (0.33s)
Level 3 parent 292/1782: 2451 candidates, 1195 capacity, 0 extendable (0.41s)
Level 3 parent 293/1782: 2438 candidates, 879 capacity, 0 extendable (0.30s)
Level 3 parent 294/1782: 2208 candidates, 1117 capacity, 0 extendable (0.34s)
Level 3 parent 295/1782: 6371 candidates, 3456 capacity, 0 extendable (0.58s)
Level 3 parent 296/1782: 2274 candidates, 983 capacity, 0 extendable (0.31s)
Level 3 parent 297/1782: 2444 candidates, 896 capacity, 0 extendable (0.35s)
Level 3 parent 298/1782: 2342 candidates, 980 capacity, 0 extendable (0.35s)
Level 3 parent 299/1782: 2319 candidates, 1072 capacity, 0 extendable (0.43s)
Level 3 parent 300/1782: 2130 candidates, 660 capacity, 0 extendable (0.27s)
Level 3 parent 301/1782: 2231 candidates, 674 capacity, 0 extendable (0.29s)
Level 3 parent 302/1782: 2338 candidates, 1288 capacity, 0 extendable (0.37s)
Level 3 parent 303/1782: 2374 candidates, 953 capacity, 0 extendable (0.33s)
Level 3 parent 304/1782: 2398 candidates, 1174 capacity, 0 extendable (0.38s)
Level 3 parent 305/1782: 2103 candidates, 804 capacity, 0 extendable (0.29s)
Level 3 parent 306/1782: 2273 candidates, 586 capacity, 0 extendable (0.30s)
Level 3 parent 307/1782: 2421 candidates, 1022 capacity, 0 extendable (0.29s)
Level 3 parent 308/1782: 2575 candidates, 1273 capacity, 0 extendable (0.34s)
Level 3 parent 309/1782: 2194 candidates, 911 capacity, 0 extendable (0.27s)
Level 3 parent 310/1782: 2413 candidates, 1244 capacity, 0 extendable (0.42s)
Level 3 parent 311/1782: 2285 candidates, 852 capacity, 0 extendable (0.29s)
Level 3 parent 312/1782: 2378 candidates, 794 capacity, 0 extendable (0.29s)
Level 3 parent 313/1782: 2220 candidates, 1194 capacity, 0 extendable (0.36s)
Level 3 parent 314/1782: 2374 candidates, 713 capacity, 0 extendable (0.31s)
Level 3 parent 315/1782: 6064 candidates, 2588 capacity, 0 extendable (0.47s)
Level 3 parent 316/1782: 2154 candidates, 813 capacity, 0 extendable (0.28s)
Level 3 parent 317/1782: 6137 candidates, 2310 capacity, 0 extendable (0.45s)
Level 3 parent 318/1782: 2471 candidates, 1006 capacity, 0 extendable (0.33s)
Level 3 parent 319/1782: 2531 candidates, 1049 capacity, 0 extendable (0.29s)
Level 3 parent 320/1782: 6416 candidates, 3451 capacity, 0 extendable (0.64s)
Level 3 parent 321/1782: 2544 candidates, 1312 capacity, 0 extendable (0.43s)
Level 3 parent 322/1782: 2417 candidates, 596 capacity, 0 extendable (0.29s)
Level 3 parent 323/1782: 2624 candidates, 1145 capacity, 0 extendable (0.39s)
Level 3 parent 324/1782: 2271 candidates, 835 capacity, 0 extendable (0.32s)
Level 3 parent 325/1782: 2396 candidates, 1035 capacity, 0 extendable (0.40s)
Level 3 parent 326/1782: 2478 candidates, 583 capacity, 0 extendable (0.24s)
Level 3 parent 327/1782: 2136 candidates, 536 capacity, 0 extendable (0.24s)
Level 3 parent 328/1782: 6081 candidates, 2045 capacity, 0 extendable (0.48s)
Level 3 parent 329/1782: 5989 candidates, 1282 capacity, 0 extendable (0.36s)
Level 3 parent 330/1782: 1990 candidates, 808 capacity, 0 extendable (0.25s)
Level 3 parent 331/1782: 2034 candidates, 524 capacity, 0 extendable (0.28s)
Level 3 parent 332/1782: 6476 candidates, 2280 capacity, 0 extendable (0.58s)
Level 3 parent 333/1782: 2516 candidates, 831 capacity, 0 extendable (0.29s)
Level 3 parent 334/1782: 2143 candidates, 416 capacity, 0 extendable (0.28s)
Level 3 parent 335/1782: 2568 candidates, 1198 capacity, 0 extendable (0.48s)
Level 3 parent 336/1782: 2137 candidates, 807 capacity, 0 extendable (0.31s)
Level 3 parent 337/1782: 6400 candidates, 3056 capacity, 0 extendable (0.51s)
Level 3 parent 338/1782: 2489 candidates, 1052 capacity, 0 extendable (0.33s)
Level 3 parent 339/1782: 2264 candidates, 1290 capacity, 0 extendable (0.46s)
Level 3 parent 340/1782: 6248 candidates, 3574 capacity, 0 extendable (1.03s)
Level 3 parent 341/1782: 6382 candidates, 2609 capacity, 0 extendable (0.60s)
Level 3 parent 342/1782: 2528 candidates, 1149 capacity, 0 extendable (0.33s)
Level 3 parent 343/1782: 2131 candidates, 841 capacity, 0 extendable (0.31s)
Level 3 parent 344/1782: 2337 candidates, 1131 capacity, 0 extendable (0.34s)
Level 3 parent 345/1782: 2380 candidates, 1244 capacity, 0 extendable (0.39s)
Level 3 parent 346/1782: 2214 candidates, 915 capacity, 0 extendable (0.34s)
Level 3 parent 347/1782: 2423 candidates, 1090 capacity, 0 extendable (0.46s)
Level 3 parent 348/1782: 2424 candidates, 677 capacity, 0 extendable (0.29s)
Level 3 parent 349/1782: 2231 candidates, 989 capacity, 0 extendable (0.38s)
Level 3 parent 350/1782: 2313 candidates, 1008 capacity, 0 extendable (0.35s)
Level 3 parent 351/1782: 5972 candidates, 2505 capacity, 0 extendable (0.67s)
Level 3 parent 352/1782: 6309 candidates, 2517 capacity, 0 extendable (0.49s)
Level 3 parent 353/1782: 2264 candidates, 934 capacity, 0 extendable (0.34s)
Level 3 parent 354/1782: 2132 candidates, 1058 capacity, 0 extendable (0.34s)
Level 3 parent 355/1782: 2131 candidates, 358 capacity, 0 extendable (0.27s)
Level 3 parent 356/1782: 2421 candidates, 987 capacity, 0 extendable (0.35s)
Level 3 parent 357/1782: 2644 candidates, 1105 capacity, 0 extendable (0.33s)
Level 3 parent 358/1782: 2411 candidates, 1201 capacity, 0 extendable (0.38s)
Level 3 parent 359/1782: 2427 candidates, 629 capacity, 0 extendable (0.25s)
Level 3 parent 360/1782: 6313 candidates, 1782 capacity, 0 extendable (0.43s)
Level 3 parent 361/1782: 2206 candidates, 770 capacity, 0 extendable (0.31s)
Level 3 parent 362/1782: 6258 candidates, 1848 capacity, 0 extendable (0.47s)
Level 3 parent 363/1782: 2500 candidates, 819 capacity, 0 extendable (0.31s)
Level 3 parent 364/1782: 2766 candidates, 1232 capacity, 0 extendable (0.31s)
Level 3 parent 365/1782: 2310 candidates, 616 capacity, 0 extendable (0.26s)
Level 3 parent 366/1782: 2232 candidates, 1041 capacity, 0 extendable (0.30s)
Level 3 parent 367/1782: 6130 candidates, 2524 capacity, 0 extendable (0.46s)
Level 3 parent 368/1782: 2276 candidates, 1308 capacity, 0 extendable (0.40s)
Level 3 parent 369/1782: 2098 candidates, 458 capacity, 0 extendable (0.23s)
Level 3 parent 370/1782: 1910 candidates, 240 capacity, 0 extendable (0.21s)
Level 3 parent 371/1782: 5700 candidates, 606 capacity, 0 extendable (0.24s)
Level 3 parent 372/1782: 6324 candidates, 3184 capacity, 0 extendable (0.77s)
Level 3 parent 373/1782: 2410 candidates, 586 capacity, 0 extendable (0.26s)
Level 3 parent 374/1782: 2304 candidates, 732 capacity, 0 extendable (0.30s)
Level 3 parent 375/1782: 2338 candidates, 868 capacity, 0 extendable (0.34s)
Level 3 parent 376/1782: 6167 candidates, 2278 capacity, 0 extendable (0.58s)
Level 3 parent 377/1782: 2329 candidates, 609 capacity, 0 extendable (0.28s)
Level 3 parent 378/1782: 2195 candidates, 487 capacity, 0 extendable (0.25s)
Level 3 parent 379/1782: 2128 candidates, 1520 capacity, 0 extendable (0.56s)
Level 3 parent 380/1782: 5892 candidates, 3320 capacity, 0 extendable (0.51s)
Level 3 parent 381/1782: 6079 candidates, 1653 capacity, 0 extendable (0.45s)
Level 3 parent 382/1782: 5913 candidates, 2249 capacity, 0 extendable (0.39s)
Level 3 parent 383/1782: 2266 candidates, 695 capacity, 0 extendable (0.34s)
Level 3 parent 384/1782: 1200 candidates, 336 capacity, 0 extendable (0.23s)
Level 3 parent 385/1782: 5876 candidates, 1796 capacity, 0 extendable (0.32s)
Level 3 parent 386/1782: 2184 candidates, 1112 capacity, 0 extendable (0.39s)
Level 3 parent 387/1782: 5858 candidates, 3528 capacity, 0 extendable (0.92s)
Level 3 parent 388/1782: 6025 candidates, 2405 capacity, 0 extendable (0.40s)
Level 3 parent 389/1782: 2206 candidates, 672 capacity, 0 extendable (0.27s)
Level 3 parent 390/1782: 2392 candidates, 946 capacity, 0 extendable (0.30s)
Level 3 parent 391/1782: 1872 candidates, 120 capacity, 0 extendable (0.21s)
Level 3 parent 392/1782: 6820 candidates, 3820 capacity, 0 extendable (0.71s)
Level 3 parent 393/1782: 5888 candidates, 2496 capacity, 0 extendable (0.69s)
Level 3 parent 394/1782: 8132 candidates, 5064 capacity, 0 extendable (1.19s)
Level 3 parent 395/1782: 2331 candidates, 420 capacity, 0 extendable (0.26s)
Level 3 parent 396/1782: 2518 candidates, 653 capacity, 0 extendable (0.32s)
Level 3 parent 397/1782: 2605 candidates, 767 capacity, 0 extendable (0.34s)
Level 3 parent 398/1782: 2780 candidates, 1289 capacity, 0 extendable (0.44s)
Level 3 parent 399/1782: 2645 candidates, 938 capacity, 0 extendable (0.33s)
Level 3 parent 400/1782: 2254 candidates, 865 capacity, 0 extendable (0.33s)
Level 3 parent 401/1782: 2178 candidates, 558 capacity, 0 extendable (0.31s)
Level 3 parent 402/1782: 2486 candidates, 660 capacity, 0 extendable (0.26s)
Level 3 parent 403/1782: 2218 candidates, 452 capacity, 0 extendable (0.25s)
Level 3 parent 404/1782: 2470 candidates, 932 capacity, 0 extendable (0.37s)
Level 3 parent 405/1782: 2288 candidates, 650 capacity, 0 extendable (0.26s)
Level 3 parent 406/1782: 2127 candidates, 351 capacity, 0 extendable (0.23s)
Level 3 parent 407/1782: 2561 candidates, 751 capacity, 0 extendable (0.31s)
Level 3 parent 408/1782: 2513 candidates, 1005 capacity, 0 extendable (0.33s)
Level 3 parent 409/1782: 2643 candidates, 1071 capacity, 0 extendable (0.49s)
Level 3 parent 410/1782: 2469 candidates, 787 capacity, 0 extendable (0.36s)
Level 3 parent 411/1782: 2270 candidates, 489 capacity, 0 extendable (0.25s)
Level 3 parent 412/1782: 2578 candidates, 1024 capacity, 0 extendable (0.33s)
Level 3 parent 413/1782: 601 candidates, 280 capacity, 0 extendable (0.25s)
Level 3 parent 414/1782: 2341 candidates, 686 capacity, 0 extendable (0.33s)
Level 3 parent 415/1782: 573 candidates, 195 capacity, 0 extendable (0.29s)
Level 3 parent 416/1782: 2418 candidates, 671 capacity, 0 extendable (0.28s)
Level 3 parent 417/1782: 2494 candidates, 573 capacity, 0 extendable (0.29s)
Level 3 parent 418/1782: 2481 candidates, 519 capacity, 0 extendable (0.34s)
Level 3 parent 419/1782: 2483 candidates, 991 capacity, 0 extendable (0.39s)
Level 3 parent 420/1782: 2620 candidates, 703 capacity, 0 extendable (0.33s)
Level 3 parent 421/1782: 2544 candidates, 778 capacity, 0 extendable (0.41s)
Level 3 parent 422/1782: 2416 candidates, 565 capacity, 0 extendable (0.32s)
Level 3 parent 423/1782: 2527 candidates, 839 capacity, 0 extendable (0.31s)
Level 3 parent 424/1782: 2305 candidates, 790 capacity, 0 extendable (0.36s)
Level 3 parent 425/1782: 2518 candidates, 1188 capacity, 0 extendable (1.05s)
Level 3 parent 426/1782: 2400 candidates, 753 capacity, 0 extendable (0.69s)
Level 3 parent 427/1782: 614 candidates, 314 capacity, 0 extendable (0.28s)
Level 3 parent 428/1782: 610 candidates, 287 capacity, 0 extendable (0.24s)
Level 3 parent 429/1782: 2593 candidates, 711 capacity, 0 extendable (0.25s)
Level 3 parent 430/1782: 2320 candidates, 440 capacity, 0 extendable (0.28s)
Level 3 parent 431/1782: 2359 candidates, 631 capacity, 0 extendable (0.34s)
Level 3 parent 432/1782: 2610 candidates, 830 capacity, 0 extendable (0.51s)
Level 3 parent 433/1782: 672 candidates, 289 capacity, 0 extendable (0.30s)
Level 3 parent 434/1782: 2365 candidates, 737 capacity, 0 extendable (0.34s)
Level 3 parent 435/1782: 2544 candidates, 834 capacity, 0 extendable (0.36s)
Level 3 parent 436/1782: 2389 candidates, 926 capacity, 0 extendable (0.33s)
Level 3 parent 437/1782: 2532 candidates, 810 capacity, 0 extendable (0.24s)
Level 3 parent 438/1782: 2250 candidates, 363 capacity, 0 extendable (0.29s)
Level 3 parent 439/1782: 2387 candidates, 622 capacity, 0 extendable (0.29s)
Level 3 parent 440/1782: 2478 candidates, 678 capacity, 0 extendable (0.26s)
Level 3 parent 441/1782: 620 candidates, 294 capacity, 0 extendable (0.23s)
Level 3 parent 442/1782: 2425 candidates, 762 capacity, 0 extendable (0.32s)
Level 3 parent 443/1782: 2661 candidates, 791 capacity, 0 extendable (0.58s)
Level 3 parent 444/1782: 2313 candidates, 434 capacity, 0 extendable (0.95s)
Level 3 parent 445/1782: 2602 candidates, 1182 capacity, 0 extendable (1.01s)
Level 3 parent 446/1782: 2824 candidates, 973 capacity, 0 extendable (1.00s)
Level 3 parent 447/1782: 626 candidates, 271 capacity, 0 extendable (0.71s)
Level 3 parent 448/1782: 2312 candidates, 495 capacity, 0 extendable (0.77s)
Level 3 parent 449/1782: 2388 candidates, 764 capacity, 0 extendable (1.61s)
Level 3 parent 450/1782: 671 candidates, 358 capacity, 0 extendable (0.87s)
Level 3 parent 451/1782: 2219 candidates, 355 capacity, 0 extendable (0.65s)
Level 3 parent 452/1782: 2100 candidates, 584 capacity, 0 extendable (0.71s)
Level 3 parent 453/1782: 2315 candidates, 660 capacity, 0 extendable (0.85s)
Level 3 parent 454/1782: 2505 candidates, 545 capacity, 0 extendable (0.31s)
Level 3 parent 455/1782: 2329 candidates, 274 capacity, 0 extendable (0.25s)
Level 3 parent 456/1782: 2416 candidates, 346 capacity, 0 extendable (0.26s)
Level 3 parent 457/1782: 2756 candidates, 1015 capacity, 0 extendable (0.33s)
Level 3 parent 458/1782: 2652 candidates, 879 capacity, 0 extendable (0.43s)
Level 3 parent 459/1782: 2602 candidates, 933 capacity, 0 extendable (0.47s)
Level 3 parent 460/1782: 2481 candidates, 1037 capacity, 0 extendable (0.49s)
Level 3 parent 461/1782: 2373 candidates, 729 capacity, 0 extendable (0.28s)
Level 3 parent 462/1782: 2440 candidates, 724 capacity, 0 extendable (0.25s)
Level 3 parent 463/1782: 2466 candidates, 1147 capacity, 0 extendable (0.36s)
Level 3 parent 464/1782: 2037 candidates, 582 capacity, 0 extendable (0.29s)
Level 3 parent 465/1782: 2519 candidates, 755 capacity, 0 extendable (0.31s)
Level 3 parent 466/1782: 2659 candidates, 722 capacity, 0 extendable (0.27s)
Level 3 parent 467/1782: 621 candidates, 288 capacity, 0 extendable (0.26s)
Level 3 parent 468/1782: 2405 candidates, 602 capacity, 0 extendable (0.26s)
Level 3 parent 469/1782: 654 candidates, 275 capacity, 0 extendable (0.29s)
Level 3 parent 470/1782: 2532 candidates, 699 capacity, 0 extendable (1.12s)
Level 3 parent 471/1782: 635 candidates, 224 capacity, 0 extendable (0.57s)
Level 3 parent 472/1782: 2536 candidates, 758 capacity, 0 extendable (0.49s)
Level 3 parent 473/1782: 2215 candidates, 410 capacity, 0 extendable (0.25s)
Level 3 parent 474/1782: 603 candidates, 186 capacity, 0 extendable (0.27s)
Level 3 parent 475/1782: 596 candidates, 229 capacity, 0 extendable (0.29s)
Level 3 parent 476/1782: 2441 candidates, 630 capacity, 0 extendable (0.32s)
Level 3 parent 477/1782: 2298 candidates, 569 capacity, 0 extendable (0.33s)
Level 3 parent 478/1782: 2527 candidates, 696 capacity, 0 extendable (0.54s)
Level 3 parent 479/1782: 2442 candidates, 572 capacity, 0 extendable (0.31s)
Level 3 parent 480/1782: 2755 candidates, 856 capacity, 0 extendable (0.41s)
Level 3 parent 481/1782: 2568 candidates, 612 capacity, 0 extendable (0.30s)
Level 3 parent 482/1782: 2488 candidates, 867 capacity, 0 extendable (0.34s)
Level 3 parent 483/1782: 2383 candidates, 433 capacity, 0 extendable (0.27s)
Level 3 parent 484/1782: 2526 candidates, 795 capacity, 0 extendable (0.31s)
Level 3 parent 485/1782: 692 candidates, 260 capacity, 0 extendable (0.22s)
Level 3 parent 486/1782: 2581 candidates, 573 capacity, 0 extendable (0.27s)
Level 3 parent 487/1782: 2388 candidates, 707 capacity, 0 extendable (0.27s)
Level 3 parent 488/1782: 2285 candidates, 843 capacity, 0 extendable (0.56s)
Level 3 parent 489/1782: 2478 candidates, 919 capacity, 0 extendable (0.86s)
Level 3 parent 490/1782: 653 candidates, 275 capacity, 0 extendable (0.57s)
Level 3 parent 491/1782: 2535 candidates, 705 capacity, 0 extendable (1.23s)
Level 3 parent 492/1782: 2633 candidates, 1025 capacity, 0 extendable (0.92s)
Level 3 parent 493/1782: 641 candidates, 277 capacity, 0 extendable (0.61s)
Level 3 parent 494/1782: 2450 candidates, 748 capacity, 0 extendable (0.79s)
Level 3 parent 495/1782: 674 candidates, 352 capacity, 0 extendable (0.56s)
Level 3 parent 496/1782: 2405 candidates, 488 capacity, 0 extendable (0.67s)
Level 3 parent 497/1782: 2271 candidates, 345 capacity, 0 extendable (0.55s)
Level 3 parent 498/1782: 2233 candidates, 680 capacity, 0 extendable (0.74s)
Level 3 parent 499/1782: 2480 candidates, 1111 capacity, 0 extendable (0.73s)
Level 3 parent 500/1782: 2502 candidates, 1013 capacity, 0 extendable (0.83s)
Level 3 parent 501/1782: 2719 candidates, 707 capacity, 0 extendable (0.67s)
Level 3 parent 502/1782: 2257 candidates, 591 capacity, 0 extendable (0.74s)
Level 3 parent 503/1782: 605 candidates, 282 capacity, 0 extendable (0.56s)
Level 3 parent 504/1782: 2320 candidates, 716 capacity, 0 extendable (0.65s)
Level 3 parent 505/1782: 2335 candidates, 576 capacity, 0 extendable (0.70s)
Level 3 parent 506/1782: 2340 candidates, 435 capacity, 0 extendable (0.57s)
Level 3 parent 507/1782: 2439 candidates, 812 capacity, 0 extendable (0.65s)
Level 3 parent 508/1782: 681 candidates, 291 capacity, 0 extendable (0.58s)
Level 3 parent 509/1782: 2439 candidates, 869 capacity, 0 extendable (0.80s)
Level 3 parent 510/1782: 2555 candidates, 1029 capacity, 0 extendable (0.94s)
Level 3 parent 511/1782: 2357 candidates, 904 capacity, 0 extendable (0.78s)
Level 3 parent 512/1782: 2393 candidates, 799 capacity, 0 extendable (0.71s)
Level 3 parent 513/1782: 2550 candidates, 934 capacity, 0 extendable (0.80s)
Level 3 parent 514/1782: 2469 candidates, 557 capacity, 0 extendable (0.66s)
Level 3 parent 515/1782: 2640 candidates, 765 capacity, 0 extendable (0.68s)
Level 3 parent 516/1782: 2334 candidates, 372 capacity, 0 extendable (0.60s)
Level 3 parent 517/1782: 2564 candidates, 547 capacity, 0 extendable (0.81s)
Level 3 parent 518/1782: 2390 candidates, 768 capacity, 0 extendable (0.69s)
Level 3 parent 519/1782: 2530 candidates, 784 capacity, 0 extendable (0.61s)
Level 3 parent 520/1782: 2581 candidates, 590 capacity, 0 extendable (0.58s)
Level 3 parent 521/1782: 2530 candidates, 889 capacity, 0 extendable (0.79s)
Level 3 parent 522/1782: 2432 candidates, 916 capacity, 0 extendable (0.79s)
Level 3 parent 523/1782: 2196 candidates, 582 capacity, 0 extendable (0.63s)
Level 3 parent 524/1782: 2392 candidates, 711 capacity, 0 extendable (0.72s)
Level 3 parent 525/1782: 2526 candidates, 1057 capacity, 0 extendable (0.67s)
Level 3 parent 526/1782: 2373 candidates, 424 capacity, 0 extendable (0.39s)
Level 3 parent 527/1782: 2485 candidates, 717 capacity, 0 extendable (0.35s)
Level 3 parent 528/1782: 2429 candidates, 843 capacity, 0 extendable (0.29s)
Level 3 parent 529/1782: 2392 candidates, 441 capacity, 0 extendable (0.25s)
Level 3 parent 530/1782: 2243 candidates, 582 capacity, 0 extendable (0.24s)
Level 3 parent 531/1782: 2424 candidates, 741 capacity, 0 extendable (0.55s)
Level 3 parent 532/1782: 2515 candidates, 858 capacity, 0 extendable (0.32s)
Level 3 parent 533/1782: 2675 candidates, 1076 capacity, 0 extendable (0.27s)
Level 3 parent 534/1782: 2484 candidates, 835 capacity, 0 extendable (0.25s)
Level 3 parent 535/1782: 2407 candidates, 718 capacity, 0 extendable (0.25s)
Level 3 parent 536/1782: 2245 candidates, 814 capacity, 0 extendable (0.25s)
Level 3 parent 537/1782: 578 candidates, 324 capacity, 0 extendable (0.23s)
Level 3 parent 538/1782: 2592 candidates, 885 capacity, 0 extendable (0.29s)
Level 3 parent 539/1782: 2418 candidates, 929 capacity, 0 extendable (0.28s)
Level 3 parent 540/1782: 2252 candidates, 623 capacity, 0 extendable (0.25s)
Level 3 parent 541/1782: 595 candidates, 276 capacity, 0 extendable (0.29s)
Level 3 parent 542/1782: 2315 candidates, 636 capacity, 0 extendable (0.26s)
Level 3 parent 543/1782: 2748 candidates, 566 capacity, 0 extendable (0.24s)
Level 3 parent 544/1782: 2453 candidates, 808 capacity, 0 extendable (0.25s)
Level 3 parent 545/1782: 2273 candidates, 565 capacity, 0 extendable (0.34s)
Level 3 parent 546/1782: 2699 candidates, 816 capacity, 0 extendable (0.29s)
Level 3 parent 547/1782: 2163 candidates, 608 capacity, 0 extendable (0.30s)
Level 3 parent 548/1782: 2818 candidates, 883 capacity, 0 extendable (0.32s)
Level 3 parent 549/1782: 2413 candidates, 584 capacity, 0 extendable (0.32s)
Level 3 parent 550/1782: 2428 candidates, 794 capacity, 0 extendable (0.32s)
Level 3 parent 551/1782: 2447 candidates, 1033 capacity, 0 extendable (0.36s)
Level 3 parent 552/1782: 2392 candidates, 569 capacity, 0 extendable (0.29s)
Level 3 parent 553/1782: 2513 candidates, 756 capacity, 0 extendable (0.28s)
Level 3 parent 554/1782: 586 candidates, 157 capacity, 0 extendable (0.22s)
Level 3 parent 555/1782: 2321 candidates, 562 capacity, 0 extendable (0.32s)
Level 3 parent 556/1782: 2498 candidates, 978 capacity, 0 extendable (0.49s)
Level 3 parent 557/1782: 2339 candidates, 674 capacity, 0 extendable (0.34s)
Level 3 parent 558/1782: 2295 candidates, 577 capacity, 0 extendable (0.26s)
Level 3 parent 559/1782: 2270 candidates, 765 capacity, 0 extendable (0.24s)
Level 3 parent 560/1782: 600 candidates, 318 capacity, 0 extendable (0.26s)
Level 3 parent 561/1782: 2562 candidates, 1115 capacity, 0 extendable (0.43s)
Level 3 parent 562/1782: 2396 candidates, 538 capacity, 0 extendable (0.27s)
Level 3 parent 563/1782: 2252 candidates, 580 capacity, 0 extendable (0.30s)
Level 3 parent 564/1782: 2358 candidates, 851 capacity, 0 extendable (0.30s)
Level 3 parent 565/1782: 2216 candidates, 690 capacity, 0 extendable (0.27s)
Level 3 parent 566/1782: 2512 candidates, 982 capacity, 0 extendable (0.41s)
Level 3 parent 567/1782: 2422 candidates, 706 capacity, 0 extendable (0.32s)
Level 3 parent 568/1782: 2707 candidates, 1167 capacity, 0 extendable (0.49s)
Level 3 parent 569/1782: 685 candidates, 335 capacity, 0 extendable (0.25s)
Level 3 parent 570/1782: 2514 candidates, 948 capacity, 0 extendable (0.25s)
Level 3 parent 571/1782: 2547 candidates, 804 capacity, 0 extendable (0.30s)
Level 3 parent 572/1782: 2468 candidates, 1069 capacity, 0 extendable (0.44s)
Level 3 parent 573/1782: 2633 candidates, 758 capacity, 0 extendable (0.30s)
Level 3 parent 574/1782: 600 candidates, 277 capacity, 0 extendable (0.24s)
Level 3 parent 575/1782: 2450 candidates, 772 capacity, 0 extendable (0.28s)
Level 3 parent 576/1782: 2577 candidates, 579 capacity, 0 extendable (0.25s)
Level 3 parent 577/1782: 2580 candidates, 899 capacity, 0 extendable (0.29s)
Level 3 parent 578/1782: 2404 candidates, 638 capacity, 0 extendable (0.26s)
Level 3 parent 579/1782: 2182 candidates, 526 capacity, 0 extendable (0.24s)
Level 3 parent 580/1782: 570 candidates, 183 capacity, 0 extendable (0.21s)
Level 3 parent 581/1782: 2234 candidates, 429 capacity, 0 extendable (0.26s)
Level 3 parent 582/1782: 2531 candidates, 731 capacity, 0 extendable (0.23s)
Level 3 parent 583/1782: 2321 candidates, 295 capacity, 0 extendable (0.26s)
Level 3 parent 584/1782: 2306 candidates, 716 capacity, 0 extendable (0.25s)
Level 3 parent 585/1782: 543 candidates, 261 capacity, 0 extendable (0.23s)
Level 3 parent 586/1782: 653 candidates, 355 capacity, 0 extendable (0.26s)
Level 3 parent 587/1782: 2470 candidates, 564 capacity, 0 extendable (0.30s)
Level 3 parent 588/1782: 2455 candidates, 1003 capacity, 0 extendable (0.35s)
Level 3 parent 589/1782: 2558 candidates, 1128 capacity, 0 extendable (0.34s)
Level 3 parent 590/1782: 2539 candidates, 1100 capacity, 0 extendable (0.32s)
Level 3 parent 591/1782: 690 candidates, 291 capacity, 0 extendable (0.24s)
Level 3 parent 592/1782: 2653 candidates, 809 capacity, 0 extendable (0.33s)
Level 3 parent 593/1782: 2248 candidates, 410 capacity, 0 extendable (0.21s)
Level 3 parent 594/1782: 2710 candidates, 864 capacity, 0 extendable (0.37s)
Level 3 parent 595/1782: 2607 candidates, 928 capacity, 0 extendable (0.31s)
Level 3 parent 596/1782: 2517 candidates, 772 capacity, 0 extendable (0.27s)
Level 3 parent 597/1782: 2454 candidates, 550 capacity, 0 extendable (0.30s)
Level 3 parent 598/1782: 642 candidates, 233 capacity, 0 extendable (0.26s)
Level 3 parent 599/1782: 2629 candidates, 434 capacity, 0 extendable (0.25s)
Level 3 parent 600/1782: 652 candidates, 337 capacity, 0 extendable (0.30s)
Level 3 parent 601/1782: 2343 candidates, 957 capacity, 0 extendable (0.34s)
Level 3 parent 602/1782: 2485 candidates, 646 capacity, 0 extendable (0.31s)
Level 3 parent 603/1782: 2209 candidates, 297 capacity, 0 extendable (0.27s)
Level 3 parent 604/1782: 2358 candidates, 518 capacity, 0 extendable (0.29s)
Level 3 parent 605/1782: 2270 candidates, 590 capacity, 0 extendable (0.30s)
Level 3 parent 606/1782: 2405 candidates, 555 capacity, 0 extendable (0.27s)
Level 3 parent 607/1782: 583 candidates, 354 capacity, 0 extendable (0.41s)
Level 3 parent 608/1782: 2289 candidates, 606 capacity, 0 extendable (0.23s)
Level 3 parent 609/1782: 2348 candidates, 868 capacity, 0 extendable (0.24s)
Level 3 parent 610/1782: 2040 candidates, 1102 capacity, 0 extendable (0.27s)
Level 3 parent 611/1782: 2440 candidates, 798 capacity, 0 extendable (0.31s)
Level 3 parent 612/1782: 2327 candidates, 730 capacity, 0 extendable (0.34s)
Level 3 parent 613/1782: 2521 candidates, 694 capacity, 0 extendable (0.24s)
Level 3 parent 614/1782: 2361 candidates, 744 capacity, 0 extendable (0.27s)
Level 3 parent 615/1782: 2393 candidates, 403 capacity, 0 extendable (0.29s)
Level 3 parent 616/1782: 2496 candidates, 674 capacity, 0 extendable (0.24s)
Level 3 parent 617/1782: 2324 candidates, 640 capacity, 0 extendable (0.23s)
Level 3 parent 618/1782: 2440 candidates, 778 capacity, 0 extendable (0.25s)
Level 3 parent 619/1782: 2412 candidates, 778 capacity, 0 extendable (0.31s)
Level 3 parent 620/1782: 2386 candidates, 798 capacity, 0 extendable (0.59s)
Level 3 parent 621/1782: 612 candidates, 358 capacity, 0 extendable (0.63s)
Level 3 parent 622/1782: 2316 candidates, 728 capacity, 0 extendable (0.69s)
Level 3 parent 623/1782: 2445 candidates, 732 capacity, 0 extendable (0.29s)
Level 3 parent 624/1782: 524 candidates, 196 capacity, 0 extendable (0.22s)
Level 3 parent 625/1782: 2470 candidates, 689 capacity, 0 extendable (0.34s)
Level 3 parent 626/1782: 618 candidates, 246 capacity, 0 extendable (0.23s)
Level 3 parent 627/1782: 2412 candidates, 581 capacity, 0 extendable (0.28s)
Level 3 parent 628/1782: 660 candidates, 218 capacity, 0 extendable (0.23s)
Level 3 parent 629/1782: 2259 candidates, 414 capacity, 0 extendable (0.40s)
Level 3 parent 630/1782: 2488 candidates, 698 capacity, 0 extendable (0.28s)
Level 3 parent 631/1782: 2412 candidates, 567 capacity, 0 extendable (0.30s)
Level 3 parent 632/1782: 630 candidates, 303 capacity, 0 extendable (0.23s)
Level 3 parent 633/1782: 2349 candidates, 881 capacity, 0 extendable (0.28s)
Level 3 parent 634/1782: 2268 candidates, 991 capacity, 0 extendable (0.26s)
Level 3 parent 635/1782: 2464 candidates, 950 capacity, 0 extendable (0.28s)
Level 3 parent 636/1782: 559 candidates, 246 capacity, 0 extendable (0.21s)
Level 3 parent 637/1782: 2494 candidates, 558 capacity, 0 extendable (0.28s)
Level 3 parent 638/1782: 2282 candidates, 470 capacity, 0 extendable (0.28s)
Level 3 parent 639/1782: 599 candidates, 262 capacity, 0 extendable (0.21s)
Level 3 parent 640/1782: 2541 candidates, 1159 capacity, 0 extendable (0.28s)
Level 3 parent 641/1782: 2394 candidates, 644 capacity, 0 extendable (0.23s)
Level 3 parent 642/1782: 2498 candidates, 669 capacity, 0 extendable (0.33s)
Level 3 parent 643/1782: 2356 candidates, 774 capacity, 0 extendable (0.29s)
Level 3 parent 644/1782: 2232 candidates, 312 capacity, 0 extendable (0.23s)
Level 3 parent 645/1782: 605 candidates, 259 capacity, 0 extendable (0.27s)
Level 3 parent 646/1782: 2361 candidates, 563 capacity, 0 extendable (0.23s)
Level 3 parent 647/1782: 2532 candidates, 827 capacity, 0 extendable (0.56s)
Level 3 parent 648/1782: 636 candidates, 237 capacity, 0 extendable (0.27s)
Level 3 parent 649/1782: 2811 candidates, 1203 capacity, 0 extendable (0.44s)
Level 3 parent 650/1782: 2448 candidates, 836 capacity, 0 extendable (0.32s)
Level 3 parent 651/1782: 2255 candidates, 604 capacity, 0 extendable (0.27s)
Level 3 parent 652/1782: 2249 candidates, 475 capacity, 0 extendable (0.27s)
Level 3 parent 653/1782: 2516 candidates, 1010 capacity, 0 extendable (0.36s)
Level 3 parent 654/1782: 2572 candidates, 1302 capacity, 0 extendable (0.30s)
Level 3 parent 655/1782: 2798 candidates, 863 capacity, 0 extendable (0.35s)
Level 3 parent 656/1782: 2658 candidates, 1058 capacity, 0 extendable (0.27s)
Level 3 parent 657/1782: 644 candidates, 373 capacity, 0 extendable (0.25s)
Level 3 parent 658/1782: 2579 candidates, 900 capacity, 0 extendable (0.70s)
Level 3 parent 659/1782: 516 candidates, 140 capacity, 0 extendable (0.57s)
Level 3 parent 660/1782: 2263 candidates, 489 capacity, 0 extendable (0.64s)
Level 3 parent 661/1782: 2389 candidates, 512 capacity, 0 extendable (0.57s)
Level 3 parent 662/1782: 2490 candidates, 940 capacity, 0 extendable (0.68s)
Level 3 parent 663/1782: 694 candidates, 321 capacity, 0 extendable (0.65s)
Level 3 parent 664/1782: 2542 candidates, 661 capacity, 0 extendable (0.72s)
Level 3 parent 665/1782: 2330 candidates, 521 capacity, 0 extendable (0.62s)
Level 3 parent 666/1782: 2581 candidates, 533 capacity, 0 extendable (0.61s)
Level 3 parent 667/1782: 2721 candidates, 1274 capacity, 0 extendable (0.70s)
Level 3 parent 668/1782: 644 candidates, 387 capacity, 0 extendable (0.53s)
Level 3 parent 669/1782: 2472 candidates, 610 capacity, 0 extendable (0.60s)
Level 3 parent 670/1782: 2405 candidates, 769 capacity, 0 extendable (0.66s)
Level 3 parent 671/1782: 2439 candidates, 1009 capacity, 0 extendable (0.75s)
Level 3 parent 672/1782: 712 candidates, 260 capacity, 0 extendable (0.65s)
Level 3 parent 673/1782: 2642 candidates, 734 capacity, 0 extendable (0.75s)
Level 3 parent 674/1782: 2334 candidates, 356 capacity, 0 extendable (0.60s)
Level 3 parent 675/1782: 2415 candidates, 761 capacity, 0 extendable (0.66s)
Level 3 parent 676/1782: 2564 candidates, 632 capacity, 0 extendable (0.51s)
Level 3 parent 677/1782: 672 candidates, 265 capacity, 0 extendable (0.50s)
Level 3 parent 678/1782: 655 candidates, 185 capacity, 0 extendable (0.58s)
Level 3 parent 679/1782: 546 candidates, 116 capacity, 0 extendable (0.47s)
Level 3 parent 680/1782: 2542 candidates, 518 capacity, 0 extendable (0.62s)
Level 3 parent 681/1782: 2454 candidates, 439 capacity, 0 extendable (0.57s)
Level 3 parent 682/1782: 2323 candidates, 833 capacity, 0 extendable (0.67s)
Level 3 parent 683/1782: 2356 candidates, 738 capacity, 0 extendable (0.59s)
Level 3 parent 684/1782: 2397 candidates, 962 capacity, 0 extendable (0.61s)
Level 3 parent 685/1782: 620 candidates, 330 capacity, 0 extendable (0.49s)
Level 3 parent 686/1782: 2569 candidates, 704 capacity, 0 extendable (0.72s)
Level 3 parent 687/1782: 2197 candidates, 569 capacity, 0 extendable (0.62s)
Level 3 parent 688/1782: 2601 candidates, 966 capacity, 0 extendable (0.59s)
Level 3 parent 689/1782: 2274 candidates, 330 capacity, 0 extendable (0.73s)
Level 3 parent 690/1782: 618 candidates, 258 capacity, 0 extendable (0.64s)
Level 3 parent 691/1782: 2352 candidates, 728 capacity, 0 extendable (0.74s)
Level 3 parent 692/1782: 657 candidates, 294 capacity, 0 extendable (0.60s)
Level 3 parent 693/1782: 2561 candidates, 860 capacity, 0 extendable (0.69s)
Level 3 parent 694/1782: 2392 candidates, 338 capacity, 0 extendable (0.61s)
Level 3 parent 695/1782: 2768 candidates, 887 capacity, 0 extendable (0.58s)
Level 3 parent 696/1782: 758 candidates, 383 capacity, 0 extendable (0.61s)
Level 3 parent 697/1782: 2611 candidates, 912 capacity, 0 extendable (0.91s)
Level 3 parent 698/1782: 2561 candidates, 789 capacity, 0 extendable (0.60s)
Level 3 parent 699/1782: 599 candidates, 238 capacity, 0 extendable (0.52s)
Level 3 parent 700/1782: 2739 candidates, 877 capacity, 0 extendable (0.60s)
Level 3 parent 701/1782: 2519 candidates, 877 capacity, 0 extendable (0.44s)
Level 3 parent 702/1782: 595 candidates, 212 capacity, 0 extendable (0.23s)
Level 3 parent 703/1782: 2564 candidates, 1193 capacity, 0 extendable (0.35s)
Level 3 parent 704/1782: 637 candidates, 292 capacity, 0 extendable (0.25s)
Level 3 parent 705/1782: 707 candidates, 316 capacity, 0 extendable (0.24s)
Level 3 parent 706/1782: 627 candidates, 289 capacity, 0 extendable (0.23s)
Level 3 parent 707/1782: 2563 candidates, 553 capacity, 0 extendable (0.43s)
Level 3 parent 708/1782: 2693 candidates, 959 capacity, 0 extendable (0.38s)
Level 3 parent 709/1782: 587 candidates, 246 capacity, 0 extendable (0.21s)
Level 3 parent 710/1782: 2504 candidates, 577 capacity, 0 extendable (0.23s)
Level 3 parent 711/1782: 2272 candidates, 237 capacity, 0 extendable (0.21s)
Level 3 parent 712/1782: 636 candidates, 148 capacity, 0 extendable (0.20s)
Level 3 parent 713/1782: 2623 candidates, 1069 capacity, 0 extendable (0.35s)
Level 3 parent 714/1782: 543 candidates, 210 capacity, 0 extendable (0.23s)
Level 3 parent 715/1782: 2337 candidates, 265 capacity, 0 extendable (0.22s)
Level 3 parent 716/1782: 2227 candidates, 485 capacity, 0 extendable (0.28s)
Level 3 parent 717/1782: 2551 candidates, 815 capacity, 0 extendable (0.36s)
Level 3 parent 718/1782: 2380 candidates, 784 capacity, 0 extendable (0.32s)
Level 3 parent 719/1782: 683 candidates, 341 capacity, 0 extendable (0.29s)
Level 3 parent 720/1782: 2737 candidates, 986 capacity, 0 extendable (0.34s)
Level 3 parent 721/1782: 2549 candidates, 769 capacity, 0 extendable (0.36s)
Level 3 parent 722/1782: 2556 candidates, 588 capacity, 0 extendable (0.27s)
Level 3 parent 723/1782: 629 candidates, 175 capacity, 0 extendable (0.24s)
Level 3 parent 724/1782: 2582 candidates, 908 capacity, 0 extendable (0.30s)
Level 3 parent 725/1782: 2751 candidates, 1095 capacity, 0 extendable (0.46s)
Level 3 parent 726/1782: 2264 candidates, 364 capacity, 0 extendable (0.26s)
Level 3 parent 727/1782: 2449 candidates, 691 capacity, 0 extendable (0.31s)
Level 3 parent 728/1782: 642 candidates, 222 capacity, 0 extendable (0.22s)
Level 3 parent 729/1782: 2377 candidates, 264 capacity, 0 extendable (0.22s)
Level 3 parent 730/1782: 635 candidates, 147 capacity, 0 extendable (0.20s)
Level 3 parent 731/1782: 2368 candidates, 618 capacity, 0 extendable (0.23s)
Level 3 parent 732/1782: 2172 candidates, 639 capacity, 0 extendable (0.27s)
Level 3 parent 733/1782: 2306 candidates, 824 capacity, 0 extendable (0.26s)
Level 3 parent 734/1782: 2460 candidates, 743 capacity, 0 extendable (0.25s)
Level 3 parent 735/1782: 2532 candidates, 880 capacity, 0 extendable (0.31s)
Level 3 parent 736/1782: 644 candidates, 262 capacity, 0 extendable (0.25s)
Level 3 parent 737/1782: 2521 candidates, 520 capacity, 0 extendable (0.24s)
Level 3 parent 738/1782: 2550 candidates, 502 capacity, 0 extendable (0.25s)
Level 3 parent 739/1782: 2570 candidates, 918 capacity, 0 extendable (0.26s)
Level 3 parent 740/1782: 2400 candidates, 653 capacity, 0 extendable (0.29s)
Level 3 parent 741/1782: 2363 candidates, 610 capacity, 0 extendable (0.31s)
Level 3 parent 742/1782: 2392 candidates, 716 capacity, 0 extendable (0.23s)
Level 3 parent 743/1782: 2478 candidates, 678 capacity, 0 extendable (0.26s)
Level 3 parent 744/1782: 2390 candidates, 1015 capacity, 0 extendable (0.31s)
Level 3 parent 745/1782: 2119 candidates, 886 capacity, 0 extendable (0.46s)
Level 3 parent 746/1782: 2268 candidates, 385 capacity, 0 extendable (0.24s)
Level 3 parent 747/1782: 2416 candidates, 644 capacity, 0 extendable (0.28s)
Level 3 parent 748/1782: 606 candidates, 157 capacity, 0 extendable (0.22s)
Level 3 parent 749/1782: 2273 candidates, 391 capacity, 0 extendable (0.24s)
Level 3 parent 750/1782: 2485 candidates, 449 capacity, 0 extendable (0.26s)
Level 3 parent 751/1782: 2849 candidates, 1276 capacity, 0 extendable (0.37s)
Level 3 parent 752/1782: 2636 candidates, 962 capacity, 0 extendable (0.41s)
Level 3 parent 753/1782: 2486 candidates, 627 capacity, 0 extendable (0.28s)
Level 3 parent 754/1782: 2489 candidates, 847 capacity, 0 extendable (0.36s)
Level 3 parent 755/1782: 578 candidates, 218 capacity, 0 extendable (0.22s)
Level 3 parent 756/1782: 2293 candidates, 861 capacity, 0 extendable (0.52s)
Level 3 parent 757/1782: 2488 candidates, 644 capacity, 0 extendable (0.86s)
Level 3 parent 758/1782: 2404 candidates, 611 capacity, 0 extendable (0.66s)
Level 3 parent 759/1782: 2492 candidates, 807 capacity, 0 extendable (0.44s)
Level 3 parent 760/1782: 2202 candidates, 516 capacity, 0 extendable (0.26s)
Level 3 parent 761/1782: 2848 candidates, 857 capacity, 0 extendable (0.37s)
Level 3 parent 762/1782: 2530 candidates, 451 capacity, 0 extendable (0.24s)
Level 3 parent 763/1782: 613 candidates, 254 capacity, 0 extendable (0.25s)
Level 3 parent 764/1782: 2395 candidates, 603 capacity, 0 extendable (0.28s)
Level 3 parent 765/1782: 659 candidates, 259 capacity, 0 extendable (0.44s)
Level 3 parent 766/1782: 2321 candidates, 394 capacity, 0 extendable (0.23s)
Level 3 parent 767/1782: 2522 candidates, 628 capacity, 0 extendable (0.26s)
Level 3 parent 768/1782: 2463 candidates, 899 capacity, 0 extendable (0.28s)
Level 3 parent 769/1782: 2351 candidates, 853 capacity, 0 extendable (0.29s)
Level 3 parent 770/1782: 2303 candidates, 366 capacity, 0 extendable (0.28s)
Level 3 parent 771/1782: 630 candidates, 332 capacity, 0 extendable (0.23s)
Level 3 parent 772/1782: 530 candidates, 227 capacity, 0 extendable (0.22s)
Level 3 parent 773/1782: 2324 candidates, 567 capacity, 0 extendable (0.28s)
Level 3 parent 774/1782: 2505 candidates, 371 capacity, 0 extendable (0.23s)
Level 3 parent 775/1782: 2484 candidates, 489 capacity, 0 extendable (0.24s)
Level 3 parent 776/1782: 2729 candidates, 706 capacity, 0 extendable (0.31s)
Level 3 parent 777/1782: 2597 candidates, 925 capacity, 0 extendable (0.43s)
Level 3 parent 778/1782: 2173 candidates, 757 capacity, 0 extendable (0.27s)
Level 3 parent 779/1782: 2648 candidates, 1108 capacity, 0 extendable (0.29s)
Level 3 parent 780/1782: 2466 candidates, 520 capacity, 0 extendable (0.26s)
Level 3 parent 781/1782: 619 candidates, 246 capacity, 0 extendable (0.22s)
Level 3 parent 782/1782: 2277 candidates, 498 capacity, 0 extendable (0.23s)
Level 3 parent 783/1782: 630 candidates, 280 capacity, 0 extendable (0.22s)
Level 3 parent 784/1782: 2196 candidates, 288 capacity, 0 extendable (0.42s)
Level 3 parent 785/1782: 2594 candidates, 461 capacity, 0 extendable (0.26s)
Level 3 parent 786/1782: 2613 candidates, 621 capacity, 0 extendable (0.30s)
Level 3 parent 787/1782: 2493 candidates, 851 capacity, 0 extendable (0.43s)
Level 3 parent 788/1782: 2795 candidates, 1038 capacity, 0 extendable (0.32s)
Level 3 parent 789/1782: 542 candidates, 260 capacity, 0 extendable (0.24s)
Level 3 parent 790/1782: 2385 candidates, 532 capacity, 0 extendable (0.25s)
Level 3 parent 791/1782: 673 candidates, 348 capacity, 0 extendable (0.26s)
Level 3 parent 792/1782: 2306 candidates, 738 capacity, 0 extendable (0.24s)
Level 3 parent 793/1782: 666 candidates, 399 capacity, 0 extendable (0.22s)
Level 3 parent 794/1782: 2409 candidates, 755 capacity, 0 extendable (0.32s)
Level 3 parent 795/1782: 2602 candidates, 899 capacity, 0 extendable (0.93s)
Level 3 parent 796/1782: 2816 candidates, 1127 capacity, 0 extendable (0.94s)
Level 3 parent 797/1782: 2520 candidates, 826 capacity, 0 extendable (0.70s)
Level 3 parent 798/1782: 2686 candidates, 984 capacity, 0 extendable (0.61s)
Level 3 parent 799/1782: 1926 candidates, 388 capacity, 0 extendable (0.57s)
Level 3 parent 800/1782: 2510 candidates, 703 capacity, 0 extendable (0.82s)
Level 3 parent 801/1782: 2211 candidates, 585 capacity, 0 extendable (0.67s)
Level 3 parent 802/1782: 645 candidates, 255 capacity, 0 extendable (0.58s)
Level 3 parent 803/1782: 2300 candidates, 479 capacity, 0 extendable (0.57s)
Level 3 parent 804/1782: 2453 candidates, 1021 capacity, 0 extendable (0.76s)
Level 3 parent 805/1782: 2451 candidates, 1106 capacity, 0 extendable (0.81s)
Level 3 parent 806/1782: 633 candidates, 304 capacity, 0 extendable (0.57s)
Level 3 parent 807/1782: 2776 candidates, 940 capacity, 0 extendable (0.98s)
Level 3 parent 808/1782: 2588 candidates, 534 capacity, 0 extendable (0.61s)
Level 3 parent 809/1782: 653 candidates, 268 capacity, 0 extendable (0.61s)
Level 3 parent 810/1782: 633 candidates, 230 capacity, 0 extendable (0.47s)
Level 3 parent 811/1782: 748 candidates, 364 capacity, 0 extendable (0.53s)
Level 3 parent 812/1782: 2587 candidates, 902 capacity, 0 extendable (0.78s)
Level 3 parent 813/1782: 2481 candidates, 945 capacity, 0 extendable (0.85s)
Level 3 parent 814/1782: 726 candidates, 323 capacity, 0 extendable (0.57s)
Level 3 parent 815/1782: 2392 candidates, 570 capacity, 0 extendable (0.62s)
Level 3 parent 816/1782: 2625 candidates, 600 capacity, 0 extendable (0.58s)
Level 3 parent 817/1782: 2396 candidates, 589 capacity, 0 extendable (0.57s)
Level 3 parent 818/1782: 587 candidates, 356 capacity, 0 extendable (0.60s)
Level 3 parent 819/1782: 2256 candidates, 534 capacity, 0 extendable (0.57s)
Level 3 parent 820/1782: 2278 candidates, 462 capacity, 0 extendable (0.53s)
Level 3 parent 821/1782: 2458 candidates, 1103 capacity, 0 extendable (0.67s)
Level 3 parent 822/1782: 620 candidates, 240 capacity, 0 extendable (0.51s)
Level 3 parent 823/1782: 2322 candidates, 776 capacity, 0 extendable (0.79s)
Level 3 parent 824/1782: 645 candidates, 314 capacity, 0 extendable (0.53s)
Level 3 parent 825/1782: 652 candidates, 318 capacity, 0 extendable (0.74s)
Level 3 parent 826/1782: 2588 candidates, 847 capacity, 0 extendable (0.85s)
Level 3 parent 827/1782: 2528 candidates, 1091 capacity, 0 extendable (0.66s)
Level 3 parent 828/1782: 2274 candidates, 787 capacity, 0 extendable (0.54s)
Level 3 parent 829/1782: 2851 candidates, 1061 capacity, 0 extendable (0.58s)
Level 3 parent 830/1782: 2769 candidates, 952 capacity, 0 extendable (0.67s)
Level 3 parent 831/1782: 2833 candidates, 1236 capacity, 0 extendable (0.85s)
Level 3 parent 832/1782: 2534 candidates, 793 capacity, 0 extendable (0.69s)
Level 3 parent 833/1782: 688 candidates, 316 capacity, 0 extendable (0.56s)
Level 3 parent 834/1782: 2509 candidates, 871 capacity, 0 extendable (0.62s)
Level 3 parent 835/1782: 2601 candidates, 1012 capacity, 0 extendable (0.71s)
Level 3 parent 836/1782: 2565 candidates, 1100 capacity, 0 extendable (0.31s)
Level 3 parent 837/1782: 2706 candidates, 931 capacity, 0 extendable (0.34s)
Level 3 parent 838/1782: 2446 candidates, 752 capacity, 0 extendable (0.31s)
Level 3 parent 839/1782: 2189 candidates, 752 capacity, 0 extendable (0.29s)
Level 3 parent 840/1782: 599 candidates, 306 capacity, 0 extendable (0.24s)
Level 3 parent 841/1782: 2630 candidates, 908 capacity, 0 extendable (0.59s)
Level 3 parent 842/1782: 2545 candidates, 1024 capacity, 0 extendable (0.44s)
Level 3 parent 843/1782: 2658 candidates, 674 capacity, 0 extendable (0.28s)
Level 3 parent 844/1782: 2703 candidates, 1049 capacity, 0 extendable (0.38s)
Level 3 parent 845/1782: 2454 candidates, 941 capacity, 7 extendable (0.34s)
Level 3 parent 846/1782: 737 candidates, 339 capacity, 0 extendable (0.24s)
Level 3 parent 847/1782: 673 candidates, 343 capacity, 0 extendable (0.22s)
Level 3 parent 848/1782: 622 candidates, 351 capacity, 0 extendable (0.25s)
Level 3 parent 849/1782: 2676 candidates, 742 capacity, 0 extendable (0.26s)
Level 3 parent 850/1782: 2627 candidates, 925 capacity, 0 extendable (0.29s)
Level 3 parent 851/1782: 2572 candidates, 1106 capacity, 0 extendable (0.35s)
Level 3 parent 852/1782: 2414 candidates, 472 capacity, 0 extendable (0.27s)
Level 3 parent 853/1782: 2332 candidates, 242 capacity, 0 extendable (0.21s)
Level 3 parent 854/1782: 2499 candidates, 495 capacity, 0 extendable (0.22s)
Level 3 parent 855/1782: 2261 candidates, 594 capacity, 0 extendable (0.26s)
Level 3 parent 856/1782: 557 candidates, 220 capacity, 0 extendable (0.21s)
Level 3 parent 857/1782: 2457 candidates, 345 capacity, 0 extendable (0.23s)
Level 3 parent 858/1782: 738 candidates, 338 capacity, 0 extendable (0.22s)
Level 3 parent 859/1782: 735 candidates, 331 capacity, 0 extendable (0.24s)
Level 3 parent 860/1782: 588 candidates, 306 capacity, 0 extendable (0.21s)
Level 3 parent 861/1782: 2428 candidates, 399 capacity, 0 extendable (0.21s)
Level 3 parent 862/1782: 740 candidates, 303 capacity, 0 extendable (0.22s)
Level 3 parent 863/1782: 671 candidates, 272 capacity, 0 extendable (0.23s)
Level 3 parent 864/1782: 751 candidates, 398 capacity, 0 extendable (0.22s)
Level 3 parent 865/1782: 674 candidates, 334 capacity, 0 extendable (0.22s)
Level 3 parent 866/1782: 2382 candidates, 549 capacity, 0 extendable (0.25s)
Level 3 parent 867/1782: 2482 candidates, 701 capacity, 0 extendable (0.29s)
Level 3 parent 868/1782: 2338 candidates, 699 capacity, 0 extendable (0.25s)
Level 3 parent 869/1782: 661 candidates, 247 capacity, 0 extendable (0.26s)
Level 3 parent 870/1782: 2745 candidates, 1221 capacity, 0 extendable (0.29s)
Level 3 parent 871/1782: 607 candidates, 262 capacity, 0 extendable (0.22s)
Level 3 parent 872/1782: 663 candidates, 314 capacity, 0 extendable (0.22s)
Level 3 parent 873/1782: 2534 candidates, 681 capacity, 0 extendable (0.27s)
Level 3 parent 874/1782: 2307 candidates, 677 capacity, 0 extendable (0.25s)
Level 3 parent 875/1782: 2509 candidates, 321 capacity, 0 extendable (0.21s)
Level 3 parent 876/1782: 2389 candidates, 760 capacity, 0 extendable (0.28s)
Level 3 parent 877/1782: 2292 candidates, 768 capacity, 0 extendable (0.27s)
Level 3 parent 878/1782: 2262 candidates, 1182 capacity, 0 extendable (0.27s)
Level 3 parent 879/1782: 2425 candidates, 902 capacity, 0 extendable (0.33s)
Level 3 parent 880/1782: 2358 candidates, 972 capacity, 0 extendable (0.49s)
Level 3 parent 881/1782: 2400 candidates, 889 capacity, 0 extendable (0.25s)
Level 3 parent 882/1782: 2564 candidates, 699 capacity, 0 extendable (0.27s)
Level 3 parent 883/1782: 2434 candidates, 733 capacity, 0 extendable (0.23s)
Level 3 parent 884/1782: 2479 candidates, 696 capacity, 0 extendable (0.26s)
Level 3 parent 885/1782: 2446 candidates, 848 capacity, 0 extendable (0.30s)
Level 3 parent 886/1782: 2378 candidates, 701 capacity, 0 extendable (0.28s)
Level 3 parent 887/1782: 708 candidates, 194 capacity, 0 extendable (0.22s)
Level 3 parent 888/1782: 2507 candidates, 765 capacity, 0 extendable (0.25s)
Level 3 parent 889/1782: 791 candidates, 406 capacity, 0 extendable (0.22s)
Level 3 parent 890/1782: 681 candidates, 294 capacity, 0 extendable (0.23s)
Level 3 parent 891/1782: 2604 candidates, 879 capacity, 0 extendable (0.25s)
Level 3 parent 892/1782: 2546 candidates, 601 capacity, 0 extendable (0.29s)
Level 3 parent 893/1782: 2639 candidates, 883 capacity, 0 extendable (0.47s)
Level 3 parent 894/1782: 2458 candidates, 920 capacity, 0 extendable (1.01s)
Level 3 parent 895/1782: 2240 candidates, 702 capacity, 0 extendable (0.71s)
Level 3 parent 896/1782: 2478 candidates, 937 capacity, 0 extendable (0.28s)
Level 3 parent 897/1782: 623 candidates, 370 capacity, 0 extendable (0.26s)
Level 3 parent 898/1782: 2354 candidates, 1030 capacity, 0 extendable (0.30s)
Level 3 parent 899/1782: 2633 candidates, 782 capacity, 0 extendable (0.32s)
Level 3 parent 900/1782: 674 candidates, 293 capacity, 0 extendable (0.22s)
Level 3 parent 901/1782: 2244 candidates, 395 capacity, 0 extendable (0.45s)
Level 3 parent 902/1782: 2416 candidates, 424 capacity, 0 extendable (0.24s)
Level 3 parent 903/1782: 636 candidates, 227 capacity, 0 extendable (0.25s)
Level 3 parent 904/1782: 2579 candidates, 680 capacity, 0 extendable (0.28s)
Level 3 parent 905/1782: 628 candidates, 219 capacity, 0 extendable (0.22s)
Level 3 parent 906/1782: 2362 candidates, 533 capacity, 0 extendable (0.25s)
Level 3 parent 907/1782: 2913 candidates, 822 capacity, 0 extendable (0.40s)
Level 3 parent 908/1782: 2625 candidates, 1280 capacity, 0 extendable (0.32s)
Level 3 parent 909/1782: 2505 candidates, 729 capacity, 0 extendable (0.24s)
Level 3 parent 910/1782: 666 candidates, 301 capacity, 0 extendable (0.21s)
Level 3 parent 911/1782: 2589 candidates, 792 capacity, 0 extendable (0.30s)
Level 3 parent 912/1782: 635 candidates, 334 capacity, 0 extendable (0.24s)
Level 3 parent 913/1782: 2538 candidates, 986 capacity, 0 extendable (0.25s)
Level 3 parent 914/1782: 2704 candidates, 1031 capacity, 0 extendable (0.46s)
Level 3 parent 915/1782: 2210 candidates, 747 capacity, 0 extendable (0.26s)
Level 3 parent 916/1782: 2727 candidates, 1063 capacity, 0 extendable (0.28s)
Level 3 parent 917/1782: 610 candidates, 186 capacity, 0 extendable (0.22s)
Level 3 parent 918/1782: 2590 candidates, 713 capacity, 0 extendable (0.27s)
Level 3 parent 919/1782: 2540 candidates, 1019 capacity, 0 extendable (0.51s)
Level 3 parent 920/1782: 2540 candidates, 754 capacity, 0 extendable (0.30s)
Level 3 parent 921/1782: 2569 candidates, 1097 capacity, 0 extendable (0.32s)
Level 3 parent 922/1782: 672 candidates, 338 capacity, 0 extendable (0.23s)
Level 3 parent 923/1782: 2734 candidates, 816 capacity, 0 extendable (0.28s)
Level 3 parent 924/1782: 2588 candidates, 1149 capacity, 0 extendable (0.39s)
Level 3 parent 925/1782: 710 candidates, 288 capacity, 0 extendable (0.27s)
Level 3 parent 926/1782: 2607 candidates, 896 capacity, 0 extendable (0.34s)
Level 3 parent 927/1782: 2427 candidates, 655 capacity, 0 extendable (0.34s)
Level 3 parent 928/1782: 2286 candidates, 582 capacity, 0 extendable (0.24s)
Level 3 parent 929/1782: 2600 candidates, 880 capacity, 0 extendable (0.35s)
Level 3 parent 930/1782: 2669 candidates, 773 capacity, 0 extendable (0.28s)
Level 3 parent 931/1782: 632 candidates, 292 capacity, 0 extendable (0.23s)
Level 3 parent 932/1782: 2316 candidates, 402 capacity, 0 extendable (0.26s)
Level 3 parent 933/1782: 685 candidates, 246 capacity, 0 extendable (0.24s)
Level 3 parent 934/1782: 2620 candidates, 834 capacity, 0 extendable (0.28s)
Level 3 parent 935/1782: 2716 candidates, 1067 capacity, 0 extendable (0.35s)
Level 3 parent 936/1782: 2308 candidates, 676 capacity, 0 extendable (0.43s)
Level 3 parent 937/1782: 2407 candidates, 411 capacity, 0 extendable (0.27s)
Level 3 parent 938/1782: 2532 candidates, 696 capacity, 0 extendable (0.35s)
Level 3 parent 939/1782: 2409 candidates, 680 capacity, 0 extendable (0.35s)
Level 3 parent 940/1782: 2333 candidates, 840 capacity, 0 extendable (0.25s)
Level 3 parent 941/1782: 2601 candidates, 1038 capacity, 0 extendable (0.37s)
Level 3 parent 942/1782: 2522 candidates, 525 capacity, 0 extendable (0.26s)
Level 3 parent 943/1782: 2244 candidates, 718 capacity, 0 extendable (0.32s)
Level 3 parent 944/1782: 2358 candidates, 558 capacity, 0 extendable (0.26s)
Level 3 parent 945/1782: 2302 candidates, 256 capacity, 0 extendable (0.24s)
Level 3 parent 946/1782: 654 candidates, 324 capacity, 0 extendable (0.25s)
Level 3 parent 947/1782: 2492 candidates, 761 capacity, 0 extendable (0.46s)
Level 3 parent 948/1782: 2666 candidates, 644 capacity, 0 extendable (0.83s)
Level 3 parent 949/1782: 740 candidates, 342 capacity, 0 extendable (0.73s)
Level 3 parent 950/1782: 2671 candidates, 666 capacity, 0 extendable (0.72s)
Level 3 parent 951/1782: 2422 candidates, 832 capacity, 0 extendable (0.79s)
Level 3 parent 952/1782: 2248 candidates, 451 capacity, 0 extendable (0.65s)
Level 3 parent 953/1782: 2705 candidates, 978 capacity, 0 extendable (0.87s)
Level 3 parent 954/1782: 2449 candidates, 730 capacity, 0 extendable (0.78s)
Level 3 parent 955/1782: 627 candidates, 241 capacity, 0 extendable (0.62s)
Level 3 parent 956/1782: 2480 candidates, 1054 capacity, 0 extendable (1.06s)
Level 3 parent 957/1782: 2439 candidates, 557 capacity, 0 extendable (0.62s)
Level 3 parent 958/1782: 2716 candidates, 838 capacity, 0 extendable (0.84s)
Level 3 parent 959/1782: 2285 candidates, 612 capacity, 0 extendable (0.56s)
Level 3 parent 960/1782: 2350 candidates, 688 capacity, 0 extendable (0.69s)
Level 3 parent 961/1782: 2277 candidates, 284 capacity, 0 extendable (0.56s)
Level 3 parent 962/1782: 2472 candidates, 974 capacity, 0 extendable (0.74s)
Level 3 parent 963/1782: 2795 candidates, 846 capacity, 0 extendable (0.63s)
Level 3 parent 964/1782: 710 candidates, 344 capacity, 0 extendable (0.66s)
Level 3 parent 965/1782: 2783 candidates, 1135 capacity, 0 extendable (0.75s)
Level 3 parent 966/1782: 645 candidates, 182 capacity, 0 extendable (0.58s)
Level 3 parent 967/1782: 2366 candidates, 420 capacity, 0 extendable (0.61s)
Level 3 parent 968/1782: 679 candidates, 333 capacity, 0 extendable (0.60s)
Level 3 parent 969/1782: 2542 candidates, 928 capacity, 0 extendable (0.89s)
Level 3 parent 970/1782: 695 candidates, 300 capacity, 0 extendable (0.66s)
Level 3 parent 971/1782: 2367 candidates, 632 capacity, 0 extendable (0.59s)
Level 3 parent 972/1782: 2887 candidates, 769 capacity, 0 extendable (0.69s)
Level 3 parent 973/1782: 744 candidates, 317 capacity, 0 extendable (0.70s)
Level 3 parent 974/1782: 690 candidates, 285 capacity, 0 extendable (0.62s)
Level 3 parent 975/1782: 618 candidates, 310 capacity, 0 extendable (0.72s)
Level 3 parent 976/1782: 2404 candidates, 810 capacity, 0 extendable (0.86s)
Level 3 parent 977/1782: 2581 candidates, 493 capacity, 0 extendable (0.87s)
Level 3 parent 978/1782: 610 candidates, 248 capacity, 0 extendable (0.65s)
Level 3 parent 979/1782: 2261 candidates, 417 capacity, 0 extendable (0.61s)
Level 3 parent 980/1782: 2698 candidates, 750 capacity, 0 extendable (0.53s)
Level 3 parent 981/1782: 2571 candidates, 759 capacity, 0 extendable (0.60s)
Level 3 parent 982/1782: 696 candidates, 320 capacity, 0 extendable (0.52s)
Level 3 parent 983/1782: 2582 candidates, 696 capacity, 0 extendable (0.60s)
Level 3 parent 984/1782: 588 candidates, 198 capacity, 0 extendable (0.47s)
Level 3 parent 985/1782: 2591 candidates, 486 capacity, 0 extendable (0.65s)
Level 3 parent 986/1782: 2220 candidates, 351 capacity, 0 extendable (0.53s)
Level 3 parent 987/1782: 2539 candidates, 884 capacity, 0 extendable (0.39s)
Level 3 parent 988/1782: 2704 candidates, 1018 capacity, 0 extendable (0.31s)
Level 3 parent 989/1782: 674 candidates, 236 capacity, 0 extendable (0.22s)
Level 3 parent 990/1782: 729 candidates, 398 capacity, 0 extendable (0.30s)
Level 3 parent 991/1782: 577 candidates, 278 capacity, 0 extendable (0.22s)
Level 3 parent 992/1782: 2460 candidates, 726 capacity, 0 extendable (0.27s)
Level 3 parent 993/1782: 2498 candidates, 900 capacity, 0 extendable (0.50s)
Level 3 parent 994/1782: 2285 candidates, 592 capacity, 0 extendable (0.22s)
Level 3 parent 995/1782: 2334 candidates, 316 capacity, 0 extendable (0.22s)
Level 3 parent 996/1782: 2298 candidates, 712 capacity, 0 extendable (0.32s)
Level 3 parent 997/1782: 2529 candidates, 727 capacity, 0 extendable (0.33s)
Level 3 parent 998/1782: 2664 candidates, 954 capacity, 0 extendable (0.35s)
Level 3 parent 999/1782: 553 candidates, 265 capacity, 0 extendable (0.23s)
Level 3 parent 1000/1782: 2351 candidates, 953 capacity, 0 extendable (0.27s)
Level 3 parent 1001/1782: 2223 candidates, 283 capacity, 0 extendable (0.22s)
Level 3 parent 1002/1782: 608 candidates, 256 capacity, 0 extendable (0.22s)
Level 3 parent 1003/1782: 2281 candidates, 579 capacity, 0 extendable (0.28s)
Level 3 parent 1004/1782: 2719 candidates, 1056 capacity, 0 extendable (0.29s)
Level 3 parent 1005/1782: 2688 candidates, 937 capacity, 0 extendable (0.87s)
Level 3 parent 1006/1782: 2763 candidates, 1047 capacity, 0 extendable (0.85s)
Level 3 parent 1007/1782: 2352 candidates, 278 capacity, 0 extendable (0.49s)
Level 3 parent 1008/1782: 2231 candidates, 734 capacity, 0 extendable (0.39s)
Level 3 parent 1009/1782: 2578 candidates, 777 capacity, 0 extendable (0.28s)
Level 3 parent 1010/1782: 663 candidates, 273 capacity, 0 extendable (0.23s)
Level 3 parent 1011/1782: 2389 candidates, 972 capacity, 0 extendable (0.36s)
Level 3 parent 1012/1782: 2595 candidates, 801 capacity, 0 extendable (0.29s)
Level 3 parent 1013/1782: 2741 candidates, 755 capacity, 0 extendable (0.41s)
Level 3 parent 1014/1782: 2758 candidates, 991 capacity, 0 extendable (0.32s)
Level 3 parent 1015/1782: 2494 candidates, 596 capacity, 0 extendable (0.27s)
Level 3 parent 1016/1782: 2427 candidates, 846 capacity, 0 extendable (0.33s)
Level 3 parent 1017/1782: 2493 candidates, 930 capacity, 0 extendable (0.37s)
Level 3 parent 1018/1782: 573 candidates, 295 capacity, 0 extendable (0.24s)
Level 3 parent 1019/1782: 2682 candidates, 863 capacity, 0 extendable (0.34s)
Level 3 parent 1020/1782: 2620 candidates, 763 capacity, 0 extendable (0.34s)
Level 3 parent 1021/1782: 720 candidates, 448 capacity, 0 extendable (0.28s)
Level 3 parent 1022/1782: 2519 candidates, 787 capacity, 0 extendable (0.41s)
Level 3 parent 1023/1782: 654 candidates, 362 capacity, 0 extendable (0.22s)
Level 3 parent 1024/1782: 2450 candidates, 772 capacity, 0 extendable (0.33s)
Level 3 parent 1025/1782: 2633 candidates, 1137 capacity, 0 extendable (0.28s)
Level 3 parent 1026/1782: 2494 candidates, 398 capacity, 0 extendable (0.27s)
Level 3 parent 1027/1782: 631 candidates, 221 capacity, 0 extendable (0.24s)
Level 3 parent 1028/1782: 2449 candidates, 614 capacity, 0 extendable (0.34s)
Level 3 parent 1029/1782: 2393 candidates, 770 capacity, 0 extendable (0.28s)
Level 3 parent 1030/1782: 2623 candidates, 717 capacity, 0 extendable (0.55s)
Level 3 parent 1031/1782: 2611 candidates, 310 capacity, 0 extendable (0.22s)
Level 3 parent 1032/1782: 2518 candidates, 1047 capacity, 0 extendable (0.27s)
Level 3 parent 1033/1782: 690 candidates, 372 capacity, 0 extendable (0.23s)
Level 3 parent 1034/1782: 2552 candidates, 837 capacity, 0 extendable (0.29s)
Level 3 parent 1035/1782: 2645 candidates, 855 capacity, 0 extendable (0.28s)
Level 3 parent 1036/1782: 635 candidates, 311 capacity, 0 extendable (0.25s)
Level 3 parent 1037/1782: 2477 candidates, 818 capacity, 0 extendable (0.28s)
Level 3 parent 1038/1782: 2401 candidates, 873 capacity, 0 extendable (0.32s)
Level 3 parent 1039/1782: 2347 candidates, 760 capacity, 0 extendable (0.28s)
Level 3 parent 1040/1782: 2819 candidates, 863 capacity, 0 extendable (0.25s)
Level 3 parent 1041/1782: 2561 candidates, 806 capacity, 0 extendable (0.32s)
Level 3 parent 1042/1782: 2261 candidates, 705 capacity, 0 extendable (0.27s)
Level 3 parent 1043/1782: 658 candidates, 400 capacity, 0 extendable (0.23s)
Level 3 parent 1044/1782: 2631 candidates, 549 capacity, 0 extendable (0.28s)
Level 3 parent 1045/1782: 2395 candidates, 726 capacity, 0 extendable (0.28s)
Level 3 parent 1046/1782: 2475 candidates, 1124 capacity, 0 extendable (0.36s)
Level 3 parent 1047/1782: 2517 candidates, 675 capacity, 0 extendable (0.28s)
Level 3 parent 1048/1782: 2640 candidates, 554 capacity, 0 extendable (0.60s)
Level 3 parent 1049/1782: 2443 candidates, 804 capacity, 0 extendable (0.37s)
Level 3 parent 1050/1782: 672 candidates, 314 capacity, 0 extendable (0.28s)
Level 3 parent 1051/1782: 2318 candidates, 687 capacity, 0 extendable (0.38s)
Level 3 parent 1052/1782: 2498 candidates, 788 capacity, 0 extendable (0.36s)
Level 3 parent 1053/1782: 557 candidates, 106 capacity, 0 extendable (0.23s)
Level 3 parent 1054/1782: 687 candidates, 332 capacity, 0 extendable (0.33s)
Level 3 parent 1055/1782: 2395 candidates, 749 capacity, 0 extendable (0.29s)
Level 3 parent 1056/1782: 2190 candidates, 296 capacity, 0 extendable (0.28s)
Level 3 parent 1057/1782: 2697 candidates, 645 capacity, 0 extendable (0.29s)
Level 3 parent 1058/1782: 2654 candidates, 992 capacity, 0 extendable (0.40s)
Level 3 parent 1059/1782: 686 candidates, 265 capacity, 0 extendable (0.29s)
Level 3 parent 1060/1782: 2398 candidates, 311 capacity, 0 extendable (0.26s)
Level 3 parent 1061/1782: 2710 candidates, 777 capacity, 0 extendable (0.39s)
Level 3 parent 1062/1782: 694 candidates, 362 capacity, 0 extendable (0.27s)
Level 3 parent 1063/1782: 2590 candidates, 747 capacity, 0 extendable (0.33s)
Level 3 parent 1064/1782: 2671 candidates, 1232 capacity, 0 extendable (0.42s)
Level 3 parent 1065/1782: 2681 candidates, 736 capacity, 0 extendable (0.34s)
Level 3 parent 1066/1782: 2330 candidates, 832 capacity, 0 extendable (0.42s)
Level 3 parent 1067/1782: 635 candidates, 236 capacity, 0 extendable (0.29s)
Level 3 parent 1068/1782: 674 candidates, 331 capacity, 0 extendable (0.32s)
Level 3 parent 1069/1782: 2258 candidates, 465 capacity, 0 extendable (0.31s)
Level 3 parent 1070/1782: 768 candidates, 316 capacity, 0 extendable (0.24s)
Level 3 parent 1071/1782: 2582 candidates, 868 capacity, 0 extendable (0.31s)
Level 3 parent 1072/1782: 663 candidates, 292 capacity, 0 extendable (0.27s)
Level 3 parent 1073/1782: 2517 candidates, 1097 capacity, 0 extendable (0.33s)
Level 3 parent 1074/1782: 2727 candidates, 780 capacity, 0 extendable (0.38s)
Level 3 parent 1075/1782: 2528 candidates, 926 capacity, 0 extendable (0.38s)
Level 3 parent 1076/1782: 716 candidates, 295 capacity, 0 extendable (0.29s)
Level 3 parent 1077/1782: 742 candidates, 339 capacity, 0 extendable (0.26s)
Level 3 parent 1078/1782: 2592 candidates, 461 capacity, 0 extendable (0.29s)
Level 3 parent 1079/1782: 692 candidates, 200 capacity, 0 extendable (0.25s)
Level 3 parent 1080/1782: 768 candidates, 376 capacity, 0 extendable (0.28s)
Level 3 parent 1081/1782: 2755 candidates, 903 capacity, 0 extendable (0.39s)
Level 3 parent 1082/1782: 650 candidates, 338 capacity, 0 extendable (0.30s)
Level 3 parent 1083/1782: 2535 candidates, 703 capacity, 0 extendable (0.36s)
Level 3 parent 1084/1782: 2389 candidates, 573 capacity, 0 extendable (0.34s)
Level 3 parent 1085/1782: 588 candidates, 295 capacity, 0 extendable (0.30s)
Level 3 parent 1086/1782: 2296 candidates, 521 capacity, 0 extendable (0.25s)
Level 3 parent 1087/1782: 2172 candidates, 436 capacity, 0 extendable (0.29s)
Level 3 parent 1088/1782: 664 candidates, 328 capacity, 0 extendable (0.29s)
Level 3 parent 1089/1782: 2373 candidates, 896 capacity, 0 extendable (0.29s)
Level 3 parent 1090/1782: 2411 candidates, 629 capacity, 0 extendable (0.36s)
Level 3 parent 1091/1782: 2073 candidates, 390 capacity, 0 extendable (0.25s)
Level 3 parent 1092/1782: 2317 candidates, 326 capacity, 0 extendable (0.25s)
Level 3 parent 1093/1782: 577 candidates, 144 capacity, 0 extendable (0.22s)
Level 3 parent 1094/1782: 2481 candidates, 671 capacity, 0 extendable (0.28s)
Level 3 parent 1095/1782: 2529 candidates, 475 capacity, 0 extendable (0.36s)
Level 3 parent 1096/1782: 2473 candidates, 1011 capacity, 0 extendable (0.38s)
Level 3 parent 1097/1782: 573 candidates, 145 capacity, 0 extendable (0.25s)
Level 3 parent 1098/1782: 565 candidates, 189 capacity, 0 extendable (0.25s)
Level 3 parent 1099/1782: 2391 candidates, 693 capacity, 0 extendable (0.41s)
Level 3 parent 1100/1782: 541 candidates, 266 capacity, 0 extendable (0.28s)
Level 3 parent 1101/1782: 631 candidates, 328 capacity, 0 extendable (0.27s)
Level 3 parent 1102/1782: 2453 candidates, 519 capacity, 0 extendable (0.33s)
Level 3 parent 1103/1782: 2502 candidates, 381 capacity, 0 extendable (0.29s)
Level 3 parent 1104/1782: 2400 candidates, 637 capacity, 0 extendable (0.48s)
Level 3 parent 1105/1782: 2255 candidates, 708 capacity, 0 extendable (0.65s)
Level 3 parent 1106/1782: 612 candidates, 185 capacity, 0 extendable (0.24s)
Level 3 parent 1107/1782: 2438 candidates, 383 capacity, 0 extendable (0.27s)
Level 3 parent 1108/1782: 2538 candidates, 932 capacity, 0 extendable (0.38s)
Level 3 parent 1109/1782: 584 candidates, 264 capacity, 0 extendable (0.24s)
Level 3 parent 1110/1782: 548 candidates, 214 capacity, 0 extendable (0.23s)
Level 3 parent 1111/1782: 2594 candidates, 559 capacity, 0 extendable (0.29s)
Level 3 parent 1112/1782: 558 candidates, 294 capacity, 0 extendable (0.28s)
Level 3 parent 1113/1782: 655 candidates, 289 capacity, 0 extendable (0.28s)
Level 3 parent 1114/1782: 2464 candidates, 1118 capacity, 0 extendable (0.57s)
Level 3 parent 1115/1782: 2489 candidates, 370 capacity, 0 extendable (0.25s)
Level 3 parent 1116/1782: 2607 candidates, 983 capacity, 0 extendable (0.49s)
Level 3 parent 1117/1782: 638 candidates, 301 capacity, 0 extendable (0.30s)
Level 3 parent 1118/1782: 718 candidates, 333 capacity, 0 extendable (0.27s)
Level 3 parent 1119/1782: 510 candidates, 134 capacity, 0 extendable (0.45s)
Level 3 parent 1120/1782: 2396 candidates, 507 capacity, 0 extendable (0.26s)
Level 3 parent 1121/1782: 567 candidates, 218 capacity, 0 extendable (0.27s)
Level 3 parent 1122/1782: 599 candidates, 124 capacity, 0 extendable (0.24s)
Level 3 parent 1123/1782: 641 candidates, 294 capacity, 0 extendable (0.30s)
Level 3 parent 1124/1782: 618 candidates, 139 capacity, 0 extendable (0.24s)
Level 3 parent 1125/1782: 2386 candidates, 140 capacity, 0 extendable (0.25s)
Level 3 parent 1126/1782: 2392 candidates, 294 capacity, 0 extendable (0.25s)
Level 3 parent 1127/1782: 2741 candidates, 764 capacity, 0 extendable (0.41s)
Level 3 parent 1128/1782: 682 candidates, 312 capacity, 0 extendable (0.32s)
Level 3 parent 1129/1782: 654 candidates, 278 capacity, 0 extendable (0.31s)
Level 3 parent 1130/1782: 514 candidates, 223 capacity, 0 extendable (0.27s)
Level 3 parent 1131/1782: 625 candidates, 325 capacity, 0 extendable (0.35s)
Level 3 parent 1132/1782: 2253 candidates, 683 capacity, 0 extendable (0.46s)
Level 3 parent 1133/1782: 2331 candidates, 413 capacity, 0 extendable (0.33s)
Level 3 parent 1134/1782: 2652 candidates, 532 capacity, 0 extendable (0.29s)
Level 3 parent 1135/1782: 2405 candidates, 562 capacity, 0 extendable (0.34s)
Level 3 parent 1136/1782: 2417 candidates, 892 capacity, 0 extendable (0.44s)
Level 3 parent 1137/1782: 2813 candidates, 1151 capacity, 0 extendable (0.42s)
Level 3 parent 1138/1782: 692 candidates, 380 capacity, 0 extendable (0.28s)
Level 3 parent 1139/1782: 2433 candidates, 1134 capacity, 0 extendable (0.56s)
Level 3 parent 1140/1782: 2337 candidates, 898 capacity, 0 extendable (0.48s)
Level 3 parent 1141/1782: 713 candidates, 445 capacity, 0 extendable (0.29s)
Level 3 parent 1142/1782: 2461 candidates, 730 capacity, 0 extendable (0.32s)
Level 3 parent 1143/1782: 706 candidates, 385 capacity, 0 extendable (0.29s)
Level 3 parent 1144/1782: 654 candidates, 231 capacity, 0 extendable (0.29s)
Level 3 parent 1145/1782: 2451 candidates, 551 capacity, 0 extendable (0.29s)
Level 3 parent 1146/1782: 2221 candidates, 330 capacity, 0 extendable (0.29s)
Level 3 parent 1147/1782: 602 candidates, 207 capacity, 0 extendable (0.24s)
Level 3 parent 1148/1782: 541 candidates, 202 capacity, 0 extendable (0.24s)
Level 3 parent 1149/1782: 2581 candidates, 669 capacity, 0 extendable (0.32s)
Level 3 parent 1150/1782: 2146 candidates, 240 capacity, 0 extendable (0.23s)
Level 3 parent 1151/1782: 664 candidates, 164 capacity, 0 extendable (0.23s)
Level 3 parent 1152/1782: 2319 candidates, 451 capacity, 0 extendable (0.34s)
Level 3 parent 1153/1782: 2488 candidates, 432 capacity, 0 extendable (0.27s)
Level 3 parent 1154/1782: 2624 candidates, 670 capacity, 0 extendable (0.34s)
Level 3 parent 1155/1782: 2588 candidates, 771 capacity, 0 extendable (0.27s)
Level 3 parent 1156/1782: 2360 candidates, 473 capacity, 0 extendable (0.27s)
Level 3 parent 1157/1782: 2389 candidates, 485 capacity, 0 extendable (0.27s)
Level 3 parent 1158/1782: 2713 candidates, 655 capacity, 0 extendable (0.32s)
Level 3 parent 1159/1782: 688 candidates, 146 capacity, 0 extendable (0.23s)
Level 3 parent 1160/1782: 640 candidates, 179 capacity, 0 extendable (0.36s)
Level 3 parent 1161/1782: 693 candidates, 345 capacity, 0 extendable (0.31s)
Level 3 parent 1162/1782: 2458 candidates, 614 capacity, 0 extendable (0.30s)
Level 3 parent 1163/1782: 2748 candidates, 1033 capacity, 0 extendable (0.31s)
Level 3 parent 1164/1782: 2646 candidates, 640 capacity, 0 extendable (0.29s)
Level 3 parent 1165/1782: 623 candidates, 267 capacity, 0 extendable (0.24s)
Level 3 parent 1166/1782: 707 candidates, 391 capacity, 0 extendable (0.30s)
Level 3 parent 1167/1782: 681 candidates, 299 capacity, 0 extendable (0.32s)
Level 3 parent 1168/1782: 2251 candidates, 525 capacity, 0 extendable (0.32s)
Level 3 parent 1169/1782: 615 candidates, 269 capacity, 0 extendable (0.28s)
Level 3 parent 1170/1782: 2288 candidates, 725 capacity, 0 extendable (0.38s)
Level 3 parent 1171/1782: 2173 candidates, 329 capacity, 0 extendable (0.36s)
Level 3 parent 1172/1782: 758 candidates, 258 capacity, 0 extendable (0.29s)
Level 3 parent 1173/1782: 2872 candidates, 917 capacity, 0 extendable (0.38s)
Level 3 parent 1174/1782: 628 candidates, 321 capacity, 0 extendable (0.38s)
Level 3 parent 1175/1782: 2510 candidates, 1005 capacity, 0 extendable (0.30s)
Level 3 parent 1176/1782: 579 candidates, 270 capacity, 0 extendable (0.27s)
Level 3 parent 1177/1782: 609 candidates, 216 capacity, 0 extendable (0.28s)
Level 3 parent 1178/1782: 2335 candidates, 1068 capacity, 0 extendable (0.42s)
Level 3 parent 1179/1782: 2252 candidates, 379 capacity, 0 extendable (0.36s)
Level 3 parent 1180/1782: 701 candidates, 273 capacity, 0 extendable (0.26s)
Level 3 parent 1181/1782: 2271 candidates, 487 capacity, 0 extendable (0.38s)
Level 3 parent 1182/1782: 2468 candidates, 550 capacity, 0 extendable (0.36s)
Level 3 parent 1183/1782: 2417 candidates, 587 capacity, 0 extendable (0.27s)
Level 3 parent 1184/1782: 2606 candidates, 500 capacity, 0 extendable (0.25s)
Level 3 parent 1185/1782: 594 candidates, 190 capacity, 0 extendable (0.22s)
Level 3 parent 1186/1782: 2436 candidates, 477 capacity, 0 extendable (0.28s)
Level 3 parent 1187/1782: 2446 candidates, 255 capacity, 0 extendable (0.26s)
Level 3 parent 1188/1782: 679 candidates, 149 capacity, 0 extendable (0.23s)
Level 3 parent 1189/1782: 2616 candidates, 946 capacity, 0 extendable (0.30s)
Level 3 parent 1190/1782: 2341 candidates, 447 capacity, 0 extendable (0.25s)
Level 3 parent 1191/1782: 2417 candidates, 509 capacity, 0 extendable (0.31s)
Level 3 parent 1192/1782: 653 candidates, 193 capacity, 0 extendable (0.23s)
Level 3 parent 1193/1782: 2629 candidates, 617 capacity, 0 extendable (0.27s)
Level 3 parent 1194/1782: 2281 candidates, 438 capacity, 0 extendable (0.25s)
Level 3 parent 1195/1782: 576 candidates, 274 capacity, 0 extendable (0.23s)
Level 3 parent 1196/1782: 2555 candidates, 483 capacity, 0 extendable (0.27s)
Level 3 parent 1197/1782: 2414 candidates, 804 capacity, 0 extendable (0.31s)
Level 3 parent 1198/1782: 695 candidates, 275 capacity, 0 extendable (0.25s)
Level 3 parent 1199/1782: 2616 candidates, 1007 capacity, 0 extendable (0.52s)
Level 3 parent 1200/1782: 2518 candidates, 615 capacity, 0 extendable (0.27s)
Level 3 parent 1201/1782: 667 candidates, 291 capacity, 0 extendable (0.28s)
Level 3 parent 1202/1782: 580 candidates, 250 capacity, 0 extendable (0.24s)
Level 3 parent 1203/1782: 2393 candidates, 261 capacity, 0 extendable (0.27s)
Level 3 parent 1204/1782: 682 candidates, 340 capacity, 0 extendable (0.31s)
Level 3 parent 1205/1782: 2362 candidates, 704 capacity, 0 extendable (0.30s)
Level 3 parent 1206/1782: 2413 candidates, 269 capacity, 0 extendable (0.25s)
Level 3 parent 1207/1782: 730 candidates, 239 capacity, 0 extendable (0.24s)
Level 3 parent 1208/1782: 700 candidates, 368 capacity, 0 extendable (0.26s)
Level 3 parent 1209/1782: 2680 candidates, 489 capacity, 0 extendable (0.28s)
Level 3 parent 1210/1782: 2498 candidates, 1112 capacity, 0 extendable (0.34s)
Level 3 parent 1211/1782: 2474 candidates, 541 capacity, 0 extendable (0.25s)
Level 3 parent 1212/1782: 698 candidates, 269 capacity, 0 extendable (0.26s)
Level 3 parent 1213/1782: 682 candidates, 314 capacity, 0 extendable (0.29s)
Level 3 parent 1214/1782: 2586 candidates, 725 capacity, 0 extendable (0.27s)
Level 3 parent 1215/1782: 662 candidates, 289 capacity, 0 extendable (0.24s)
Level 3 parent 1216/1782: 653 candidates, 301 capacity, 0 extendable (0.23s)
Level 3 parent 1217/1782: 2770 candidates, 764 capacity, 0 extendable (0.30s)
Level 3 parent 1218/1782: 2618 candidates, 938 capacity, 0 extendable (0.40s)
Level 3 parent 1219/1782: 581 candidates, 204 capacity, 0 extendable (0.31s)
Level 3 parent 1220/1782: 2483 candidates, 673 capacity, 0 extendable (0.42s)
Level 3 parent 1221/1782: 628 candidates, 176 capacity, 0 extendable (0.31s)
Level 3 parent 1222/1782: 493 candidates, 182 capacity, 0 extendable (0.26s)
Level 3 parent 1223/1782: 2296 candidates, 336 capacity, 0 extendable (0.34s)
Level 3 parent 1224/1782: 665 candidates, 263 capacity, 0 extendable (0.23s)
Level 3 parent 1225/1782: 2481 candidates, 593 capacity, 0 extendable (0.35s)
Level 3 parent 1226/1782: 2136 candidates, 147 capacity, 0 extendable (0.23s)
Level 3 parent 1227/1782: 580 candidates, 193 capacity, 0 extendable (0.23s)
Level 3 parent 1228/1782: 687 candidates, 239 capacity, 0 extendable (0.24s)
Level 3 parent 1229/1782: 2679 candidates, 545 capacity, 0 extendable (0.30s)
Level 3 parent 1230/1782: 2503 candidates, 586 capacity, 0 extendable (0.26s)
Level 3 parent 1231/1782: 2430 candidates, 635 capacity, 0 extendable (0.32s)
Level 3 parent 1232/1782: 682 candidates, 281 capacity, 0 extendable (0.27s)
Level 3 parent 1233/1782: 2439 candidates, 956 capacity, 0 extendable (0.44s)
Level 3 parent 1234/1782: 591 candidates, 219 capacity, 0 extendable (0.29s)
Level 3 parent 1235/1782: 2463 candidates, 479 capacity, 0 extendable (0.34s)
Level 3 parent 1236/1782: 703 candidates, 334 capacity, 0 extendable (0.26s)
Level 3 parent 1237/1782: 2482 candidates, 559 capacity, 0 extendable (0.30s)
Level 3 parent 1238/1782: 694 candidates, 394 capacity, 0 extendable (0.32s)
Level 3 parent 1239/1782: 2285 candidates, 448 capacity, 0 extendable (0.32s)
Level 3 parent 1240/1782: 622 candidates, 287 capacity, 0 extendable (0.24s)
Level 3 parent 1241/1782: 2563 candidates, 491 capacity, 0 extendable (0.26s)
Level 3 parent 1242/1782: 2593 candidates, 745 capacity, 0 extendable (0.34s)
Level 3 parent 1243/1782: 2403 candidates, 656 capacity, 0 extendable (0.31s)
Level 3 parent 1244/1782: 724 candidates, 270 capacity, 0 extendable (0.26s)
Level 3 parent 1245/1782: 2585 candidates, 633 capacity, 0 extendable (0.30s)
Level 3 parent 1246/1782: 624 candidates, 194 capacity, 0 extendable (0.22s)
Level 3 parent 1247/1782: 2381 candidates, 321 capacity, 0 extendable (0.23s)
Level 3 parent 1248/1782: 568 candidates, 129 capacity, 0 extendable (0.22s)
Level 3 parent 1249/1782: 552 candidates, 123 capacity, 0 extendable (0.23s)
Level 3 parent 1250/1782: 2247 candidates, 242 capacity, 0 extendable (0.26s)
Level 3 parent 1251/1782: 747 candidates, 329 capacity, 0 extendable (0.25s)
Level 3 parent 1252/1782: 655 candidates, 268 capacity, 0 extendable (0.28s)
Level 3 parent 1253/1782: 2384 candidates, 279 capacity, 0 extendable (0.25s)
Level 3 parent 1254/1782: 2431 candidates, 310 capacity, 0 extendable (0.27s)
Level 3 parent 1255/1782: 620 candidates, 240 capacity, 0 extendable (0.24s)
Level 3 parent 1256/1782: 2569 candidates, 933 capacity, 0 extendable (0.43s)
Level 3 parent 1257/1782: 2547 candidates, 867 capacity, 0 extendable (0.29s)
Level 3 parent 1258/1782: 2466 candidates, 418 capacity, 0 extendable (0.27s)
Level 3 parent 1259/1782: 2346 candidates, 356 capacity, 0 extendable (0.25s)
Level 3 parent 1260/1782: 2472 candidates, 452 capacity, 0 extendable (0.30s)
Level 3 parent 1261/1782: 2676 candidates, 1146 capacity, 0 extendable (0.38s)
Level 3 parent 1262/1782: 2442 candidates, 572 capacity, 0 extendable (0.31s)
Level 3 parent 1263/1782: 668 candidates, 336 capacity, 0 extendable (0.26s)
Level 3 parent 1264/1782: 2348 candidates, 246 capacity, 0 extendable (0.25s)
Level 3 parent 1265/1782: 2469 candidates, 609 capacity, 0 extendable (0.31s)
Level 3 parent 1266/1782: 611 candidates, 199 capacity, 0 extendable (0.24s)
Level 3 parent 1267/1782: 2522 candidates, 255 capacity, 0 extendable (0.26s)
Level 3 parent 1268/1782: 2311 candidates, 311 capacity, 0 extendable (0.28s)
Level 3 parent 1269/1782: 2446 candidates, 563 capacity, 0 extendable (0.47s)
Level 3 parent 1270/1782: 731 candidates, 353 capacity, 0 extendable (0.31s)
Level 3 parent 1271/1782: 628 candidates, 256 capacity, 0 extendable (0.25s)
Level 3 parent 1272/1782: 2402 candidates, 371 capacity, 0 extendable (0.25s)
Level 3 parent 1273/1782: 2785 candidates, 1285 capacity, 0 extendable (0.56s)
Level 3 parent 1274/1782: 703 candidates, 304 capacity, 0 extendable (0.24s)
Level 3 parent 1275/1782: 618 candidates, 221 capacity, 0 extendable (0.23s)
Level 3 parent 1276/1782: 2462 candidates, 577 capacity, 0 extendable (0.26s)
Level 3 parent 1277/1782: 2578 candidates, 618 capacity, 0 extendable (0.30s)
Level 3 parent 1278/1782: 2433 candidates, 889 capacity, 0 extendable (0.29s)
Level 3 parent 1279/1782: 2610 candidates, 627 capacity, 0 extendable (0.32s)
Level 3 parent 1280/1782: 2722 candidates, 964 capacity, 0 extendable (0.38s)
Level 3 parent 1281/1782: 2479 candidates, 865 capacity, 0 extendable (0.37s)
Level 3 parent 1282/1782: 2255 candidates, 295 capacity, 0 extendable (0.27s)
Level 3 parent 1283/1782: 661 candidates, 156 capacity, 0 extendable (0.24s)
Level 3 parent 1284/1782: 2407 candidates, 243 capacity, 0 extendable (0.24s)
Level 3 parent 1285/1782: 2304 candidates, 423 capacity, 0 extendable (0.26s)
Level 3 parent 1286/1782: 671 candidates, 186 capacity, 0 extendable (0.23s)
Level 3 parent 1287/1782: 2297 candidates, 186 capacity, 0 extendable (0.23s)
Level 3 parent 1288/1782: 2576 candidates, 444 capacity, 0 extendable (0.23s)
Level 3 parent 1289/1782: 2738 candidates, 275 capacity, 0 extendable (0.23s)
Level 3 parent 1290/1782: 2285 candidates, 787 capacity, 0 extendable (0.34s)
Level 3 parent 1291/1782: 486 candidates, 194 capacity, 0 extendable (0.25s)
Level 3 parent 1292/1782: 2417 candidates, 522 capacity, 0 extendable (0.26s)
Level 3 parent 1293/1782: 617 candidates, 303 capacity, 0 extendable (0.26s)
Level 3 parent 1294/1782: 2287 candidates, 559 capacity, 0 extendable (0.28s)
Level 3 parent 1295/1782: 2261 candidates, 434 capacity, 0 extendable (0.28s)
Level 3 parent 1296/1782: 2662 candidates, 967 capacity, 0 extendable (0.37s)
Level 3 parent 1297/1782: 2432 candidates, 542 capacity, 0 extendable (0.26s)
Level 3 parent 1298/1782: 2200 candidates, 312 capacity, 0 extendable (0.22s)
Level 3 parent 1299/1782: 2661 candidates, 540 capacity, 0 extendable (0.34s)
Level 3 parent 1300/1782: 2532 candidates, 578 capacity, 0 extendable (0.30s)
Level 3 parent 1301/1782: 590 candidates, 267 capacity, 0 extendable (0.25s)
Level 3 parent 1302/1782: 2333 candidates, 242 capacity, 0 extendable (0.23s)
Level 3 parent 1303/1782: 2592 candidates, 397 capacity, 0 extendable (0.23s)
Level 3 parent 1304/1782: 2666 candidates, 1127 capacity, 0 extendable (0.36s)
Level 3 parent 1305/1782: 2126 candidates, 203 capacity, 0 extendable (0.23s)
Level 3 parent 1306/1782: 620 candidates, 237 capacity, 0 extendable (0.22s)
Level 3 parent 1307/1782: 2197 candidates, 416 capacity, 0 extendable (0.23s)
Level 3 parent 1308/1782: 2287 candidates, 680 capacity, 0 extendable (0.24s)
Level 3 parent 1309/1782: 2904 candidates, 1044 capacity, 0 extendable (0.44s)
Level 3 parent 1310/1782: 2463 candidates, 774 capacity, 0 extendable (0.30s)
Level 3 parent 1311/1782: 2469 candidates, 289 capacity, 0 extendable (0.24s)
Level 3 parent 1312/1782: 827 candidates, 407 capacity, 0 extendable (0.31s)
Level 3 parent 1313/1782: 2139 candidates, 620 capacity, 0 extendable (0.24s)
Level 3 parent 1314/1782: 754 candidates, 369 capacity, 0 extendable (0.33s)
Level 3 parent 1315/1782: 2604 candidates, 571 capacity, 0 extendable (0.30s)
Level 3 parent 1316/1782: 2468 candidates, 400 capacity, 0 extendable (0.30s)
Level 3 parent 1317/1782: 2252 candidates, 438 capacity, 0 extendable (0.24s)
Level 3 parent 1318/1782: 2921 candidates, 1555 capacity, 0 extendable (0.34s)
Level 3 parent 1319/1782: 733 candidates, 364 capacity, 0 extendable (0.24s)
Level 3 parent 1320/1782: 632 candidates, 169 capacity, 0 extendable (0.23s)
Level 3 parent 1321/1782: 2484 candidates, 611 capacity, 0 extendable (0.30s)
Level 3 parent 1322/1782: 555 candidates, 198 capacity, 0 extendable (0.24s)
Level 3 parent 1323/1782: 2731 candidates, 774 capacity, 0 extendable (0.37s)
Level 3 parent 1324/1782: 753 candidates, 345 capacity, 0 extendable (0.29s)
Level 3 parent 1325/1782: 677 candidates, 287 capacity, 0 extendable (0.24s)
Level 3 parent 1326/1782: 708 candidates, 387 capacity, 0 extendable (0.29s)
Level 3 parent 1327/1782: 2522 candidates, 731 capacity, 0 extendable (0.29s)
Level 3 parent 1328/1782: 2209 candidates, 640 capacity, 0 extendable (0.30s)
Level 3 parent 1329/1782: 2529 candidates, 299 capacity, 0 extendable (0.25s)
Level 3 parent 1330/1782: 700 candidates, 267 capacity, 0 extendable (0.24s)
Level 3 parent 1331/1782: 2593 candidates, 441 capacity, 0 extendable (0.26s)
Level 3 parent 1332/1782: 2515 candidates, 405 capacity, 0 extendable (0.26s)
Level 3 parent 1333/1782: 2242 candidates, 570 capacity, 0 extendable (0.27s)
Level 3 parent 1334/1782: 2221 candidates, 215 capacity, 0 extendable (0.23s)
Level 3 parent 1335/1782: 2757 candidates, 737 capacity, 0 extendable (0.30s)
Level 3 parent 1336/1782: 658 candidates, 148 capacity, 0 extendable (0.23s)
Level 3 parent 1337/1782: 690 candidates, 383 capacity, 0 extendable (0.27s)
Level 3 parent 1338/1782: 2485 candidates, 537 capacity, 0 extendable (0.27s)
Level 3 parent 1339/1782: 700 candidates, 407 capacity, 0 extendable (0.24s)
Level 3 parent 1340/1782: 2653 candidates, 712 capacity, 0 extendable (0.25s)
Level 3 parent 1341/1782: 699 candidates, 256 capacity, 0 extendable (0.25s)
Level 3 parent 1342/1782: 2337 candidates, 904 capacity, 0 extendable (0.30s)
Level 3 parent 1343/1782: 517 candidates, 171 capacity, 0 extendable (0.23s)
Level 3 parent 1344/1782: 2285 candidates, 360 capacity, 0 extendable (0.24s)
Level 3 parent 1345/1782: 725 candidates, 212 capacity, 0 extendable (0.24s)
Level 3 parent 1346/1782: 602 candidates, 142 capacity, 0 extendable (0.22s)
Level 3 parent 1347/1782: 2339 candidates, 443 capacity, 0 extendable (0.26s)
Level 3 parent 1348/1782: 2300 candidates, 459 capacity, 0 extendable (0.27s)
Level 3 parent 1349/1782: 2276 candidates, 416 capacity, 0 extendable (0.24s)
Level 3 parent 1350/1782: 614 candidates, 245 capacity, 0 extendable (0.24s)
Level 3 parent 1351/1782: 679 candidates, 351 capacity, 0 extendable (0.26s)
Level 3 parent 1352/1782: 2321 candidates, 520 capacity, 0 extendable (0.29s)
Level 3 parent 1353/1782: 632 candidates, 271 capacity, 0 extendable (0.26s)
Level 3 parent 1354/1782: 2647 candidates, 907 capacity, 0 extendable (0.37s)
Level 3 parent 1355/1782: 2549 candidates, 542 capacity, 0 extendable (0.25s)
Level 3 parent 1356/1782: 668 candidates, 233 capacity, 0 extendable (0.24s)
Level 3 parent 1357/1782: 2480 candidates, 641 capacity, 0 extendable (0.26s)
Level 3 parent 1358/1782: 2196 candidates, 697 capacity, 0 extendable (0.33s)
Level 3 parent 1359/1782: 2362 candidates, 397 capacity, 0 extendable (0.26s)
Level 3 parent 1360/1782: 682 candidates, 314 capacity, 0 extendable (0.26s)
Level 3 parent 1361/1782: 2779 candidates, 599 capacity, 0 extendable (0.24s)
Level 3 parent 1362/1782: 2337 candidates, 544 capacity, 0 extendable (0.25s)
Level 3 parent 1363/1782: 633 candidates, 296 capacity, 0 extendable (0.25s)
Level 3 parent 1364/1782: 2748 candidates, 899 capacity, 0 extendable (0.33s)
Level 3 parent 1365/1782: 2096 candidates, 175 capacity, 0 extendable (0.22s)
Level 3 parent 1366/1782: 668 candidates, 234 capacity, 0 extendable (0.26s)
Level 3 parent 1367/1782: 2260 candidates, 628 capacity, 0 extendable (0.30s)
Level 3 parent 1368/1782: 2360 candidates, 345 capacity, 0 extendable (0.26s)
Level 3 parent 1369/1782: 568 candidates, 179 capacity, 0 extendable (0.22s)
Level 3 parent 1370/1782: 2459 candidates, 473 capacity, 0 extendable (0.23s)
Level 3 parent 1371/1782: 705 candidates, 339 capacity, 0 extendable (0.26s)
Level 3 parent 1372/1782: 2543 candidates, 707 capacity, 0 extendable (0.27s)
Level 3 parent 1373/1782: 2221 candidates, 592 capacity, 0 extendable (0.24s)
Level 3 parent 1374/1782: 2512 candidates, 873 capacity, 0 extendable (0.34s)
Level 3 parent 1375/1782: 2485 candidates, 881 capacity, 0 extendable (0.33s)
Level 3 parent 1376/1782: 572 candidates, 306 capacity, 0 extendable (0.24s)
Level 3 parent 1377/1782: 2698 candidates, 815 capacity, 0 extendable (0.33s)
Level 3 parent 1378/1782: 2616 candidates, 668 capacity, 0 extendable (0.36s)
Level 3 parent 1379/1782: 2444 candidates, 809 capacity, 0 extendable (0.32s)
Level 3 parent 1380/1782: 646 candidates, 323 capacity, 0 extendable (0.25s)
Level 3 parent 1381/1782: 2597 candidates, 938 capacity, 0 extendable (0.30s)
Level 3 parent 1382/1782: 2353 candidates, 766 capacity, 0 extendable (0.27s)
Level 3 parent 1383/1782: 644 candidates, 301 capacity, 0 extendable (0.23s)
Level 3 parent 1384/1782: 736 candidates, 478 capacity, 0 extendable (0.30s)
Level 3 parent 1385/1782: 2837 candidates, 1189 capacity, 0 extendable (0.42s)
Level 3 parent 1386/1782: 2632 candidates, 929 capacity, 0 extendable (0.29s)
Level 3 parent 1387/1782: 2570 candidates, 1002 capacity, 0 extendable (0.30s)
Level 3 parent 1388/1782: 718 candidates, 266 capacity, 0 extendable (0.26s)
Level 3 parent 1389/1782: 2443 candidates, 754 capacity, 0 extendable (0.29s)
Level 3 parent 1390/1782: 2691 candidates, 812 capacity, 0 extendable (0.28s)
Level 3 parent 1391/1782: 704 candidates, 371 capacity, 0 extendable (0.27s)
Level 3 parent 1392/1782: 657 candidates, 215 capacity, 0 extendable (0.26s)
Level 3 parent 1393/1782: 2543 candidates, 544 capacity, 0 extendable (0.24s)
Level 3 parent 1394/1782: 2487 candidates, 377 capacity, 0 extendable (0.26s)
Level 3 parent 1395/1782: 657 candidates, 267 capacity, 0 extendable (0.27s)
Level 3 parent 1396/1782: 667 candidates, 272 capacity, 0 extendable (0.27s)
Level 3 parent 1397/1782: 2929 candidates, 1015 capacity, 0 extendable (0.48s)
Level 3 parent 1398/1782: 655 candidates, 165 capacity, 0 extendable (0.23s)
Level 3 parent 1399/1782: 638 candidates, 169 capacity, 0 extendable (0.21s)
Level 3 parent 1400/1782: 589 candidates, 152 capacity, 0 extendable (0.22s)
Level 3 parent 1401/1782: 629 candidates, 247 capacity, 0 extendable (0.22s)
Level 3 parent 1402/1782: 634 candidates, 294 capacity, 0 extendable (0.24s)
Level 3 parent 1403/1782: 695 candidates, 165 capacity, 0 extendable (0.26s)
Level 3 parent 1404/1782: 709 candidates, 385 capacity, 0 extendable (0.24s)
Level 3 parent 1405/1782: 2527 candidates, 959 capacity, 0 extendable (0.47s)
Level 3 parent 1406/1782: 2514 candidates, 561 capacity, 0 extendable (0.30s)
Level 3 parent 1407/1782: 2634 candidates, 1028 capacity, 0 extendable (0.35s)
Level 3 parent 1408/1782: 2644 candidates, 705 capacity, 0 extendable (0.29s)
Level 3 parent 1409/1782: 2559 candidates, 702 capacity, 0 extendable (0.33s)
Level 3 parent 1410/1782: 607 candidates, 312 capacity, 0 extendable (0.25s)
Level 3 parent 1411/1782: 2182 candidates, 620 capacity, 0 extendable (0.27s)
Level 3 parent 1412/1782: 2544 candidates, 797 capacity, 0 extendable (0.31s)
Level 3 parent 1413/1782: 703 candidates, 287 capacity, 0 extendable (0.26s)
Level 3 parent 1414/1782: 670 candidates, 265 capacity, 0 extendable (0.25s)
Level 3 parent 1415/1782: 632 candidates, 188 capacity, 0 extendable (0.22s)
Level 3 parent 1416/1782: 2820 candidates, 1180 capacity, 0 extendable (0.34s)
Level 3 parent 1417/1782: 713 candidates, 358 capacity, 0 extendable (0.24s)
Level 3 parent 1418/1782: 2803 candidates, 1097 capacity, 0 extendable (0.29s)
Level 3 parent 1419/1782: 613 candidates, 315 capacity, 0 extendable (0.25s)
Level 3 parent 1420/1782: 2363 candidates, 669 capacity, 0 extendable (0.30s)
Level 3 parent 1421/1782: 2429 candidates, 539 capacity, 0 extendable (0.26s)
Level 3 parent 1422/1782: 647 candidates, 273 capacity, 0 extendable (0.25s)
Level 3 parent 1423/1782: 633 candidates, 171 capacity, 0 extendable (0.23s)
Level 3 parent 1424/1782: 2945 candidates, 978 capacity, 0 extendable (0.38s)
Level 3 parent 1425/1782: 723 candidates, 289 capacity, 0 extendable (0.25s)
Level 3 parent 1426/1782: 713 candidates, 337 capacity, 0 extendable (0.25s)
Level 3 parent 1427/1782: 2354 candidates, 395 capacity, 0 extendable (0.25s)
Level 3 parent 1428/1782: 2424 candidates, 621 capacity, 0 extendable (0.27s)
Level 3 parent 1429/1782: 2378 candidates, 492 capacity, 0 extendable (0.27s)
Level 3 parent 1430/1782: 639 candidates, 214 capacity, 0 extendable (0.23s)
Level 3 parent 1431/1782: 2402 candidates, 601 capacity, 0 extendable (0.25s)
Level 3 parent 1432/1782: 2518 candidates, 421 capacity, 0 extendable (0.28s)
Level 3 parent 1433/1782: 2765 candidates, 774 capacity, 0 extendable (0.30s)
Level 3 parent 1434/1782: 773 candidates, 404 capacity, 0 extendable (0.23s)
Level 3 parent 1435/1782: 2710 candidates, 819 capacity, 0 extendable (0.34s)
Level 3 parent 1436/1782: 762 candidates, 427 capacity, 0 extendable (0.26s)
Level 3 parent 1437/1782: 2406 candidates, 666 capacity, 0 extendable (0.30s)
Level 3 parent 1438/1782: 2095 candidates, 110 capacity, 0 extendable (0.22s)
Level 3 parent 1439/1782: 2283 candidates, 613 capacity, 0 extendable (0.29s)
Level 3 parent 1440/1782: 645 candidates, 260 capacity, 0 extendable (0.23s)
Level 3 parent 1441/1782: 2511 candidates, 780 capacity, 0 extendable (0.31s)
Level 3 parent 1442/1782: 2227 candidates, 676 capacity, 0 extendable (0.34s)
Level 3 parent 1443/1782: 771 candidates, 417 capacity, 0 extendable (0.27s)
Level 3 parent 1444/1782: 2404 candidates, 406 capacity, 0 extendable (0.25s)
Level 3 parent 1445/1782: 2382 candidates, 232 capacity, 0 extendable (0.24s)
Level 3 parent 1446/1782: 753 candidates, 303 capacity, 0 extendable (0.28s)
Level 3 parent 1447/1782: 2623 candidates, 996 capacity, 0 extendable (0.27s)
Level 3 parent 1448/1782: 2568 candidates, 880 capacity, 0 extendable (0.26s)
Level 3 parent 1449/1782: 2237 candidates, 776 capacity, 0 extendable (0.28s)
Level 3 parent 1450/1782: 682 candidates, 304 capacity, 0 extendable (0.31s)
Level 3 parent 1451/1782: 609 candidates, 194 capacity, 0 extendable (0.22s)
Level 3 parent 1452/1782: 2297 candidates, 341 capacity, 0 extendable (0.23s)
Level 3 parent 1453/1782: 588 candidates, 315 capacity, 0 extendable (0.27s)
Level 3 parent 1454/1782: 2815 candidates, 1096 capacity, 0 extendable (0.28s)
Level 3 parent 1455/1782: 726 candidates, 305 capacity, 0 extendable (0.24s)
Level 3 parent 1456/1782: 669 candidates, 331 capacity, 0 extendable (0.25s)
Level 3 parent 1457/1782: 2493 candidates, 930 capacity, 0 extendable (0.27s)
Level 3 parent 1458/1782: 698 candidates, 319 capacity, 0 extendable (0.26s)
Level 3 parent 1459/1782: 2275 candidates, 694 capacity, 0 extendable (0.29s)
Level 3 parent 1460/1782: 2438 candidates, 745 capacity, 0 extendable (0.23s)
Level 3 parent 1461/1782: 621 candidates, 151 capacity, 0 extendable (0.22s)
Level 3 parent 1462/1782: 610 candidates, 106 capacity, 0 extendable (0.22s)
Level 3 parent 1463/1782: 2567 candidates, 669 capacity, 0 extendable (0.46s)
Level 3 parent 1464/1782: 2460 candidates, 877 capacity, 0 extendable (0.49s)
Level 3 parent 1465/1782: 2250 candidates, 482 capacity, 0 extendable (0.26s)
Level 3 parent 1466/1782: 2157 candidates, 607 capacity, 0 extendable (0.25s)
Level 3 parent 1467/1782: 2048 candidates, 256 capacity, 0 extendable (0.24s)
Level 3 parent 1468/1782: 2423 candidates, 611 capacity, 0 extendable (0.29s)
Level 3 parent 1469/1782: 2542 candidates, 750 capacity, 0 extendable (0.29s)
Level 3 parent 1470/1782: 2752 candidates, 1161 capacity, 0 extendable (0.29s)
Level 3 parent 1471/1782: 2337 candidates, 699 capacity, 0 extendable (0.25s)
Level 3 parent 1472/1782: 2279 candidates, 1017 capacity, 0 extendable (0.37s)
Level 3 parent 1473/1782: 2627 candidates, 954 capacity, 0 extendable (0.32s)
Level 3 parent 1474/1782: 2553 candidates, 897 capacity, 0 extendable (0.32s)
Level 3 parent 1475/1782: 2323 candidates, 607 capacity, 0 extendable (0.30s)
Level 3 parent 1476/1782: 2576 candidates, 840 capacity, 0 extendable (0.37s)
Level 3 parent 1477/1782: 2425 candidates, 581 capacity, 0 extendable (0.26s)
Level 3 parent 1478/1782: 697 candidates, 278 capacity, 0 extendable (0.24s)
Level 3 parent 1479/1782: 746 candidates, 365 capacity, 0 extendable (0.26s)
Level 3 parent 1480/1782: 2773 candidates, 1036 capacity, 0 extendable (0.28s)
Level 3 parent 1481/1782: 2559 candidates, 800 capacity, 0 extendable (0.30s)
Level 3 parent 1482/1782: 2703 candidates, 613 capacity, 0 extendable (0.33s)
Level 3 parent 1483/1782: 2513 candidates, 484 capacity, 0 extendable (0.25s)
Level 3 parent 1484/1782: 2916 candidates, 840 capacity, 0 extendable (0.32s)
Level 3 parent 1485/1782: 753 candidates, 313 capacity, 0 extendable (0.26s)
Level 3 parent 1486/1782: 2503 candidates, 1361 capacity, 0 extendable (0.43s)
Level 3 parent 1487/1782: 2351 candidates, 704 capacity, 0 extendable (0.26s)
Level 3 parent 1488/1782: 686 candidates, 436 capacity, 0 extendable (0.25s)
Level 3 parent 1489/1782: 2418 candidates, 1376 capacity, 0 extendable (0.37s)
Level 3 parent 1490/1782: 2522 candidates, 958 capacity, 0 extendable (0.34s)
Level 3 parent 1491/1782: 2428 candidates, 859 capacity, 0 extendable (0.26s)
Level 3 parent 1492/1782: 2577 candidates, 749 capacity, 0 extendable (0.35s)
Level 3 parent 1493/1782: 702 candidates, 421 capacity, 0 extendable (0.26s)
Level 3 parent 1494/1782: 731 candidates, 328 capacity, 0 extendable (0.28s)
Level 3 parent 1495/1782: 2498 candidates, 607 capacity, 0 extendable (0.39s)
Level 3 parent 1496/1782: 640 candidates, 266 capacity, 0 extendable (0.23s)
Level 3 parent 1497/1782: 2669 candidates, 948 capacity, 0 extendable (0.33s)
Level 3 parent 1498/1782: 2514 candidates, 914 capacity, 0 extendable (0.27s)
Level 3 parent 1499/1782: 654 candidates, 308 capacity, 0 extendable (0.25s)
Level 3 parent 1500/1782: 650 candidates, 306 capacity, 0 extendable (0.22s)
Level 3 parent 1501/1782: 644 candidates, 328 capacity, 0 extendable (0.33s)
Level 3 parent 1502/1782: 724 candidates, 414 capacity, 0 extendable (0.28s)
Level 3 parent 1503/1782: 2657 candidates, 1446 capacity, 0 extendable (0.46s)
Level 3 parent 1504/1782: 784 candidates, 384 capacity, 0 extendable (0.33s)
Level 3 parent 1505/1782: 2768 candidates, 591 capacity, 0 extendable (0.39s)
Level 3 parent 1506/1782: 640 candidates, 416 capacity, 0 extendable (0.27s)
Level 3 parent 1507/1782: 2428 candidates, 405 capacity, 0 extendable (0.24s)
Level 3 parent 1508/1782: 724 candidates, 350 capacity, 0 extendable (0.25s)
Level 3 parent 1509/1782: 654 candidates, 288 capacity, 0 extendable (0.34s)
Level 3 parent 1510/1782: 670 candidates, 300 capacity, 0 extendable (0.23s)
Level 3 parent 1511/1782: 2611 candidates, 868 capacity, 0 extendable (0.43s)
Level 3 parent 1512/1782: 669 candidates, 254 capacity, 0 extendable (0.25s)
Level 3 parent 1513/1782: 616 candidates, 164 capacity, 0 extendable (0.25s)
Level 3 parent 1514/1782: 667 candidates, 177 capacity, 0 extendable (0.26s)
Level 3 parent 1515/1782: 2587 candidates, 514 capacity, 0 extendable (0.22s)
Level 3 parent 1516/1782: 2043 candidates, 427 capacity, 0 extendable (0.26s)
Level 3 parent 1517/1782: 2678 candidates, 942 capacity, 0 extendable (0.38s)
Level 3 parent 1518/1782: 2493 candidates, 588 capacity, 0 extendable (0.33s)
Level 3 parent 1519/1782: 2726 candidates, 578 capacity, 0 extendable (0.28s)
Level 3 parent 1520/1782: 732 candidates, 411 capacity, 0 extendable (0.31s)
Level 3 parent 1521/1782: 748 candidates, 428 capacity, 0 extendable (0.26s)
Level 3 parent 1522/1782: 714 candidates, 354 capacity, 0 extendable (0.28s)
Level 3 parent 1523/1782: 2754 candidates, 1234 capacity, 0 extendable (0.41s)
Level 3 parent 1524/1782: 2471 candidates, 1038 capacity, 0 extendable (0.33s)
Level 3 parent 1525/1782: 720 candidates, 385 capacity, 0 extendable (0.28s)
Level 3 parent 1526/1782: 2174 candidates, 884 capacity, 0 extendable (0.26s)
Level 3 parent 1527/1782: 2657 candidates, 852 capacity, 0 extendable (0.34s)
Level 3 parent 1528/1782: 2185 candidates, 523 capacity, 0 extendable (0.29s)
Level 3 parent 1529/1782: 2525 candidates, 801 capacity, 0 extendable (0.27s)
Level 3 parent 1530/1782: 2404 candidates, 426 capacity, 0 extendable (0.25s)
Level 3 parent 1531/1782: 2572 candidates, 505 capacity, 0 extendable (0.27s)
Level 3 parent 1532/1782: 659 candidates, 356 capacity, 0 extendable (0.25s)
Level 3 parent 1533/1782: 2662 candidates, 1087 capacity, 0 extendable (0.31s)
Level 3 parent 1534/1782: 2232 candidates, 224 capacity, 0 extendable (0.30s)
Level 3 parent 1535/1782: 2199 candidates, 334 capacity, 0 extendable (0.26s)
Level 3 parent 1536/1782: 624 candidates, 224 capacity, 0 extendable (0.23s)
Level 3 parent 1537/1782: 724 candidates, 474 capacity, 0 extendable (0.25s)
Level 3 parent 1538/1782: 2560 candidates, 274 capacity, 0 extendable (0.23s)
Level 3 parent 1539/1782: 2479 candidates, 602 capacity, 0 extendable (0.23s)
Level 3 parent 1540/1782: 2955 candidates, 1320 capacity, 0 extendable (0.31s)
Level 3 parent 1541/1782: 2640 candidates, 1072 capacity, 0 extendable (0.27s)
Level 3 parent 1542/1782: 2451 candidates, 473 capacity, 0 extendable (0.24s)
Level 3 parent 1543/1782: 714 candidates, 360 capacity, 0 extendable (0.26s)
Level 3 parent 1544/1782: 773 candidates, 387 capacity, 0 extendable (0.31s)
Level 3 parent 1545/1782: 2710 candidates, 843 capacity, 0 extendable (0.36s)
Level 3 parent 1546/1782: 2537 candidates, 824 capacity, 0 extendable (0.28s)
Level 3 parent 1547/1782: 744 candidates, 450 capacity, 0 extendable (0.27s)
Level 3 parent 1548/1782: 2396 candidates, 386 capacity, 0 extendable (0.21s)
Level 3 parent 1549/1782: 687 candidates, 285 capacity, 0 extendable (0.25s)
Level 3 parent 1550/1782: 640 candidates, 134 capacity, 0 extendable (0.25s)
Level 3 parent 1551/1782: 788 candidates, 108 capacity, 0 extendable (0.22s)
Level 3 parent 1552/1782: 629 candidates, 327 capacity, 0 extendable (0.27s)
Level 3 parent 1553/1782: 507 candidates, 68 capacity, 0 extendable (0.23s)
Level 3 parent 1554/1782: 618 candidates, 310 capacity, 0 extendable (0.24s)
Level 3 parent 1555/1782: 635 candidates, 239 capacity, 0 extendable (0.24s)
Level 3 parent 1556/1782: 636 candidates, 396 capacity, 0 extendable (0.25s)
Level 3 parent 1557/1782: 571 candidates, 257 capacity, 0 extendable (0.25s)
Level 3 parent 1558/1782: 565 candidates, 288 capacity, 0 extendable (0.25s)
Level 3 parent 1559/1782: 626 candidates, 305 capacity, 0 extendable (0.25s)
Level 3 parent 1560/1782: 566 candidates, 317 capacity, 0 extendable (0.24s)
Level 3 parent 1561/1782: 570 candidates, 149 capacity, 0 extendable (0.29s)
Level 3 parent 1562/1782: 678 candidates, 304 capacity, 0 extendable (0.25s)
Level 3 parent 1563/1782: 617 candidates, 330 capacity, 0 extendable (0.25s)
Level 3 parent 1564/1782: 636 candidates, 238 capacity, 0 extendable (0.22s)
Level 3 parent 1565/1782: 608 candidates, 270 capacity, 0 extendable (0.23s)
Level 3 parent 1566/1782: 607 candidates, 162 capacity, 0 extendable (0.22s)
Level 3 parent 1567/1782: 630 candidates, 158 capacity, 0 extendable (0.22s)
Level 3 parent 1568/1782: 699 candidates, 300 capacity, 0 extendable (0.23s)
Level 3 parent 1569/1782: 658 candidates, 328 capacity, 0 extendable (0.23s)
Level 3 parent 1570/1782: 705 candidates, 178 capacity, 0 extendable (0.21s)
Level 3 parent 1571/1782: 621 candidates, 256 capacity, 0 extendable (0.25s)
Level 3 parent 1572/1782: 701 candidates, 329 capacity, 0 extendable (0.25s)
Level 3 parent 1573/1782: 604 candidates, 142 capacity, 0 extendable (0.21s)
Level 3 parent 1574/1782: 614 candidates, 266 capacity, 0 extendable (0.22s)
Level 3 parent 1575/1782: 673 candidates, 215 capacity, 0 extendable (0.23s)
Level 3 parent 1576/1782: 548 candidates, 160 capacity, 0 extendable (0.22s)
Level 3 parent 1577/1782: 500 candidates, 148 capacity, 0 extendable (0.23s)
Level 3 parent 1578/1782: 536 candidates, 206 capacity, 0 extendable (0.22s)
Level 3 parent 1579/1782: 600 candidates, 285 capacity, 0 extendable (0.23s)
Level 3 parent 1580/1782: 658 candidates, 223 capacity, 0 extendable (0.22s)
Level 3 parent 1581/1782: 609 candidates, 85 capacity, 0 extendable (0.21s)
Level 3 parent 1582/1782: 654 candidates, 320 capacity, 0 extendable (0.23s)
Level 3 parent 1583/1782: 626 candidates, 187 capacity, 0 extendable (0.22s)
Level 3 parent 1584/1782: 614 candidates, 268 capacity, 0 extendable (0.24s)
Level 3 parent 1585/1782: 600 candidates, 218 capacity, 0 extendable (0.22s)
Level 3 parent 1586/1782: 593 candidates, 236 capacity, 0 extendable (0.24s)
Level 3 parent 1587/1782: 568 candidates, 158 capacity, 0 extendable (0.22s)
Level 3 parent 1588/1782: 626 candidates, 130 capacity, 0 extendable (0.22s)
Level 3 parent 1589/1782: 540 candidates, 211 capacity, 0 extendable (0.23s)
Level 3 parent 1590/1782: 604 candidates, 123 capacity, 0 extendable (0.22s)
Level 3 parent 1591/1782: 642 candidates, 203 capacity, 0 extendable (0.23s)
Level 3 parent 1592/1782: 569 candidates, 286 capacity, 0 extendable (0.24s)
Level 3 parent 1593/1782: 522 candidates, 178 capacity, 0 extendable (0.23s)
Level 3 parent 1594/1782: 702 candidates, 287 capacity, 0 extendable (0.29s)
Level 3 parent 1595/1782: 581 candidates, 210 capacity, 0 extendable (0.23s)
Level 3 parent 1596/1782: 588 candidates, 194 capacity, 0 extendable (0.22s)
Level 3 parent 1597/1782: 602 candidates, 177 capacity, 0 extendable (0.24s)
Level 3 parent 1598/1782: 591 candidates, 233 capacity, 0 extendable (0.23s)
Level 3 parent 1599/1782: 732 candidates, 364 capacity, 0 extendable (0.25s)
Level 3 parent 1600/1782: 668 candidates, 315 capacity, 0 extendable (0.24s)
Level 3 parent 1601/1782: 599 candidates, 150 capacity, 0 extendable (0.22s)
Level 3 parent 1602/1782: 539 candidates, 276 capacity, 0 extendable (0.27s)
Level 3 parent 1603/1782: 550 candidates, 230 capacity, 0 extendable (0.23s)
Level 3 parent 1604/1782: 588 candidates, 260 capacity, 0 extendable (0.24s)
Level 3 parent 1605/1782: 605 candidates, 239 capacity, 0 extendable (0.24s)
Level 3 parent 1606/1782: 622 candidates, 299 capacity, 0 extendable (0.24s)
Level 3 parent 1607/1782: 645 candidates, 190 capacity, 0 extendable (0.22s)
Level 3 parent 1608/1782: 551 candidates, 211 capacity, 0 extendable (0.24s)
Level 3 parent 1609/1782: 640 candidates, 280 capacity, 0 extendable (0.24s)
Level 3 parent 1610/1782: 680 candidates, 288 capacity, 0 extendable (0.29s)
Level 3 parent 1611/1782: 691 candidates, 180 capacity, 0 extendable (0.23s)
Level 3 parent 1612/1782: 623 candidates, 349 capacity, 0 extendable (0.26s)
Level 3 parent 1613/1782: 555 candidates, 111 capacity, 0 extendable (0.21s)
Level 3 parent 1614/1782: 583 candidates, 138 capacity, 0 extendable (0.21s)
Level 3 parent 1615/1782: 591 candidates, 290 capacity, 0 extendable (0.26s)
Level 3 parent 1616/1782: 542 candidates, 241 capacity, 0 extendable (0.22s)
Level 3 parent 1617/1782: 619 candidates, 226 capacity, 0 extendable (0.22s)
Level 3 parent 1618/1782: 633 candidates, 266 capacity, 0 extendable (0.23s)
Level 3 parent 1619/1782: 672 candidates, 381 capacity, 0 extendable (0.24s)
Level 3 parent 1620/1782: 665 candidates, 292 capacity, 0 extendable (0.25s)
Level 3 parent 1621/1782: 570 candidates, 224 capacity, 0 extendable (0.22s)
Level 3 parent 1622/1782: 594 candidates, 320 capacity, 0 extendable (0.24s)
Level 3 parent 1623/1782: 673 candidates, 299 capacity, 0 extendable (0.24s)
Level 3 parent 1624/1782: 560 candidates, 139 capacity, 0 extendable (0.22s)
Level 3 parent 1625/1782: 613 candidates, 165 capacity, 0 extendable (0.22s)
Level 3 parent 1626/1782: 604 candidates, 255 capacity, 0 extendable (0.22s)
Level 3 parent 1627/1782: 555 candidates, 191 capacity, 0 extendable (0.22s)
Level 3 parent 1628/1782: 582 candidates, 250 capacity, 0 extendable (0.24s)
Level 3 parent 1629/1782: 610 candidates, 98 capacity, 0 extendable (0.21s)
Level 3 parent 1630/1782: 694 candidates, 301 capacity, 0 extendable (0.23s)
Level 3 parent 1631/1782: 701 candidates, 426 capacity, 0 extendable (0.26s)
Level 3 parent 1632/1782: 701 candidates, 339 capacity, 0 extendable (0.25s)
Level 3 parent 1633/1782: 585 candidates, 156 capacity, 0 extendable (0.22s)
Level 3 parent 1634/1782: 569 candidates, 297 capacity, 0 extendable (0.24s)
Level 3 parent 1635/1782: 656 candidates, 270 capacity, 0 extendable (0.24s)
Level 3 parent 1636/1782: 663 candidates, 151 capacity, 0 extendable (0.21s)
Level 3 parent 1637/1782: 597 candidates, 280 capacity, 0 extendable (0.24s)
Level 3 parent 1638/1782: 721 candidates, 319 capacity, 0 extendable (0.22s)
Level 3 parent 1639/1782: 567 candidates, 139 capacity, 0 extendable (0.22s)
Level 3 parent 1640/1782: 638 candidates, 220 capacity, 0 extendable (0.23s)
Level 3 parent 1641/1782: 558 candidates, 268 capacity, 0 extendable (0.25s)
Level 3 parent 1642/1782: 574 candidates, 356 capacity, 0 extendable (0.26s)
Level 3 parent 1643/1782: 647 candidates, 340 capacity, 0 extendable (0.24s)
Level 3 parent 1644/1782: 716 candidates, 238 capacity, 0 extendable (0.22s)
Level 3 parent 1645/1782: 566 candidates, 332 capacity, 0 extendable (0.25s)
Level 3 parent 1646/1782: 567 candidates, 238 capacity, 0 extendable (0.24s)
Level 3 parent 1647/1782: 512 candidates, 232 capacity, 0 extendable (0.24s)
Level 3 parent 1648/1782: 632 candidates, 237 capacity, 0 extendable (0.23s)
Level 3 parent 1649/1782: 655 candidates, 293 capacity, 0 extendable (0.23s)
Level 3 parent 1650/1782: 575 candidates, 249 capacity, 0 extendable (0.23s)
Level 3 parent 1651/1782: 737 candidates, 276 capacity, 0 extendable (0.23s)
Level 3 parent 1652/1782: 729 candidates, 427 capacity, 0 extendable (0.30s)
Level 3 parent 1653/1782: 736 candidates, 315 capacity, 0 extendable (0.27s)
Level 3 parent 1654/1782: 590 candidates, 140 capacity, 0 extendable (0.22s)
Level 3 parent 1655/1782: 534 candidates, 122 capacity, 0 extendable (0.22s)
Level 3 parent 1656/1782: 546 candidates, 122 capacity, 0 extendable (0.22s)
Level 3 parent 1657/1782: 570 candidates, 150 capacity, 0 extendable (0.22s)
Level 3 parent 1658/1782: 583 candidates, 119 capacity, 0 extendable (0.21s)
Level 3 parent 1659/1782: 681 candidates, 311 capacity, 0 extendable (0.26s)
Level 3 parent 1660/1782: 662 candidates, 397 capacity, 0 extendable (0.24s)
Level 3 parent 1661/1782: 596 candidates, 322 capacity, 0 extendable (0.25s)
Level 3 parent 1662/1782: 661 candidates, 382 capacity, 0 extendable (0.25s)
Level 3 parent 1663/1782: 662 candidates, 328 capacity, 0 extendable (0.27s)
Level 3 parent 1664/1782: 629 candidates, 220 capacity, 0 extendable (0.25s)
Level 3 parent 1665/1782: 631 candidates, 281 capacity, 0 extendable (0.23s)
Level 3 parent 1666/1782: 591 candidates, 294 capacity, 0 extendable (0.24s)
Level 3 parent 1667/1782: 644 candidates, 343 capacity, 0 extendable (0.24s)
Level 3 parent 1668/1782: 651 candidates, 287 capacity, 0 extendable (0.24s)
Level 3 parent 1669/1782: 675 candidates, 263 capacity, 0 extendable (0.22s)
Level 3 parent 1670/1782: 678 candidates, 262 capacity, 0 extendable (0.23s)
Level 3 parent 1671/1782: 570 candidates, 213 capacity, 0 extendable (0.24s)
Level 3 parent 1672/1782: 605 candidates, 143 capacity, 0 extendable (0.22s)
Level 3 parent 1673/1782: 750 candidates, 361 capacity, 0 extendable (0.32s)
Level 3 parent 1674/1782: 653 candidates, 339 capacity, 0 extendable (0.26s)
Level 3 parent 1675/1782: 602 candidates, 237 capacity, 0 extendable (0.24s)
Level 3 parent 1676/1782: 572 candidates, 280 capacity, 0 extendable (0.23s)
Level 3 parent 1677/1782: 601 candidates, 126 capacity, 0 extendable (0.21s)
Level 3 parent 1678/1782: 643 candidates, 132 capacity, 0 extendable (0.21s)
Level 3 parent 1679/1782: 598 candidates, 161 capacity, 0 extendable (0.22s)
Level 3 parent 1680/1782: 584 candidates, 208 capacity, 0 extendable (0.22s)
Level 3 parent 1681/1782: 581 candidates, 127 capacity, 0 extendable (0.21s)
Level 3 parent 1682/1782: 654 candidates, 282 capacity, 0 extendable (0.22s)
Level 3 parent 1683/1782: 556 candidates, 216 capacity, 0 extendable (0.22s)
Level 3 parent 1684/1782: 554 candidates, 237 capacity, 0 extendable (0.24s)
Level 3 parent 1685/1782: 578 candidates, 204 capacity, 0 extendable (0.25s)
Level 3 parent 1686/1782: 715 candidates, 286 capacity, 0 extendable (0.23s)
Level 3 parent 1687/1782: 595 candidates, 123 capacity, 0 extendable (0.45s)
Level 3 parent 1688/1782: 642 candidates, 161 capacity, 0 extendable (0.85s)
Level 3 parent 1689/1782: 646 candidates, 187 capacity, 0 extendable (0.60s)
Level 3 parent 1690/1782: 618 candidates, 224 capacity, 0 extendable (0.22s)
Level 3 parent 1691/1782: 726 candidates, 340 capacity, 0 extendable (0.23s)
Level 3 parent 1692/1782: 614 candidates, 254 capacity, 0 extendable (0.22s)
Level 3 parent 1693/1782: 655 candidates, 324 capacity, 0 extendable (0.22s)
Level 3 parent 1694/1782: 556 candidates, 196 capacity, 0 extendable (0.21s)
Level 3 parent 1695/1782: 578 candidates, 266 capacity, 0 extendable (0.22s)
Level 3 parent 1696/1782: 595 candidates, 302 capacity, 0 extendable (0.23s)
Level 3 parent 1697/1782: 574 candidates, 110 capacity, 0 extendable (0.43s)
Level 3 parent 1698/1782: 643 candidates, 430 capacity, 0 extendable (0.26s)
Level 3 parent 1699/1782: 615 candidates, 161 capacity, 0 extendable (0.23s)
Level 3 parent 1700/1782: 568 candidates, 218 capacity, 0 extendable (0.23s)
Level 3 parent 1701/1782: 624 candidates, 269 capacity, 0 extendable (0.22s)
Level 3 parent 1702/1782: 603 candidates, 286 capacity, 0 extendable (0.21s)
Level 3 parent 1703/1782: 568 candidates, 331 capacity, 0 extendable (0.23s)
Level 3 parent 1704/1782: 522 candidates, 184 capacity, 0 extendable (0.21s)
Level 3 parent 1705/1782: 672 candidates, 330 capacity, 0 extendable (0.25s)
Level 3 parent 1706/1782: 663 candidates, 242 capacity, 0 extendable (0.23s)
Level 3 parent 1707/1782: 672 candidates, 394 capacity, 0 extendable (0.22s)
Level 3 parent 1708/1782: 645 candidates, 330 capacity, 0 extendable (0.24s)
Level 3 parent 1709/1782: 600 candidates, 263 capacity, 0 extendable (0.22s)
Level 3 parent 1710/1782: 729 candidates, 360 capacity, 0 extendable (0.24s)
Level 3 parent 1711/1782: 627 candidates, 215 capacity, 0 extendable (0.50s)
Level 3 parent 1712/1782: 651 candidates, 269 capacity, 0 extendable (0.80s)
Level 3 parent 1713/1782: 689 candidates, 254 capacity, 0 extendable (0.60s)
Level 3 parent 1714/1782: 712 candidates, 367 capacity, 0 extendable (0.86s)
Level 3 parent 1715/1782: 616 candidates, 195 capacity, 0 extendable (0.85s)
Level 3 parent 1716/1782: 660 candidates, 290 capacity, 0 extendable (0.73s)
Level 3 parent 1717/1782: 679 candidates, 365 capacity, 0 extendable (0.86s)
Level 3 parent 1718/1782: 633 candidates, 333 capacity, 0 extendable (1.29s)
Level 3 parent 1719/1782: 582 candidates, 131 capacity, 0 extendable (0.78s)
Level 3 parent 1720/1782: 580 candidates, 281 capacity, 0 extendable (0.75s)
Level 3 parent 1721/1782: 613 candidates, 350 capacity, 0 extendable (0.70s)
Level 3 parent 1722/1782: 575 candidates, 232 capacity, 0 extendable (0.70s)
Level 3 parent 1723/1782: 647 candidates, 308 capacity, 0 extendable (0.95s)
Level 3 parent 1724/1782: 644 candidates, 227 capacity, 0 extendable (0.82s)
Level 3 parent 1725/1782: 709 candidates, 229 capacity, 0 extendable (0.93s)
Level 3 parent 1726/1782: 673 candidates, 299 capacity, 0 extendable (0.86s)
Level 3 parent 1727/1782: 569 candidates, 257 capacity, 0 extendable (0.68s)
Level 3 parent 1728/1782: 654 candidates, 224 capacity, 0 extendable (0.86s)
Level 3 parent 1729/1782: 706 candidates, 362 capacity, 0 extendable (1.10s)
Level 3 parent 1730/1782: 569 candidates, 224 capacity, 0 extendable (0.73s)
Level 3 parent 1731/1782: 717 candidates, 177 capacity, 0 extendable (0.66s)
Level 3 parent 1732/1782: 597 candidates, 317 capacity, 0 extendable (0.89s)
Level 3 parent 1733/1782: 506 candidates, 206 capacity, 0 extendable (0.90s)
Level 3 parent 1734/1782: 572 candidates, 106 capacity, 0 extendable (0.91s)
Level 3 parent 1735/1782: 598 candidates, 252 capacity, 0 extendable (0.96s)
Level 3 parent 1736/1782: 662 candidates, 296 capacity, 0 extendable (0.97s)
Level 3 parent 1737/1782: 595 candidates, 148 capacity, 0 extendable (0.81s)
Level 3 parent 1738/1782: 688 candidates, 418 capacity, 0 extendable (0.71s)
Level 3 parent 1739/1782: 698 candidates, 292 capacity, 0 extendable (0.85s)
Level 3 parent 1740/1782: 635 candidates, 260 capacity, 0 extendable (0.87s)
Level 3 parent 1741/1782: 557 candidates, 327 capacity, 0 extendable (0.77s)
Level 3 parent 1742/1782: 644 candidates, 224 capacity, 0 extendable (0.99s)
Level 3 parent 1743/1782: 684 candidates, 220 capacity, 0 extendable (0.94s)
Level 3 parent 1744/1782: 637 candidates, 215 capacity, 0 extendable (1.07s)
Level 3 parent 1745/1782: 607 candidates, 263 capacity, 0 extendable (0.85s)
Level 3 parent 1746/1782: 713 candidates, 265 capacity, 0 extendable (0.77s)
Level 3 parent 1747/1782: 564 candidates, 224 capacity, 0 extendable (0.67s)
Level 3 parent 1748/1782: 586 candidates, 160 capacity, 0 extendable (0.64s)
Level 3 parent 1749/1782: 636 candidates, 158 capacity, 0 extendable (0.63s)
Level 3 parent 1750/1782: 577 candidates, 190 capacity, 0 extendable (0.56s)
Level 3 parent 1751/1782: 636 candidates, 359 capacity, 0 extendable (0.64s)
Level 3 parent 1752/1782: 568 candidates, 122 capacity, 0 extendable (0.53s)
Level 3 parent 1753/1782: 671 candidates, 104 capacity, 0 extendable (0.55s)
Level 3 parent 1754/1782: 636 candidates, 172 capacity, 0 extendable (0.59s)
Level 3 parent 1755/1782: 616 candidates, 114 capacity, 0 extendable (0.56s)
Level 3 parent 1756/1782: 586 candidates, 64 capacity, 0 extendable (0.43s)
Level 3 parent 1757/1782: 660 candidates, 273 capacity, 0 extendable (0.49s)
Level 3 parent 1758/1782: 460 candidates, 98 capacity, 0 extendable (0.49s)
Level 3 parent 1759/1782: 524 candidates, 52 capacity, 0 extendable (0.49s)
Level 3 parent 1760/1782: 630 candidates, 129 capacity, 0 extendable (0.47s)
Level 3 parent 1761/1782: 594 candidates, 223 capacity, 0 extendable (0.50s)
Level 3 parent 1762/1782: 528 candidates, 232 capacity, 0 extendable (0.50s)
Level 3 parent 1763/1782: 566 candidates, 236 capacity, 0 extendable (0.54s)
Level 3 parent 1764/1782: 536 candidates, 266 capacity, 0 extendable (0.49s)
Level 3 parent 1765/1782: 562 candidates, 262 capacity, 0 extendable (0.56s)
Level 3 parent 1766/1782: 574 candidates, 260 capacity, 0 extendable (0.48s)
Level 3 parent 1767/1782: 559 candidates, 216 capacity, 0 extendable (0.54s)
Level 3 parent 1768/1782: 599 candidates, 279 capacity, 0 extendable (0.45s)
Level 3 parent 1769/1782: 582 candidates, 187 capacity, 0 extendable (0.21s)
Level 3 parent 1770/1782: 608 candidates, 249 capacity, 0 extendable (0.24s)
Level 3 parent 1771/1782: 634 candidates, 203 capacity, 0 extendable (0.22s)
Level 3 parent 1772/1782: 468 candidates, 110 capacity, 0 extendable (0.22s)
Level 3 parent 1773/1782: 582 candidates, 198 capacity, 0 extendable (0.21s)
Level 3 parent 1774/1782: 599 candidates, 260 capacity, 0 extendable (0.23s)
Level 3 parent 1775/1782: 712 candidates, 274 capacity, 0 extendable (0.37s)
Level 3 parent 1776/1782: 640 candidates, 128 capacity, 0 extendable (0.20s)
Level 3 parent 1777/1782: 640 candidates, 260 capacity, 0 extendable (0.20s)
Level 3 parent 1778/1782: 621 candidates, 276 capacity, 0 extendable (0.24s)
Level 3 parent 1779/1782: 587 candidates, 216 capacity, 0 extendable (0.22s)
Level 3 parent 1780/1782: 602 candidates, 210 capacity, 0 extendable (0.20s)
Level 3 parent 1781/1782: 704 candidates, 332 capacity, 0 extendable (0.22s)
Level 3 parent 1782/1782: 618 candidates, 362 capacity, 0 extendable (0.21s)
Level 3: 7 CCZ classes
Level 4: 4 CCZ classes
Level 5: 5 completions, 3 CCZ classes; total 626.38s
